Name: CCTV-1, URL: https://www.freetv.top/migu/608807420.m3u8?migutoken=80908303af21bc464e188f7e6e33e325e8ac7cc103c5c0c6353cc836f0908085ba7e93a6689a2d96daf2f163fd9d3732ba71e1288a2e8bb2bf6ed82066df1e6eafbedc4ce9a9f3aa896c0e4cd9, From: subscribe, IPv_Type: ipv6, Location: 美国-加利福尼亚州-圣克拉拉, ISP: DigitalOcean, Date: None, Delay: 121 ms, Speed: 4.19 M/s, Resolution: 1920x1080
Name: CCTV-1, URL: https://www.freetv.top/migu/608807420.m3u8?migutoken=2a6c4fb9cc8f7f2e3b74e061cd6015c3fac382e2bed56fc0e7ec642cda0243f33539c8b831a81a788ef263a552c1fc2e83f85c3aca1c5ac20b670cab6b54dd26fb6cfd1adfd5a289207103e06b, From: subscribe, IPv_Type: ipv6, Location: 美国-加利福尼亚州-圣克拉拉, ISP: DigitalOcean, Date: None, Delay: 126 ms, Speed: 4.05 M/s, Resolution: 1920x1080
Name: CCTV-1, URL: http://www.freetv.top/migu/608807420.m3u8?migutoken=491f039071b1e5ca7ea22dab208a3373abd0aa38187ac74446778154f03126d09cf16f03bab30bbbe6b3654715b39584417cebbd010b1b65144b4d683dc814c330efffb70a09c7630ddbb49120, From: subscribe, IPv_Type: ipv6, Location: 美国-加利福尼亚州-圣克拉拉, ISP: DigitalOcean, Date: None, Delay: 70 ms, Speed: 6.61 M/s, Resolution: 1920x1080
Name: CCTV-1, URL: https://www.freetv.top/migu/608807420.m3u8?migutoken=701afbfc9d2f77d62a9cc2f9479ecde3db6cef36d454660b5d2f0ffb3a1017d0e04c2e19dcbb7c344d80cfb64e43e90dd66c458476898ee612d0e2e9261645fcfc0d32fb90cdf2021d89c4877a, From: subscribe, IPv_Type: ipv6, Location: 美国-加利福尼亚州-圣克拉拉, ISP: DigitalOcean, Date: None, Delay: 101 ms, Speed: 4.42 M/s, Resolution: 1920x1080
Name: CCTV-1, URL: https://www.freetv.top/migu/608807420.m3u8?migutoken=616bff0550349c6e67acff477cb46f9414058f2f80a6037f87e37174fab7a88ce43007f82993964b9222c5578037b6435c076ec1a3cd9712bffad24d5fb5293d9665b5fce5f6d1ec1012231552, From: subscribe, IPv_Type: ipv6, Location: 美国-加利福尼亚州-圣克拉拉, ISP: DigitalOcean, Date: None, Delay: 94 ms, Speed: 4.77 M/s, Resolution: 1920x1080
Name: CCTV-1, URL: https://www.freetv.top/migu/608807420.m3u8?migutoken=184a95f0cdaaf7c1f3c7b4cd06d432af7234562e68074726eac10898c158cf1eea49819ced71b5e3d2f3ea0023ff71f8062e39a0a92ffd236a2c1ef4a30ca7f3cb03548908d23e6c6d685437e2, From: subscribe, IPv_Type: ipv6, Location: 美国-加利福尼亚州-圣克拉拉, ISP: DigitalOcean, Date: None, Delay: 60 ms, Speed: 7.12 M/s, Resolution: 1920x1080
Name: CCTV-1, URL: https://migu.188766.xyz/?migutoken=d6f906e3a9ed246bf5804de18c7558d3&id=CCTV1&type=yy, From: subscribe, IPv_Type: ipv6, Location: 美国, ISP: CloudFlare Inc., Date: None, Delay: -1 ms, Speed: 0.00 M/s, Resolution: None
Name: CCTV-1, URL: https://iptv.catvod.com/live.php?id=CCTV-1, From: subscribe, IPv_Type: ipv6, Location: 美国, ISP: CloudFlare Inc., Date: None, Delay: -1 ms, Speed: 0.00 M/s, Resolution: None
Name: CCTV-1, URL: https://migu.188766.xyz/?migutoken=197edc287059e21454acaf0b7ef667bd&id=CCTV1&type=yy, From: subscribe, IPv_Type: ipv6, Location: 美国, ISP: CloudFlare Inc., Date: None, Delay: -1 ms, Speed: 0.00 M/s, Resolution: None
Name: CCTV-1, URL: https://migu.188766.xyz/?migutoken=aad6864c326f4bfd7b16cefd4097c870&id=CCTV1&type=yy, From: subscribe, IPv_Type: ipv6, Location: 美国, ISP: CloudFlare Inc., Date: None, Delay: -1 ms, Speed: 0.00 M/s, Resolution: None
Name: CCTV-1, URL: https://migu.188766.xyz/?migutoken=765aaa22f0a43a06a0c6ba3c51ee94c3&id=CCTV1&type=yy, From: subscribe, IPv_Type: ipv6, Location: 美国, ISP: CloudFlare Inc., Date: None, Delay: -1 ms, Speed: 0.00 M/s, Resolution: None
Name: CCTV-1, URL: https://migu.188766.xyz/?migutoken=f6f4cbca43639560e15dcee90bf812b3&id=CCTV1&type=yy, From: subscribe, IPv_Type: ipv6, Location: 美国, ISP: CloudFlare Inc., Date: None, Delay: -1 ms, Speed: 0.00 M/s, Resolution: None
Name: CCTV-1, URL: https://migu.188766.xyz/?migutoken=f4cb2067a7fa0ef87d9e8eb42d18c5d4&id=CCTV1&type=yy, From: subscribe, IPv_Type: ipv6, Location: 美国, ISP: CloudFlare Inc., Date: None, Delay: -1 ms, Speed: 0.00 M/s, Resolution: None
Name: CCTV-1, URL: https://migu.188766.xyz/?migutoken=ea00510ce7092447a39c6c1a8a30f447&id=CCTV1&type=yy, From: subscribe, IPv_Type: ipv6, Location: 美国, ISP: CloudFlare Inc., Date: None, Delay: -1 ms, Speed: 0.00 M/s, Resolution: None
Name: CCTV-1, URL: https://migu.188766.xyz/?migutoken=b26498583045e38cbcac1244f475cb67&id=CCTV1&type=yy, From: subscribe, IPv_Type: ipv6, Location: 美国, ISP: CloudFlare Inc., Date: None, Delay: -1 ms, Speed: 0.00 M/s, Resolution: None
Name: CCTV-1, URL: https://migu.188766.xyz/?migutoken=f26f6a915e2c9b60722636e99764e3ac&id=CCTV1&type=yy, From: subscribe, IPv_Type: ipv6, Location: 美国, ISP: CloudFlare Inc., Date: None, Delay: -1 ms, Speed: 0.00 M/s, Resolution: None
Name: CCTV-1, URL: https://migu.188766.xyz/?migutoken=984914a091dcf1df7ffe92b6f4156353&id=CCTV1&type=yy, From: subscribe, IPv_Type: ipv6, Location: 美国, ISP: CloudFlare Inc., Date: None, Delay: -1 ms, Speed: 0.00 M/s, Resolution: None
Name: CCTV-1, URL: https://migu.188766.xyz/?migutoken=635166baa1d9fb1720891b8c4e01e1bf&id=CCTV1&type=yy, From: subscribe, IPv_Type: ipv6, Location: 美国, ISP: CloudFlare Inc., Date: None, Delay: -1 ms, Speed: 0.00 M/s, Resolution: None
Name: CCTV-1, URL: https://migu.188766.xyz/?migutoken=d91ac2545a1c12b827c53a304a004659&id=CCTV1&type=yy, From: subscribe, IPv_Type: ipv6, Location: 美国, ISP: CloudFlare Inc., Date: None, Delay: -1 ms, Speed: 0.00 M/s, Resolution: None
Name: CCTV-1, URL: https://migu.188766.xyz/?migutoken=62434b336e40addc53f42cd2c96c5c9a&id=CCTV1&type=yy, From: subscribe, IPv_Type: ipv6, Location: 美国, ISP: CloudFlare Inc., Date: None, Delay: -1 ms, Speed: 0.00 M/s, Resolution: None
Name: CCTV-1, URL: https://migu.188766.xyz/?migutoken=32c5d39642839d14535f63453a09add4&id=CCTV1&type=yy, From: subscribe, IPv_Type: ipv6, Location: 美国, ISP: CloudFlare Inc., Date: None, Delay: -1 ms, Speed: 0.00 M/s, Resolution: None
Name: CCTV-1, URL: https://migu.188766.xyz/?migutoken=f88ac9cd4039e84a018e071e36c16237&id=CCTV1&type=yy, From: subscribe, IPv_Type: ipv6, Location: 美国, ISP: CloudFlare Inc., Date: None, Delay: -1 ms, Speed: 0.00 M/s, Resolution: None
Name: CCTV-1, URL: https://migu.188766.xyz/?migutoken=983e9f11d2c4154ddfba88273264e2c2&id=CCTV1&type=yy, From: subscribe, IPv_Type: ipv6, Location: 美国, ISP: CloudFlare Inc., Date: None, Delay: -1 ms, Speed: 0.00 M/s, Resolution: None
Name: CCTV-1, URL: https://migu.188766.xyz/?migutoken=6608104cc29a3440bb0acf08be877984&id=CCTV1&type=yy, From: subscribe, IPv_Type: ipv6, Location: 美国, ISP: CloudFlare Inc., Date: None, Delay: -1 ms, Speed: 0.00 M/s, Resolution: None
Name: CCTV-1, URL: https://migu.188766.xyz/?migutoken=cbd336b38a0582cfdac44d77a0785e2d&id=CCTV1&type=yy, From: subscribe, IPv_Type: ipv6, Location: 美国, ISP: CloudFlare Inc., Date: None, Delay: -1 ms, Speed: 0.00 M/s, Resolution: None
Name: CCTV-1, URL: https://migu.188766.xyz/?migutoken=ccdf3d3b124280cc19793e4ac0ae447e&id=CCTV1&type=yy, From: subscribe, IPv_Type: ipv6, Location: 美国, ISP: CloudFlare Inc., Date: None, Delay: -1 ms, Speed: 0.00 M/s, Resolution: None
Name: CCTV-1, URL: https://migu.188766.xyz/?migutoken=b0f2a4375c7867897e4a0a98a47f549b&id=CCTV1&type=yy, From: subscribe, IPv_Type: ipv6, Location: 美国, ISP: CloudFlare Inc., Date: None, Delay: -1 ms, Speed: 0.00 M/s, Resolution: None
Name: CCTV-1, URL: https://migu.188766.xyz/?migutoken=85bb138d7a8838e40e7cfe3ca2c3a221&id=CCTV1&type=yy, From: subscribe, IPv_Type: ipv6, Location: 美国, ISP: CloudFlare Inc., Date: None, Delay: -1 ms, Speed: 0.00 M/s, Resolution: None
Name: CCTV-1, URL: https://migu.188766.xyz/?migutoken=6b72d49b4ffaf354491e7f8294006708&id=CCTV1&type=yy, From: subscribe, IPv_Type: ipv6, Location: 美国, ISP: CloudFlare Inc., Date: None, Delay: -1 ms, Speed: 0.00 M/s, Resolution: None
Name: CCTV-1, URL: https://migu.188766.xyz/?migutoken=d44d4edc04221499efbd11adeecdd6f3&id=CCTV1&type=yy, From: subscribe, IPv_Type: ipv6, Location: 美国, ISP: CloudFlare Inc., Date: None, Delay: -1 ms, Speed: 0.00 M/s, Resolution: None
Name: CCTV-1, URL: https://migu.188766.xyz/?migutoken=47f47dd31d5a406fee52c83c4b3fce20&id=CCTV1&type=yy, From: subscribe, IPv_Type: ipv6, Location: 美国, ISP: CloudFlare Inc., Date: None, Delay: -1 ms, Speed: 0.00 M/s, Resolution: None
Name: CCTV-1, URL: https://migu.188766.xyz/?migutoken=ced1bffbc566336101ff0637f98a8ff2&id=CCTV1&type=yy, From: subscribe, IPv_Type: ipv6, Location: 美国, ISP: CloudFlare Inc., Date: None, Delay: -1 ms, Speed: 0.00 M/s, Resolution: None
Name: CCTV-1, URL: https://migu.188766.xyz/?migutoken=7af68c61402bba0c19f4d9327c0e0ebf&id=CCTV1&type=yy, From: subscribe, IPv_Type: ipv6, Location: 美国, ISP: CloudFlare Inc., Date: None, Delay: -1 ms, Speed: 0.00 M/s, Resolution: None
Name: CCTV-1, URL: https://migu.188766.xyz/?migutoken=cb41f280a790faf2c255b1610a642508&id=CCTV1&type=yy, From: subscribe, IPv_Type: ipv6, Location: 美国, ISP: CloudFlare Inc., Date: None, Delay: -1 ms, Speed: 0.00 M/s, Resolution: None
Name: CCTV-1, URL: https://migu.188766.xyz/?migutoken=21b8086e25ff6a85ff36eb3317f723a5&id=CCTV1&type=yy, From: subscribe, IPv_Type: ipv6, Location: 美国, ISP: CloudFlare Inc., Date: None, Delay: -1 ms, Speed: 0.00 M/s, Resolution: None
Name: CCTV-1, URL: https://t.freetv.fun/live/cctv1-1.m3u8, From: subscribe, IPv_Type: ipv6, Location: 美国, ISP: CloudFlare Inc., Date: None, Delay: -1 ms, Speed: 0.00 M/s, Resolution: None
Name: CCTV-1, URL: http://23.237.228.134/live5/CCTV1.m3u8, From: subscribe, IPv_Type: ipv4, Location: 北美地区, ISP: , Date: None, Delay: 107 ms, Speed: 24.78 M/s, Resolution: 1920x1080
Name: CCTV-1, URL: http://38.75.136.137:98/gslb/dsdqbv/cctv1hd.m3u8?auth=test20251009, From: subscribe, IPv_Type: ipv4, Location: 美国-伊利诺伊州-库克, ISP: Cogent, Date: None, Delay: 840 ms, Speed: 4.51 M/s, Resolution: 1920x1080
Name: CCTV-2, URL: https://www.freetv.top/migu/631780532.m3u8?migutoken=9bacb748dc772b1cfcddf6e6373e3319c6d82105f221862932e3b30a6dc4843c93ace2108ab1d598c2d89ef8eb4225888737ce5895be20612ea7753d025151b9a913bd6fc98ff7666da5979f1d, From: subscribe, IPv_Type: ipv6, Location: 美国-加利福尼亚州-圣克拉拉, ISP: DigitalOcean, Date: None, Delay: 128 ms, Speed: 4.57 M/s, Resolution: 1920x1080
Name: CCTV-2, URL: https://www.freetv.top/migu/631780532.m3u8?migutoken=6c76ed4394c8c43f88aac34dab811cbf99f0534dd0deb2fa6a2515925b7e3485de13876836fa6823e42f5c7304cfe44911416d7ad0312b8fbf012adfe4f735fd37abdd31a3b3e6f645512cd090, From: subscribe, IPv_Type: ipv6, Location: 美国-加利福尼亚州-圣克拉拉, ISP: DigitalOcean, Date: None, Delay: 100 ms, Speed: 5.30 M/s, Resolution: 1920x1080
Name: CCTV-2, URL: https://www.freetv.top/migu/631780532.m3u8?migutoken=3817ca50a762ff83bc8d334da331289af793521d8bb2de106288e3c7bfbd4f400da7b7a0d45e8e5f3908edbe997bc97435737ae08ccac404064b7de1ad9dd844f73147aa85407e91748754eaff, From: subscribe, IPv_Type: ipv6, Location: 美国-加利福尼亚州-圣克拉拉, ISP: DigitalOcean, Date: None, Delay: 72 ms, Speed: 6.59 M/s, Resolution: 1920x1080
Name: CCTV-2, URL: https://www.freetv.top/migu/631780532.m3u8?migutoken=bc1f11ad864868ebb56019151a09f0ade9d629390f012e89ad2c31cb551231423b6a35211bf66f1795cc6720a373c8637c1f0f6cff1e4f7cd112708179659abf6a2f71d1d9a8acc83d311b83ff, From: subscribe, IPv_Type: ipv6, Location: 美国-加利福尼亚州-圣克拉拉, ISP: DigitalOcean, Date: None, Delay: 67 ms, Speed: 6.91 M/s, Resolution: 1920x1080
Name: CCTV-2, URL: https://www.freetv.top/migu/631780532.m3u8?migutoken=f1ea6162bf184749e3dee945ef1c611efc841f280c1c972432874810b37debb4321af74f5ebcd6c41d7e0980cae4b591eaddcbd8a4b834c71491dbe3a6abacbbd5bcb2e9a43458f6987dbc3f23, From: subscribe, IPv_Type: ipv6, Location: 美国-加利福尼亚州-圣克拉拉, ISP: DigitalOcean, Date: None, Delay: 114 ms, Speed: 4.19 M/s, Resolution: 1920x1080
Name: CCTV-2, URL: https://migu.188766.xyz/?migutoken=e6d1071370e57bd5c9d1d93a0dc41207&id=CCTV2&type=yy, From: subscribe, IPv_Type: ipv6, Location: 美国, ISP: CloudFlare Inc., Date: None, Delay: -1 ms, Speed: 0.00 M/s, Resolution: None
Name: CCTV-2, URL: https://migu.188766.xyz/?migutoken=3efa7ddf6d4a62c5acc6a6f1963822c6&id=CCTV2&type=yy, From: subscribe, IPv_Type: ipv6, Location: 美国, ISP: CloudFlare Inc., Date: None, Delay: -1 ms, Speed: 0.00 M/s, Resolution: None
Name: CCTV-2, URL: https://migu.188766.xyz/?migutoken=5e0e5e761e7e8e4393b2c59980fba0ae&id=CCTV2&type=yy, From: subscribe, IPv_Type: ipv6, Location: 美国, ISP: CloudFlare Inc., Date: None, Delay: -1 ms, Speed: 0.00 M/s, Resolution: None
Name: CCTV-2, URL: https://iptv.catvod.com/live.php?id=CCTV-2, From: subscribe, IPv_Type: ipv6, Location: 美国, ISP: CloudFlare Inc., Date: None, Delay: -1 ms, Speed: 0.00 M/s, Resolution: None
Name: CCTV-2, URL: https://migu.188766.xyz/?migutoken=37e3077d48a5fdee2251347589c1cf63&id=CCTV2&type=yy, From: subscribe, IPv_Type: ipv6, Location: 美国, ISP: CloudFlare Inc., Date: None, Delay: -1 ms, Speed: 0.00 M/s, Resolution: None
Name: CCTV-2, URL: https://migu.188766.xyz/?migutoken=d812ee770e6067cc6208734ed656d557&id=CCTV2&type=yy, From: subscribe, IPv_Type: ipv6, Location: 美国, ISP: CloudFlare Inc., Date: None, Delay: -1 ms, Speed: 0.00 M/s, Resolution: None
Name: CCTV-2, URL: https://migu.188766.xyz/?migutoken=8565a6985b62542a73af0cffdf491ff8&id=CCTV2&type=yy, From: subscribe, IPv_Type: ipv6, Location: 美国, ISP: CloudFlare Inc., Date: None, Delay: -1 ms, Speed: 0.00 M/s, Resolution: None
Name: CCTV-2, URL: https://migu.188766.xyz/?migutoken=599c110e2818f9aca65635c52cd38cb8&id=CCTV2&type=yy, From: subscribe, IPv_Type: ipv6, Location: 美国, ISP: CloudFlare Inc., Date: None, Delay: -1 ms, Speed: 0.00 M/s, Resolution: None
Name: CCTV-2, URL: https://migu.188766.xyz/?migutoken=61f9ad222f6c97c78d74e587604210c6&id=CCTV2&type=yy, From: subscribe, IPv_Type: ipv6, Location: 美国, ISP: CloudFlare Inc., Date: None, Delay: -1 ms, Speed: 0.00 M/s, Resolution: None
Name: CCTV-2, URL: https://migu.188766.xyz/?migutoken=3138a4ce3cde8f6ae6b78f6d760b6eac&id=CCTV2&type=yy, From: subscribe, IPv_Type: ipv6, Location: 美国, ISP: CloudFlare Inc., Date: None, Delay: -1 ms, Speed: 0.00 M/s, Resolution: None
Name: CCTV-2, URL: https://migu.188766.xyz/?migutoken=c89d97eb90a082cfaa628671d1d5e45b&id=CCTV2&type=yy, From: subscribe, IPv_Type: ipv6, Location: 美国, ISP: CloudFlare Inc., Date: None, Delay: -1 ms, Speed: 0.00 M/s, Resolution: None
Name: CCTV-2, URL: https://migu.188766.xyz/?migutoken=c1ab3ac2bdd96afcd24d14b2f81db935&id=CCTV2&type=yy, From: subscribe, IPv_Type: ipv6, Location: 美国, ISP: CloudFlare Inc., Date: None, Delay: -1 ms, Speed: 0.00 M/s, Resolution: None
Name: CCTV-2, URL: https://migu.188766.xyz/?migutoken=3cd1d079b235a4e0177e453bd590a968&id=CCTV2&type=yy, From: subscribe, IPv_Type: ipv6, Location: 美国, ISP: CloudFlare Inc., Date: None, Delay: -1 ms, Speed: 0.00 M/s, Resolution: None
Name: CCTV-2, URL: https://migu.188766.xyz/?migutoken=42b8c0593578a212606068f67c378293&id=CCTV2&type=yy, From: subscribe, IPv_Type: ipv6, Location: 美国, ISP: CloudFlare Inc., Date: None, Delay: -1 ms, Speed: 0.00 M/s, Resolution: None
Name: CCTV-2, URL: https://migu.188766.xyz/?migutoken=cb07d92d1dcf92a07f71c05669ad62a0&id=CCTV2&type=yy, From: subscribe, IPv_Type: ipv6, Location: 美国, ISP: CloudFlare Inc., Date: None, Delay: -1 ms, Speed: 0.00 M/s, Resolution: None
Name: CCTV-2, URL: https://migu.188766.xyz/?migutoken=c64ca8b6de6fea0e2eb2739b03056b50&id=CCTV2&type=yy, From: subscribe, IPv_Type: ipv6, Location: 美国, ISP: CloudFlare Inc., Date: None, Delay: -1 ms, Speed: 0.00 M/s, Resolution: None
Name: CCTV-2, URL: https://migu.188766.xyz/?migutoken=6181b629a913689dad1592e219bf0023&id=CCTV2&type=yy, From: subscribe, IPv_Type: ipv6, Location: 美国, ISP: CloudFlare Inc., Date: None, Delay: -1 ms, Speed: 0.00 M/s, Resolution: None
Name: CCTV-2, URL: https://migu.188766.xyz/?migutoken=bb758a8aaf58edf9913d991ef4277b47&id=CCTV2&type=yy, From: subscribe, IPv_Type: ipv6, Location: 美国, ISP: CloudFlare Inc., Date: None, Delay: -1 ms, Speed: 0.00 M/s, Resolution: None
Name: CCTV-2, URL: https://migu.188766.xyz/?migutoken=187ee96cabc122357793610749cd0d3b&id=CCTV2&type=yy, From: subscribe, IPv_Type: ipv6, Location: 美国, ISP: CloudFlare Inc., Date: None, Delay: -1 ms, Speed: 0.00 M/s, Resolution: None
Name: CCTV-2, URL: https://migu.188766.xyz/?migutoken=b7d7b6347997f6bd94d976ec03579798&id=CCTV2&type=yy, From: subscribe, IPv_Type: ipv6, Location: 美国, ISP: CloudFlare Inc., Date: None, Delay: -1 ms, Speed: 0.00 M/s, Resolution: None
Name: CCTV-2, URL: https://migu.188766.xyz/?migutoken=7c63b0abe8741597021da394e631b72d&id=CCTV2&type=yy, From: subscribe, IPv_Type: ipv6, Location: 美国, ISP: CloudFlare Inc., Date: None, Delay: -1 ms, Speed: 0.00 M/s, Resolution: None
Name: CCTV-2, URL: https://migu.188766.xyz/?migutoken=0fadcfab529845b2ab6e5e07e7aac8c6&id=CCTV2&type=yy, From: subscribe, IPv_Type: ipv6, Location: 美国, ISP: CloudFlare Inc., Date: None, Delay: -1 ms, Speed: 0.00 M/s, Resolution: None
Name: CCTV-2, URL: http://pull-flv-f1.douyincdn.com/media/stream-695106910011261612.flv?arch_hrchy=w1&exp_hrchy=w1&keeptime=00093a80&major_anchor_level=common&t_id=037-20260114100308192594C57677D9CCE8DA-vujvxt&unique_id=stream-695106910011261612_684_flv&wsSecret=fc06766784777da294247d06ae30f581&wsTime=6966f95d, From: subscribe, IPv_Type: ipv6, Location: 加拿大, ISP: , Date: None, Delay: -1 ms, Speed: 0.00 M/s, Resolution: None
Name: CCTV-2, URL: https://migu.188766.xyz/?migutoken=3e29bb687e253c01cfd99355021a38b8&id=CCTV2&type=yy, From: subscribe, IPv_Type: ipv6, Location: 美国, ISP: CloudFlare Inc., Date: None, Delay: -1 ms, Speed: 0.00 M/s, Resolution: None
Name: CCTV-2, URL: https://migu.188766.xyz/?migutoken=b72679cba89ed5256fd92a42084739cf&id=CCTV2&type=yy, From: subscribe, IPv_Type: ipv6, Location: 美国, ISP: CloudFlare Inc., Date: None, Delay: -1 ms, Speed: 0.00 M/s, Resolution: None
Name: CCTV-2, URL: https://migu.188766.xyz/?migutoken=dfd11c9cdd8699404be2cf2060ff6a79&id=CCTV2&type=yy, From: subscribe, IPv_Type: ipv6, Location: 美国, ISP: CloudFlare Inc., Date: None, Delay: -1 ms, Speed: 0.00 M/s, Resolution: None
Name: CCTV-2, URL: http://pull-flv-f1.douyincdn.com/media/stream-695106910011261612.flv?arch_hrchy=w1&exp_hrchy=w1&keeptime=00093a80&major_anchor_level=common&t_id=037-202601211138448FA9B998510F771A8747-9PrRHC&unique_id=stream-695106910011261612_684_flv&wsSecret=258653137fb1ed334218de18f528adaa&wsTime=69704a44, From: subscribe, IPv_Type: ipv6, Location: 加拿大, ISP: , Date: None, Delay: -1 ms, Speed: 0.00 M/s, Resolution: None
Name: CCTV-2, URL: https://migu.188766.xyz/?migutoken=d5695aec079009e280c170ac41561d2f&id=CCTV2&type=yy, From: subscribe, IPv_Type: ipv6, Location: 美国, ISP: CloudFlare Inc., Date: None, Delay: -1 ms, Speed: 0.00 M/s, Resolution: None
Name: CCTV-2, URL: https://migu.188766.xyz/?migutoken=2f9179f7ae9aa90df1bf10c1ffa25556&id=CCTV2&type=yy, From: subscribe, IPv_Type: ipv6, Location: 美国, ISP: CloudFlare Inc., Date: None, Delay: -1 ms, Speed: 0.00 M/s, Resolution: None
Name: CCTV-2, URL: https://migu.188766.xyz/?migutoken=f07918a350fcb94329e446772eb845e4&id=CCTV2&type=yy, From: subscribe, IPv_Type: ipv6, Location: 美国, ISP: CloudFlare Inc., Date: None, Delay: -1 ms, Speed: 0.00 M/s, Resolution: None
Name: CCTV-2, URL: https://migu.188766.xyz/?migutoken=bf1df21525cc75bb37f070a011bc4ab3&id=CCTV2&type=yy, From: subscribe, IPv_Type: ipv6, Location: 美国, ISP: CloudFlare Inc., Date: None, Delay: -1 ms, Speed: 0.00 M/s, Resolution: None
Name: CCTV-2, URL: https://t.freetv.fun/live/cctv2-cai-jing-3.php, From: subscribe, IPv_Type: ipv6, Location: 美国, ISP: CloudFlare Inc., Date: None, Delay: -1 ms, Speed: 0.00 M/s, Resolution: None
Name: CCTV-2, URL: http://23.237.228.134/live5/CCTV2.m3u8, From: subscribe, IPv_Type: ipv4, Location: 北美地区, ISP: , Date: None, Delay: 121 ms, Speed: 24.12 M/s, Resolution: 1920x1080
Name: CCTV-2, URL: http://38.75.136.137:98/gslb/dsdqbv/cctv2hd.m3u8?auth=test20251009, From: subscribe, IPv_Type: ipv4, Location: 美国-伊利诺伊州-库克, ISP: Cogent, Date: None, Delay: 813 ms, Speed: 4.65 M/s, Resolution: 1920x1080
Name: CCTV-2, URL: http://pull-flv-f11.douyincdn.com/media/stream-695106910011261612.flv?arch_hrchy=w1&exp_hrchy=w1&expire=1770014656&major_anchor_level=common&sign=48f3509f25d6d54030f37837f0882293&t_id=037-202601261444154AF9E571813B527DA2AA-HGx1i8&unique_id=stream-695106910011261612_684_flv, From: subscribe, IPv_Type: ipv4, Location: 日本, ISP: , Date: None, Delay: 135 ms, Speed: 0.53 M/s, Resolution: 1920x1080
Name: CCTV-3, URL: https://www.freetv.top/migu/624878271.m3u8?migutoken=ab337350191d49738c0947c4edfb2d72445dadbfd53e36b287a30881028262fffbe9ba284ac062a14452f0d90c7a75d16101edb3adc14999ae8771aabc77b40c78d14137bb14e68fd6cd1a8d67, From: subscribe, IPv_Type: ipv6, Location: 美国-加利福尼亚州-圣克拉拉, ISP: DigitalOcean, Date: None, Delay: 113 ms, Speed: 3.87 M/s, Resolution: 1920x1080
Name: CCTV-3, URL: https://www.freetv.top/migu/624878271.m3u8?migutoken=cc5fda32f92c3778b4ec917c6edfddfb427acd161372f4acf6deb16520a123904ce79198d9cf1f7cc96dea7795d561a75b2b3581a0bfcffa303d18f45a217ff78e8dcdaf915667846e1465145a, From: subscribe, IPv_Type: ipv6, Location: 美国-加利福尼亚州-圣克拉拉, ISP: DigitalOcean, Date: None, Delay: 100 ms, Speed: 6.18 M/s, Resolution: 1920x1080
Name: CCTV-3, URL: https://www.freetv.top/migu/624878271.m3u8?migutoken=583eb8c5c48e5b14a4f782b43058efc16d128e0d4fa47e5b0814dfe842c8a8951d803a45a71656bc7fff6ba305cfbcd3d55909a119e8d9c1456b3842378e809ded8d3aa6cd633c2eadcab87259, From: subscribe, IPv_Type: ipv6, Location: 美国-加利福尼亚州-圣克拉拉, ISP: DigitalOcean, Date: None, Delay: 105 ms, Speed: 5.25 M/s, Resolution: 1920x1080
Name: CCTV-3, URL: https://www.freetv.top/migu/624878271.m3u8?migutoken=ca824f02f6213b64bc94ece82f051a14d6b4b3a0a87493655d302b6c76e29668b57118071931e320faddacacabcb320684e805e3e5b3fdd4465a65f9bc6eac1ff4f24f1c0cde6a2a5cd9a8553a, From: subscribe, IPv_Type: ipv6, Location: 美国-加利福尼亚州-圣克拉拉, ISP: DigitalOcean, Date: None, Delay: 118 ms, Speed: 4.36 M/s, Resolution: 1920x1080
Name: CCTV-3, URL: https://www.freetv.top/migu/624878271.m3u8?migutoken=d2f5e7c9e37c0b31c1e675570e64cff15a1f3d4cc205147b55d1c5c9bb6dabbe7f90a086a034b81e426ec6972d34b1a781ff13dc117f082e339a9ed2a182bf981810fdf1dcec27a84fadf629e3, From: subscribe, IPv_Type: ipv6, Location: 美国-加利福尼亚州-圣克拉拉, ISP: DigitalOcean, Date: None, Delay: 113 ms, Speed: 3.81 M/s, Resolution: 1920x1080
Name: CCTV-3, URL: https://www.freetv.top/migu/624878271.m3u8?migutoken=e8d38daa280e2049e79abdee2d8546a2afea5b9e9c1a4713b05154116ba5f1133b046c7d4d52fcc0fda414c2208c7aa3a4cf2572926916023730b040718b8a6022093ebfc572f0ea281f1bb0b4, From: subscribe, IPv_Type: ipv6, Location: 美国-加利福尼亚州-圣克拉拉, ISP: DigitalOcean, Date: None, Delay: 106 ms, Speed: 4.13 M/s, Resolution: 1920x1080
Name: CCTV-3, URL: https://www.freetv.top/migu/624878271.m3u8?migutoken=6051cf0f824b7432a7e38cb90b50dbc8d5f9dbc684d357663ae821fb87ae233a45772b235431568e910e14c17b7496429d23d2b4b3501692941d1e6d364b2e35ccf5890eb0c31743c5dffaa2ef, From: subscribe, IPv_Type: ipv6, Location: 美国-加利福尼亚州-圣克拉拉, ISP: DigitalOcean, Date: None, Delay: 71 ms, Speed: 6.44 M/s, Resolution: 1920x1080
Name: CCTV-3, URL: https://www.freetv.top/migu/624878271.m3u8?migutoken=26f112920b7d750d5c237dcfeea880c9e4f73d9f9c90ed6628cd1e3b0e4c1424eb700fa97ef3b1a8d3676d047db35285709219d8e971f98e2b095ef2d7c3c343a9df476c13a0daee16c74e7478, From: subscribe, IPv_Type: ipv6, Location: 美国-加利福尼亚州-圣克拉拉, ISP: DigitalOcean, Date: None, Delay: 72 ms, Speed: 5.65 M/s, Resolution: 1920x1080
Name: CCTV-3, URL: https://www.freetv.top/migu/624878271.m3u8?migutoken=51e795d34fc334fbfef3a00a9e095b441f8925223bf27482f2ced0a43e8533d469a5ced1cafaef5b17edf9089617ff31ded949f9e74e8844747cb04332f3d81a317734e4e8f189538db2f108a7, From: subscribe, IPv_Type: ipv6, Location: 美国-加利福尼亚州-圣克拉拉, ISP: DigitalOcean, Date: None, Delay: 73 ms, Speed: 6.66 M/s, Resolution: 1920x1080
Name: CCTV-3, URL: https://www.freetv.top/migu/624878271.m3u8?migutoken=2d13be95db5e58e97f6fa8da49abb89867168be140fac8df0accbbab11e6fc7f6e78cdef9168ed3f65951dadc9feafdc5ede7bbcc43c0d4c7f9510c146a2309333483f883a0be4b76da20ed280, From: subscribe, IPv_Type: ipv6, Location: 美国-加利福尼亚州-圣克拉拉, ISP: DigitalOcean, Date: None, Delay: 79 ms, Speed: 5.51 M/s, Resolution: 1920x1080
Name: CCTV-3, URL: http://www.freetv.top/migu/624878271.m3u8?migutoken=21306af96cf9259457600792df858b0d339bc7203aeb7e1a6ee6ec6ec3832a2736936029fe2583dcf971676870fdf0afbdee5be786e50af2ac6a8825673cc860d7988f44d0c5c4bc1931259698, From: subscribe, IPv_Type: ipv6, Location: 美国-加利福尼亚州-圣克拉拉, ISP: DigitalOcean, Date: None, Delay: 78 ms, Speed: 5.99 M/s, Resolution: 1920x1080
Name: CCTV-3, URL: https://migu.188766.xyz/?migutoken=f61e08bd5484632682efc5b023b37ced&id=CCTV3&type=yy, From: subscribe, IPv_Type: ipv6, Location: 美国, ISP: CloudFlare Inc., Date: None, Delay: -1 ms, Speed: 0.00 M/s, Resolution: None
Name: CCTV-3, URL: https://migu.188766.xyz/?migutoken=b4ef4267d9833d951577bc3ebe742401&id=CCTV3&type=yy, From: subscribe, IPv_Type: ipv6, Location: 美国, ISP: CloudFlare Inc., Date: None, Delay: -1 ms, Speed: 0.00 M/s, Resolution: None
Name: CCTV-3, URL: https://migu.188766.xyz/?migutoken=ef2a15197bc630693e6dc7c5e9e4ff06&id=CCTV3&type=yy, From: subscribe, IPv_Type: ipv6, Location: 美国, ISP: CloudFlare Inc., Date: None, Delay: -1 ms, Speed: 0.00 M/s, Resolution: None
Name: CCTV-3, URL: https://migu.188766.xyz/?migutoken=faee9b6d7e7df345153cb0cc5fec9599&id=CCTV3&type=yy, From: subscribe, IPv_Type: ipv6, Location: 美国, ISP: CloudFlare Inc., Date: None, Delay: -1 ms, Speed: 0.00 M/s, Resolution: None
Name: CCTV-3, URL: https://migu.188766.xyz/?migutoken=0821839c1daee1a7fb479aeb687a9f42&id=CCTV3&type=yy, From: subscribe, IPv_Type: ipv6, Location: 美国, ISP: CloudFlare Inc., Date: None, Delay: -1 ms, Speed: 0.00 M/s, Resolution: None
Name: CCTV-3, URL: https://migu.188766.xyz/?migutoken=8ca6ecf6cc7a750756978de10a9afd4c&id=CCTV3&type=yy, From: subscribe, IPv_Type: ipv6, Location: 美国, ISP: CloudFlare Inc., Date: None, Delay: -1 ms, Speed: 0.00 M/s, Resolution: None
Name: CCTV-3, URL: https://migu.188766.xyz/?migutoken=f115dfbec7a6bf3e44a33d110f1ce62f&id=CCTV3&type=yy, From: subscribe, IPv_Type: ipv6, Location: 美国, ISP: CloudFlare Inc., Date: None, Delay: -1 ms, Speed: 0.00 M/s, Resolution: None
Name: CCTV-3, URL: https://migu.188766.xyz/?migutoken=1535e07a68c9ed5a9e1e1a73e310605e&id=CCTV3&type=yy, From: subscribe, IPv_Type: ipv6, Location: 美国, ISP: CloudFlare Inc., Date: None, Delay: -1 ms, Speed: 0.00 M/s, Resolution: None
Name: CCTV-3, URL: https://iptv.catvod.com/live.php?id=CCTV-3, From: subscribe, IPv_Type: ipv6, Location: 美国, ISP: CloudFlare Inc., Date: None, Delay: -1 ms, Speed: 0.00 M/s, Resolution: None
Name: CCTV-3, URL: https://migu.188766.xyz/?migutoken=b5d1064d07538727ec6f233c562dd7fd&id=CCTV3&type=yy, From: subscribe, IPv_Type: ipv6, Location: 美国, ISP: CloudFlare Inc., Date: None, Delay: -1 ms, Speed: 0.00 M/s, Resolution: None
Name: CCTV-3, URL: https://migu.188766.xyz/?migutoken=6f36861ad28db8b87bcf796821ebcdda&id=CCTV3&type=yy, From: subscribe, IPv_Type: ipv6, Location: 美国, ISP: CloudFlare Inc., Date: None, Delay: -1 ms, Speed: 0.00 M/s, Resolution: None
Name: CCTV-3, URL: https://migu.188766.xyz/?migutoken=aa9cf6475bb176ba1aa23d6f9cf8eac0&id=CCTV3&type=yy, From: subscribe, IPv_Type: ipv6, Location: 美国, ISP: CloudFlare Inc., Date: None, Delay: -1 ms, Speed: 0.00 M/s, Resolution: None
Name: CCTV-3, URL: https://migu.188766.xyz/?migutoken=e990f651d2f129c38ff33716affa1eca&id=CCTV3&type=yy, From: subscribe, IPv_Type: ipv6, Location: 美国, ISP: CloudFlare Inc., Date: None, Delay: -1 ms, Speed: 0.00 M/s, Resolution: None
Name: CCTV-3, URL: https://migu.188766.xyz/?migutoken=c940dc5a509aa5ae0075a4b6d94b98ec&id=CCTV3&type=yy, From: subscribe, IPv_Type: ipv6, Location: 美国, ISP: CloudFlare Inc., Date: None, Delay: -1 ms, Speed: 0.00 M/s, Resolution: None
Name: CCTV-3, URL: https://migu.188766.xyz/?migutoken=e4d7285f92a2c5cae831504d86e74710&id=CCTV3&type=yy, From: subscribe, IPv_Type: ipv6, Location: 美国, ISP: CloudFlare Inc., Date: None, Delay: -1 ms, Speed: 0.00 M/s, Resolution: None
Name: CCTV-3, URL: https://migu.188766.xyz/?migutoken=13f751a7091247ba1f2e0b82299bbb6d&id=CCTV3&type=yy, From: subscribe, IPv_Type: ipv6, Location: 美国, ISP: CloudFlare Inc., Date: None, Delay: -1 ms, Speed: 0.00 M/s, Resolution: None
Name: CCTV-3, URL: https://migu.188766.xyz/?migutoken=43f4344357606644bd090575c7829337&id=CCTV3&type=yy, From: subscribe, IPv_Type: ipv6, Location: 美国, ISP: CloudFlare Inc., Date: None, Delay: -1 ms, Speed: 0.00 M/s, Resolution: None
Name: CCTV-3, URL: https://migu.188766.xyz/?migutoken=a79d94cd907498362953914886eb1331&id=CCTV3&type=yy, From: subscribe, IPv_Type: ipv6, Location: 美国, ISP: CloudFlare Inc., Date: None, Delay: -1 ms, Speed: 0.00 M/s, Resolution: None
Name: CCTV-3, URL: https://migu.188766.xyz/?migutoken=d18533bf332fd2ca846b8876816d61f8&id=CCTV3&type=yy, From: subscribe, IPv_Type: ipv6, Location: 美国, ISP: CloudFlare Inc., Date: None, Delay: -1 ms, Speed: 0.00 M/s, Resolution: None
Name: CCTV-3, URL: https://migu.188766.xyz/?migutoken=82a79f3be2838d013d644a1bc5de4f86&id=CCTV3&type=yy, From: subscribe, IPv_Type: ipv6, Location: 美国, ISP: CloudFlare Inc., Date: None, Delay: -1 ms, Speed: 0.00 M/s, Resolution: None
Name: CCTV-3, URL: https://migu.188766.xyz/?migutoken=542e1b4a7e00965700e9f7e2691ec7b4&id=CCTV3&type=yy, From: subscribe, IPv_Type: ipv6, Location: 美国, ISP: CloudFlare Inc., Date: None, Delay: -1 ms, Speed: 0.00 M/s, Resolution: None
Name: CCTV-3, URL: https://migu.188766.xyz/?migutoken=160c736dbf4517f0211205939f1c9f80&id=CCTV3&type=yy, From: subscribe, IPv_Type: ipv6, Location: 美国, ISP: CloudFlare Inc., Date: None, Delay: -1 ms, Speed: 0.00 M/s, Resolution: None
Name: CCTV-3, URL: https://migu.188766.xyz/?migutoken=b13c449300b808de2e7d8955d259cb0c&id=CCTV3&type=yy, From: subscribe, IPv_Type: ipv6, Location: 美国, ISP: CloudFlare Inc., Date: None, Delay: -1 ms, Speed: 0.00 M/s, Resolution: None
Name: CCTV-3, URL: https://migu.188766.xyz/?migutoken=f27bfd1d978f3cfc5e695cdf5dc8deb3&id=CCTV3&type=yy, From: subscribe, IPv_Type: ipv6, Location: 美国, ISP: CloudFlare Inc., Date: None, Delay: -1 ms, Speed: 0.00 M/s, Resolution: None
Name: CCTV-3, URL: https://migu.188766.xyz/?migutoken=7a0ac8f925b6805e288f89ba612d9434&id=CCTV3&type=yy, From: subscribe, IPv_Type: ipv6, Location: 美国, ISP: CloudFlare Inc., Date: None, Delay: -1 ms, Speed: 0.00 M/s, Resolution: None
Name: CCTV-3, URL: https://migu.188766.xyz/?migutoken=657d26dfe5f1c12cff31f93d221a2927&id=CCTV3&type=yy, From: subscribe, IPv_Type: ipv6, Location: 美国, ISP: CloudFlare Inc., Date: None, Delay: -1 ms, Speed: 0.00 M/s, Resolution: None
Name: CCTV-3, URL: https://migu.188766.xyz/?migutoken=dd04e5e84a8f25b7f9836fec45ffb62d&id=CCTV3&type=yy, From: subscribe, IPv_Type: ipv6, Location: 美国, ISP: CloudFlare Inc., Date: None, Delay: -1 ms, Speed: 0.00 M/s, Resolution: None
Name: CCTV-3, URL: https://migu.188766.xyz/?migutoken=815eb709c5e0dd3ca58005e67574f925&id=CCTV3&type=yy, From: subscribe, IPv_Type: ipv6, Location: 美国, ISP: CloudFlare Inc., Date: None, Delay: -1 ms, Speed: 0.00 M/s, Resolution: None
Name: CCTV-3, URL: https://migu.188766.xyz/?migutoken=9c6456ae0f0ce7c320dc0d5dd8674955&id=CCTV3&type=yy, From: subscribe, IPv_Type: ipv6, Location: 美国, ISP: CloudFlare Inc., Date: None, Delay: -1 ms, Speed: 0.00 M/s, Resolution: None
Name: CCTV-3, URL: http://23.237.228.134/live5/CCTV3.m3u8, From: subscribe, IPv_Type: ipv4, Location: 北美地区, ISP: , Date: None, Delay: 121 ms, Speed: 26.47 M/s, Resolution: 1920x1080
Name: CCTV-4, URL: https://www.freetv.top/migu/631780421.m3u8?migutoken=fefc6a44400a0dd448699ae0ce3d6e2c5a0f49b8d48adb36e747c4fbab039337eb3244f9951acbddaf26b7bf51597a7d1b43c8845e67fd5914ece875dcad325bb388200bc0f12fdff727d03e2d, From: subscribe, IPv_Type: ipv6, Location: 美国-加利福尼亚州-圣克拉拉, ISP: DigitalOcean, Date: None, Delay: 93 ms, Speed: 5.46 M/s, Resolution: 1920x1080
Name: CCTV-4, URL: https://www.freetv.top/migu/631780421.m3u8?migutoken=9c479e166888f001e1fb4ab5502e734251c68075cd89836a715137a1a2a4b18b60e282b0f1a308d6641c282600bd8db3cef99cb15edd0ab61d81c4d76d154bb464e3a02a75b167298c4747ce6f, From: subscribe, IPv_Type: ipv6, Location: 美国-加利福尼亚州-圣克拉拉, ISP: DigitalOcean, Date: None, Delay: 66 ms, Speed: 6.35 M/s, Resolution: 1920x1080
Name: CCTV-4, URL: https://www.freetv.top/migu/631780421.m3u8?migutoken=8dc7b786c408976ee73b6ee5a0e7bf7de8ed82ed22f8668130fa8f17f943f9aeefa99d71320e4b5ac6c57c70025c65d2b4c31a9dfca1ebed552d0e3d722521423806670cc55bb626ba456b64fe, From: subscribe, IPv_Type: ipv6, Location: 美国-加利福尼亚州-圣克拉拉, ISP: DigitalOcean, Date: None, Delay: 57 ms, Speed: 7.52 M/s, Resolution: 1920x1080
Name: CCTV-4, URL: https://www.freetv.top/migu/608807416.m3u8?migutoken=cfc1141967eb2f06f62caa8f87ecd004f5096e3d9013d45f3fbc7597bc6f8a5b22a7b29ff3e195b179467f54bb94620de38658b7c53f55144109671005f6b03a062dd1fc884e2169dbcb902874, From: subscribe, IPv_Type: ipv6, Location: 美国-加利福尼亚州-圣克拉拉, ISP: DigitalOcean, Date: None, Delay: 84 ms, Speed: 5.90 M/s, Resolution: 1920x1080
Name: CCTV-4, URL: https://www.freetv.top/migu/608807419.m3u8?migutoken=e2fddc8b0c2fe505d1d8eada5b1f83dd20360ebfe0adcabfc7e64546305a240ee00c76ffab76b1d2091c9b93a868da387c465be6c1e7b46c66996127d6734102a426e7a3478c2fd972b071d5f2, From: subscribe, IPv_Type: ipv6, Location: 美国-加利福尼亚州-圣克拉拉, ISP: DigitalOcean, Date: None, Delay: 92 ms, Speed: 6.06 M/s, Resolution: 1920x1080
Name: CCTV-4, URL: http://www.freetv.top/migu/631780421.m3u8?migutoken=7acf39385ea80b0efa77b918418fcf998d00455e8b98e02dff92961440d989e3b7da00ef24731d327c410f2ef9ceb51e2137c20b2b606646542ce4643521747bf78b7533b3ec604bba63ffdf43, From: subscribe, IPv_Type: ipv6, Location: 美国-加利福尼亚州-圣克拉拉, ISP: DigitalOcean, Date: None, Delay: 65 ms, Speed: 6.85 M/s, Resolution: 1920x1080
Name: CCTV-4, URL: https://www.freetv.top/migu/608807416.m3u8?migutoken=85c9fb128ac91587cf67086436bd4af8631774375811d0d14ba7158ffb2f56b528e7e92a2da4c2f8bd757394265b58efcbccdce316306a1dae700620a73e52c2ab049d8bd223c049567a8c10bf, From: subscribe, IPv_Type: ipv6, Location: 美国-加利福尼亚州-圣克拉拉, ISP: DigitalOcean, Date: None, Delay: 82 ms, Speed: 6.24 M/s, Resolution: 1920x1080
Name: CCTV-4, URL: https://www.freetv.top/migu/608807416.m3u8?migutoken=94d24df192f212e52d7c222dfab7df5ce4aad53db2766a6c4275a4c1e796cf13fb231906f792af9bc717ce1ccafa62165ebdc66b02fb0882cd5beac443921d36883a491d2b549a5509d63534e1, From: subscribe, IPv_Type: ipv6, Location: 美国-加利福尼亚州-圣克拉拉, ISP: DigitalOcean, Date: None, Delay: 85 ms, Speed: 6.04 M/s, Resolution: 1920x1080
Name: CCTV-4, URL: https://www.freetv.top/migu/608807419.m3u8?migutoken=6a212f7bbb565d15fa1837af03bca5806c8d1522a2c9b34b1ed1c0f3cd23e6d7c4761bb6b35c9de97d923f603f557e6edb2ee11c80decc83bddea897b5c7ac59a7efea8e4796cbbfcf1b3fc93c, From: subscribe, IPv_Type: ipv6, Location: 美国-加利福尼亚州-圣克拉拉, ISP: DigitalOcean, Date: None, Delay: 63 ms, Speed: 6.91 M/s, Resolution: 1920x1080
Name: CCTV-4, URL: https://migu.188766.xyz/?migutoken=dab486dc6b917e443ac3740d3d4587d1&id=CCTV4&type=yy, From: subscribe, IPv_Type: ipv6, Location: 美国, ISP: CloudFlare Inc., Date: None, Delay: -1 ms, Speed: 0.00 M/s, Resolution: None
Name: CCTV-4, URL: https://migu.188766.xyz/?migutoken=25f5a92e4bb0c45050b126e52663a745&id=CCTV4%E6%AC%A7%E6%B4%B2&type=yy, From: subscribe, IPv_Type: ipv6, Location: 美国, ISP: CloudFlare Inc., Date: None, Delay: -1 ms, Speed: 0.00 M/s, Resolution: None
Name: CCTV-4, URL: https://migu.188766.xyz/?migutoken=0897ca4c639666fb44d0cda511ff0a0f&id=CCTV4%E7%BE%8E%E6%B4%B2&type=yy, From: subscribe, IPv_Type: ipv6, Location: 美国, ISP: CloudFlare Inc., Date: None, Delay: -1 ms, Speed: 0.00 M/s, Resolution: None
Name: CCTV-4, URL: https://migu.188766.xyz/?migutoken=fd064008722f75d99dabbd56d2cd69ab&id=CCTV4&type=yy, From: subscribe, IPv_Type: ipv6, Location: 美国, ISP: CloudFlare Inc., Date: None, Delay: -1 ms, Speed: 0.00 M/s, Resolution: None
Name: CCTV-4, URL: https://migu.188766.xyz/?migutoken=1a63b830b6ced25ed8ad0448b4118219&id=CCTV4%E6%AC%A7%E6%B4%B2&type=yy, From: subscribe, IPv_Type: ipv6, Location: 美国, ISP: CloudFlare Inc., Date: None, Delay: -1 ms, Speed: 0.00 M/s, Resolution: None
Name: CCTV-4, URL: https://migu.188766.xyz/?migutoken=ee8ffd4c8bff8f93d70c456670a738f6&id=CCTV4%E7%BE%8E%E6%B4%B2&type=yy, From: subscribe, IPv_Type: ipv6, Location: 美国, ISP: CloudFlare Inc., Date: None, Delay: -1 ms, Speed: 0.00 M/s, Resolution: None
Name: CCTV-4, URL: https://iptv.catvod.com/live.php?id=CCTV-4, From: subscribe, IPv_Type: ipv6, Location: 美国, ISP: CloudFlare Inc., Date: None, Delay: -1 ms, Speed: 0.00 M/s, Resolution: None
Name: CCTV-4, URL: https://dash2.antik.sk/live/test_cctv_tizen/playlist.m3u8, From: subscribe, IPv_Type: ipv6, Location: 斯洛伐克, ISP: , Date: None, Delay: -1 ms, Speed: 0.00 M/s, Resolution: None
Name: CCTV-4, URL: https://migu.188766.xyz/?migutoken=178c143a5e206f466e58de2f6698eb1c&id=CCTV4&type=yy, From: subscribe, IPv_Type: ipv6, Location: 美国, ISP: CloudFlare Inc., Date: None, Delay: -1 ms, Speed: 0.00 M/s, Resolution: None
Name: CCTV-4, URL: https://migu.188766.xyz/?migutoken=da4e05745949e7d2e73f9edd0407a356&id=CCTV4%E6%AC%A7%E6%B4%B2&type=yy, From: subscribe, IPv_Type: ipv6, Location: 美国, ISP: CloudFlare Inc., Date: None, Delay: -1 ms, Speed: 0.00 M/s, Resolution: None
Name: CCTV-4, URL: https://migu.188766.xyz/?migutoken=051f502097a0a3f2b19a79ab93696c86&id=CCTV4%E7%BE%8E%E6%B4%B2&type=yy, From: subscribe, IPv_Type: ipv6, Location: 美国, ISP: CloudFlare Inc., Date: None, Delay: -1 ms, Speed: 0.00 M/s, Resolution: None
Name: CCTV-4, URL: https://migu.188766.xyz/?migutoken=87718f7e6146f2b5e528b36290726232&id=CCTV4&type=yy, From: subscribe, IPv_Type: ipv6, Location: 美国, ISP: CloudFlare Inc., Date: None, Delay: -1 ms, Speed: 0.00 M/s, Resolution: None
Name: CCTV-4, URL: https://migu.188766.xyz/?migutoken=e278507798b91001652d9753730806c4&id=CCTV4%E6%AC%A7%E6%B4%B2&type=yy, From: subscribe, IPv_Type: ipv6, Location: 美国, ISP: CloudFlare Inc., Date: None, Delay: -1 ms, Speed: 0.00 M/s, Resolution: None
Name: CCTV-4, URL: https://migu.188766.xyz/?migutoken=e868f8ff515f75cfe6dd528ecf6d7de4&id=CCTV4%E7%BE%8E%E6%B4%B2&type=yy, From: subscribe, IPv_Type: ipv6, Location: 美国, ISP: CloudFlare Inc., Date: None, Delay: -1 ms, Speed: 0.00 M/s, Resolution: None
Name: CCTV-4, URL: https://migu.188766.xyz/?migutoken=35a4672e60eca213cb81158b7fd3817f&id=CCTV4&type=yy, From: subscribe, IPv_Type: ipv6, Location: 美国, ISP: CloudFlare Inc., Date: None, Delay: -1 ms, Speed: 0.00 M/s, Resolution: None
Name: CCTV-4, URL: https://migu.188766.xyz/?migutoken=bda91fc45ad75dfdac3148fe6a57044e&id=CCTV4%E6%AC%A7%E6%B4%B2&type=yy, From: subscribe, IPv_Type: ipv6, Location: 美国, ISP: CloudFlare Inc., Date: None, Delay: -1 ms, Speed: 0.00 M/s, Resolution: None
Name: CCTV-4, URL: https://migu.188766.xyz/?migutoken=196c4ceab188a8fb789008ceec8498dc&id=CCTV4%E7%BE%8E%E6%B4%B2&type=yy, From: subscribe, IPv_Type: ipv6, Location: 美国, ISP: CloudFlare Inc., Date: None, Delay: -1 ms, Speed: 0.00 M/s, Resolution: None
Name: CCTV-4, URL: https://migu.188766.xyz/?migutoken=bc5ab27a7f64cf27830ef038b84de289&id=CCTV4&type=yy, From: subscribe, IPv_Type: ipv6, Location: 美国, ISP: CloudFlare Inc., Date: None, Delay: -1 ms, Speed: 0.00 M/s, Resolution: None
Name: CCTV-4, URL: https://migu.188766.xyz/?migutoken=70dcf48c890df16e1c5634de206a3b40&id=CCTV4%E6%AC%A7%E6%B4%B2&type=yy, From: subscribe, IPv_Type: ipv6, Location: 美国, ISP: CloudFlare Inc., Date: None, Delay: -1 ms, Speed: 0.00 M/s, Resolution: None
Name: CCTV-4, URL: https://migu.188766.xyz/?migutoken=cc182419d657a3d4a70a7ce9dcdf9154&id=CCTV4%E7%BE%8E%E6%B4%B2&type=yy, From: subscribe, IPv_Type: ipv6, Location: 美国, ISP: CloudFlare Inc., Date: None, Delay: -1 ms, Speed: 0.00 M/s, Resolution: None
Name: CCTV-4, URL: https://migu.188766.xyz/?migutoken=116a3108e9dbae1bace7a84baeda2fe0&id=CCTV4&type=yy, From: subscribe, IPv_Type: ipv6, Location: 美国, ISP: CloudFlare Inc., Date: None, Delay: -1 ms, Speed: 0.00 M/s, Resolution: None
Name: CCTV-4, URL: https://migu.188766.xyz/?migutoken=ca0eb2c4526136e66257c1175a90ceec&id=CCTV4%E6%AC%A7%E6%B4%B2&type=yy, From: subscribe, IPv_Type: ipv6, Location: 美国, ISP: CloudFlare Inc., Date: None, Delay: -1 ms, Speed: 0.00 M/s, Resolution: None
Name: CCTV-4, URL: https://migu.188766.xyz/?migutoken=d25c5db6ac5f18cdcb86ca1726eff3cc&id=CCTV4%E7%BE%8E%E6%B4%B2&type=yy, From: subscribe, IPv_Type: ipv6, Location: 美国, ISP: CloudFlare Inc., Date: None, Delay: -1 ms, Speed: 0.00 M/s, Resolution: None
Name: CCTV-4, URL: https://migu.188766.xyz/?migutoken=12f241b64a20cda6f5745e46f80d009f&id=CCTV4&type=yy, From: subscribe, IPv_Type: ipv6, Location: 美国, ISP: CloudFlare Inc., Date: None, Delay: -1 ms, Speed: 0.00 M/s, Resolution: None
Name: CCTV-4, URL: https://migu.188766.xyz/?migutoken=6a19af6e1dae0224fe6630226dff6155&id=CCTV4%E6%AC%A7%E6%B4%B2&type=yy, From: subscribe, IPv_Type: ipv6, Location: 美国, ISP: CloudFlare Inc., Date: None, Delay: -1 ms, Speed: 0.00 M/s, Resolution: None
Name: CCTV-4, URL: https://migu.188766.xyz/?migutoken=be483d71894032aac12c893d8a2538dd&id=CCTV4%E7%BE%8E%E6%B4%B2&type=yy, From: subscribe, IPv_Type: ipv6, Location: 美国, ISP: CloudFlare Inc., Date: None, Delay: -1 ms, Speed: 0.00 M/s, Resolution: None
Name: CCTV-4, URL: https://migu.188766.xyz/?migutoken=cda681198f00e7ca10ca8e318a9f2ae8&id=CCTV4&type=yy, From: subscribe, IPv_Type: ipv6, Location: 美国, ISP: CloudFlare Inc., Date: None, Delay: -1 ms, Speed: 0.00 M/s, Resolution: None
Name: CCTV-4, URL: https://migu.188766.xyz/?migutoken=bbfc5c4fc7713f8d8b913569814fd0c5&id=CCTV4%E6%AC%A7%E6%B4%B2&type=yy, From: subscribe, IPv_Type: ipv6, Location: 美国, ISP: CloudFlare Inc., Date: None, Delay: -1 ms, Speed: 0.00 M/s, Resolution: None
Name: CCTV-4, URL: https://migu.188766.xyz/?migutoken=3cb0c706ac93167a9db15aabc74b4503&id=CCTV4%E7%BE%8E%E6%B4%B2&type=yy, From: subscribe, IPv_Type: ipv6, Location: 美国, ISP: CloudFlare Inc., Date: None, Delay: -1 ms, Speed: 0.00 M/s, Resolution: None
Name: CCTV-4, URL: https://migu.188766.xyz/?migutoken=4badae08a83e929aa53e93897c21d637&id=CCTV4&type=yy, From: subscribe, IPv_Type: ipv6, Location: 美国, ISP: CloudFlare Inc., Date: None, Delay: -1 ms, Speed: 0.00 M/s, Resolution: None
Name: CCTV-4, URL: https://migu.188766.xyz/?migutoken=aae8d58dfe295f9595d40d9c612a7880&id=CCTV4%E6%AC%A7%E6%B4%B2&type=yy, From: subscribe, IPv_Type: ipv6, Location: 美国, ISP: CloudFlare Inc., Date: None, Delay: -1 ms, Speed: 0.00 M/s, Resolution: None
Name: CCTV-4, URL: https://migu.188766.xyz/?migutoken=17add4d91660b2e0763463959577e995&id=CCTV4%E7%BE%8E%E6%B4%B2&type=yy, From: subscribe, IPv_Type: ipv6, Location: 美国, ISP: CloudFlare Inc., Date: None, Delay: -1 ms, Speed: 0.00 M/s, Resolution: None
Name: CCTV-4, URL: https://migu.188766.xyz/?migutoken=86ce256c70d06486281d1c8b774fc0ae&id=CCTV4&type=yy, From: subscribe, IPv_Type: ipv6, Location: 美国, ISP: CloudFlare Inc., Date: None, Delay: -1 ms, Speed: 0.00 M/s, Resolution: None
Name: CCTV-4, URL: https://migu.188766.xyz/?migutoken=5f864dca9bdfe8d87f0c5d034c6d5bd6&id=CCTV4%E6%AC%A7%E6%B4%B2&type=yy, From: subscribe, IPv_Type: ipv6, Location: 美国, ISP: CloudFlare Inc., Date: None, Delay: -1 ms, Speed: 0.00 M/s, Resolution: None
Name: CCTV-4, URL: https://migu.188766.xyz/?migutoken=8b3d7de10de044e07603c32079c9890c&id=CCTV4%E7%BE%8E%E6%B4%B2&type=yy, From: subscribe, IPv_Type: ipv6, Location: 美国, ISP: CloudFlare Inc., Date: None, Delay: -1 ms, Speed: 0.00 M/s, Resolution: None
Name: CCTV-4, URL: https://migu.188766.xyz/?migutoken=fd3e9db5d50b3d22829202f477a7de88&id=CCTV4&type=yy, From: subscribe, IPv_Type: ipv6, Location: 美国, ISP: CloudFlare Inc., Date: None, Delay: -1 ms, Speed: 0.00 M/s, Resolution: None
Name: CCTV-4, URL: https://migu.188766.xyz/?migutoken=8726e01da0c0826f2cc56d403bc54285&id=CCTV4%E6%AC%A7%E6%B4%B2&type=yy, From: subscribe, IPv_Type: ipv6, Location: 美国, ISP: CloudFlare Inc., Date: None, Delay: -1 ms, Speed: 0.00 M/s, Resolution: None
Name: CCTV-4, URL: https://migu.188766.xyz/?migutoken=e031abbfdde4d5022bbdfb33a83f31ec&id=CCTV4%E7%BE%8E%E6%B4%B2&type=yy, From: subscribe, IPv_Type: ipv6, Location: 美国, ISP: CloudFlare Inc., Date: None, Delay: -1 ms, Speed: 0.00 M/s, Resolution: None
Name: CCTV-4, URL: https://migu.188766.xyz/?migutoken=dc6f16a12ec14642df7a0cb05470e482&id=CCTV4&type=yy, From: subscribe, IPv_Type: ipv6, Location: 美国, ISP: CloudFlare Inc., Date: None, Delay: -1 ms, Speed: 0.00 M/s, Resolution: None
Name: CCTV-4, URL: https://migu.188766.xyz/?migutoken=bf654c88023b1c57c8e91c4b08eb2ed6&id=CCTV4%E6%AC%A7%E6%B4%B2&type=yy, From: subscribe, IPv_Type: ipv6, Location: 美国, ISP: CloudFlare Inc., Date: None, Delay: -1 ms, Speed: 0.00 M/s, Resolution: None
Name: CCTV-4, URL: https://migu.188766.xyz/?migutoken=60373d91892515e93841ffbd8621a519&id=CCTV4%E7%BE%8E%E6%B4%B2&type=yy, From: subscribe, IPv_Type: ipv6, Location: 美国, ISP: CloudFlare Inc., Date: None, Delay: -1 ms, Speed: 0.00 M/s, Resolution: None
Name: CCTV-4, URL: https://migu.188766.xyz/?migutoken=cb9cc92eac006d7b81d2dd46bef57c99&id=CCTV4&type=yy, From: subscribe, IPv_Type: ipv6, Location: 美国, ISP: CloudFlare Inc., Date: None, Delay: -1 ms, Speed: 0.00 M/s, Resolution: None
Name: CCTV-4, URL: https://migu.188766.xyz/?migutoken=a1abe96dea73e0c573c49b4afe1d04a1&id=CCTV4%E6%AC%A7%E6%B4%B2&type=yy, From: subscribe, IPv_Type: ipv6, Location: 美国, ISP: CloudFlare Inc., Date: None, Delay: -1 ms, Speed: 0.00 M/s, Resolution: None
Name: CCTV-4, URL: https://migu.188766.xyz/?migutoken=06f6bc601557d3bd425de57e721e54b8&id=CCTV4%E7%BE%8E%E6%B4%B2&type=yy, From: subscribe, IPv_Type: ipv6, Location: 美国, ISP: CloudFlare Inc., Date: None, Delay: -1 ms, Speed: 0.00 M/s, Resolution: None
Name: CCTV-4, URL: https://migu.188766.xyz/?migutoken=c9cfc8ee5405263448dcdce25ae758fd&id=CCTV4&type=yy, From: subscribe, IPv_Type: ipv6, Location: 美国, ISP: CloudFlare Inc., Date: None, Delay: -1 ms, Speed: 0.00 M/s, Resolution: None
Name: CCTV-4, URL: https://migu.188766.xyz/?migutoken=b14bc869c9e30d0a1d39c6c349eb62ef&id=CCTV4%E6%AC%A7%E6%B4%B2&type=yy, From: subscribe, IPv_Type: ipv6, Location: 美国, ISP: CloudFlare Inc., Date: None, Delay: -1 ms, Speed: 0.00 M/s, Resolution: None
Name: CCTV-4, URL: https://migu.188766.xyz/?migutoken=32a317c433e0ea079c8925b3c4aa1703&id=CCTV4%E7%BE%8E%E6%B4%B2&type=yy, From: subscribe, IPv_Type: ipv6, Location: 美国, ISP: CloudFlare Inc., Date: None, Delay: -1 ms, Speed: 0.00 M/s, Resolution: None
Name: CCTV-4, URL: https://migu.188766.xyz/?migutoken=5a62eec209f2f4fa8f4421599346cfaa&id=CCTV4&type=yy, From: subscribe, IPv_Type: ipv6, Location: 美国, ISP: CloudFlare Inc., Date: None, Delay: -1 ms, Speed: 0.00 M/s, Resolution: None
Name: CCTV-4, URL: https://migu.188766.xyz/?migutoken=8c1df4798163667cb832f4cc144757d3&id=CCTV4%E6%AC%A7%E6%B4%B2&type=yy, From: subscribe, IPv_Type: ipv6, Location: 美国, ISP: CloudFlare Inc., Date: None, Delay: -1 ms, Speed: 0.00 M/s, Resolution: None
Name: CCTV-4, URL: https://migu.188766.xyz/?migutoken=6ab980a1c93998f0665eb49bb9d7daac&id=CCTV4%E7%BE%8E%E6%B4%B2&type=yy, From: subscribe, IPv_Type: ipv6, Location: 美国, ISP: CloudFlare Inc., Date: None, Delay: -1 ms, Speed: 0.00 M/s, Resolution: None
Name: CCTV-4, URL: https://migu.188766.xyz/?migutoken=c905e6d0e63f25a36d023b418037e9d2&id=CCTV4&type=yy, From: subscribe, IPv_Type: ipv6, Location: 美国, ISP: CloudFlare Inc., Date: None, Delay: -1 ms, Speed: 0.00 M/s, Resolution: None
Name: CCTV-4, URL: https://migu.188766.xyz/?migutoken=1007e3415eee5e20eff4e2a6ba85e8a1&id=CCTV4%E6%AC%A7%E6%B4%B2&type=yy, From: subscribe, IPv_Type: ipv6, Location: 美国, ISP: CloudFlare Inc., Date: None, Delay: -1 ms, Speed: 0.00 M/s, Resolution: None
Name: CCTV-4, URL: https://migu.188766.xyz/?migutoken=e0c535f775e8bb0a5251db1d214d0584&id=CCTV4%E7%BE%8E%E6%B4%B2&type=yy, From: subscribe, IPv_Type: ipv6, Location: 美国, ISP: CloudFlare Inc., Date: None, Delay: -1 ms, Speed: 0.00 M/s, Resolution: None
Name: CCTV-4, URL: https://migu.188766.xyz/?migutoken=9e9a11a42a50229b45da009cf7f5f5b2&id=CCTV4&type=yy, From: subscribe, IPv_Type: ipv6, Location: 美国, ISP: CloudFlare Inc., Date: None, Delay: -1 ms, Speed: 0.00 M/s, Resolution: None
Name: CCTV-4, URL: https://migu.188766.xyz/?migutoken=7befe3b1a9eeb9603887e17888976ca3&id=CCTV4%E6%AC%A7%E6%B4%B2&type=yy, From: subscribe, IPv_Type: ipv6, Location: 美国, ISP: CloudFlare Inc., Date: None, Delay: -1 ms, Speed: 0.00 M/s, Resolution: None
Name: CCTV-4, URL: https://migu.188766.xyz/?migutoken=1fb381d40f341ec4d02cb223e8d52740&id=CCTV4%E7%BE%8E%E6%B4%B2&type=yy, From: subscribe, IPv_Type: ipv6, Location: 美国, ISP: CloudFlare Inc., Date: None, Delay: -1 ms, Speed: 0.00 M/s, Resolution: None
Name: CCTV-4, URL: https://migu.188766.xyz/?migutoken=852648f4ebf992095e620e1dda0603f1&id=CCTV4&type=yy, From: subscribe, IPv_Type: ipv6, Location: 美国, ISP: CloudFlare Inc., Date: None, Delay: -1 ms, Speed: 0.00 M/s, Resolution: None
Name: CCTV-4, URL: https://migu.188766.xyz/?migutoken=f589fc6affebd1ecd786819ba75d24d1&id=CCTV4%E6%AC%A7%E6%B4%B2&type=yy, From: subscribe, IPv_Type: ipv6, Location: 美国, ISP: CloudFlare Inc., Date: None, Delay: -1 ms, Speed: 0.00 M/s, Resolution: None
Name: CCTV-4, URL: https://migu.188766.xyz/?migutoken=81392478c69ea09beea8e5f205fed74c&id=CCTV4%E7%BE%8E%E6%B4%B2&type=yy, From: subscribe, IPv_Type: ipv6, Location: 美国, ISP: CloudFlare Inc., Date: None, Delay: -1 ms, Speed: 0.00 M/s, Resolution: None
Name: CCTV-4, URL: https://migu.188766.xyz/?migutoken=f54d140223ea8c55f0c4b1b89afaecde&id=CCTV4&type=yy, From: subscribe, IPv_Type: ipv6, Location: 美国, ISP: CloudFlare Inc., Date: None, Delay: -1 ms, Speed: 0.00 M/s, Resolution: None
Name: CCTV-4, URL: https://migu.188766.xyz/?migutoken=ddb00a73920fc57fd5130632e5f53397&id=CCTV4%E6%AC%A7%E6%B4%B2&type=yy, From: subscribe, IPv_Type: ipv6, Location: 美国, ISP: CloudFlare Inc., Date: None, Delay: -1 ms, Speed: 0.00 M/s, Resolution: None
Name: CCTV-4, URL: https://migu.188766.xyz/?migutoken=14ae13263503b6fdec10b833a8aee724&id=CCTV4%E7%BE%8E%E6%B4%B2&type=yy, From: subscribe, IPv_Type: ipv6, Location: 美国, ISP: CloudFlare Inc., Date: None, Delay: -1 ms, Speed: 0.00 M/s, Resolution: None
Name: CCTV-4, URL: https://migu.188766.xyz/?migutoken=8095f46c75f0d68a44161386e05055b4&id=CCTV4&type=yy, From: subscribe, IPv_Type: ipv6, Location: 美国, ISP: CloudFlare Inc., Date: None, Delay: -1 ms, Speed: 0.00 M/s, Resolution: None
Name: CCTV-4, URL: https://migu.188766.xyz/?migutoken=e155dd3d7b6ad7ad6c4c73132e9088c4&id=CCTV4%E6%AC%A7%E6%B4%B2&type=yy, From: subscribe, IPv_Type: ipv6, Location: 美国, ISP: CloudFlare Inc., Date: None, Delay: -1 ms, Speed: 0.00 M/s, Resolution: None
Name: CCTV-4, URL: https://migu.188766.xyz/?migutoken=8ce1f39999aecb1294333dbd2f5ba257&id=CCTV4%E7%BE%8E%E6%B4%B2&type=yy, From: subscribe, IPv_Type: ipv6, Location: 美国, ISP: CloudFlare Inc., Date: None, Delay: -1 ms, Speed: 0.00 M/s, Resolution: None
Name: CCTV-4, URL: https://migu.188766.xyz/?migutoken=0438f7209fb07047409499ebc2851c4d&id=CCTV4&type=yy, From: subscribe, IPv_Type: ipv6, Location: 美国, ISP: CloudFlare Inc., Date: None, Delay: -1 ms, Speed: 0.00 M/s, Resolution: None
Name: CCTV-4, URL: https://migu.188766.xyz/?migutoken=3d22f155005bcd3674e62a1f3c5f943c&id=CCTV4%E6%AC%A7%E6%B4%B2&type=yy, From: subscribe, IPv_Type: ipv6, Location: 美国, ISP: CloudFlare Inc., Date: None, Delay: -1 ms, Speed: 0.00 M/s, Resolution: None
Name: CCTV-4, URL: https://migu.188766.xyz/?migutoken=302541e4df55efa30b3e10f7ced3cbff&id=CCTV4%E7%BE%8E%E6%B4%B2&type=yy, From: subscribe, IPv_Type: ipv6, Location: 美国, ISP: CloudFlare Inc., Date: None, Delay: -1 ms, Speed: 0.00 M/s, Resolution: None
Name: CCTV-4, URL: https://migu.188766.xyz/?migutoken=09538877bf3364e094f60487e10af2f2&id=CCTV4&type=yy, From: subscribe, IPv_Type: ipv6, Location: 美国, ISP: CloudFlare Inc., Date: None, Delay: -1 ms, Speed: 0.00 M/s, Resolution: None
Name: CCTV-4, URL: https://migu.188766.xyz/?migutoken=7d4ad586133f830e958db9e80817ff77&id=CCTV4%E6%AC%A7%E6%B4%B2&type=yy, From: subscribe, IPv_Type: ipv6, Location: 美国, ISP: CloudFlare Inc., Date: None, Delay: -1 ms, Speed: 0.00 M/s, Resolution: None
Name: CCTV-4, URL: https://migu.188766.xyz/?migutoken=76ac75aa5c052d77805484de55f6bae7&id=CCTV4%E7%BE%8E%E6%B4%B2&type=yy, From: subscribe, IPv_Type: ipv6, Location: 美国, ISP: CloudFlare Inc., Date: None, Delay: -1 ms, Speed: 0.00 M/s, Resolution: None
Name: CCTV-4, URL: https://migu.188766.xyz/?migutoken=5845a07dac602027393a4442dbe52cba&id=CCTV4&type=yy, From: subscribe, IPv_Type: ipv6, Location: 美国, ISP: CloudFlare Inc., Date: None, Delay: -1 ms, Speed: 0.00 M/s, Resolution: None
Name: CCTV-4, URL: https://migu.188766.xyz/?migutoken=7ace76ad4baadc11c3bbb84e18bcbafa&id=CCTV4%E6%AC%A7%E6%B4%B2&type=yy, From: subscribe, IPv_Type: ipv6, Location: 美国, ISP: CloudFlare Inc., Date: None, Delay: -1 ms, Speed: 0.00 M/s, Resolution: None
Name: CCTV-4, URL: https://migu.188766.xyz/?migutoken=aa64e1a645c91f19d4915c77fdaa9a13&id=CCTV4%E7%BE%8E%E6%B4%B2&type=yy, From: subscribe, IPv_Type: ipv6, Location: 美国, ISP: CloudFlare Inc., Date: None, Delay: -1 ms, Speed: 0.00 M/s, Resolution: None
Name: CCTV-4, URL: https://migu.188766.xyz/?migutoken=6eeb5a71cae497b613b75f47c5d042fa&id=CCTV4&type=yy, From: subscribe, IPv_Type: ipv6, Location: 美国, ISP: CloudFlare Inc., Date: None, Delay: -1 ms, Speed: 0.00 M/s, Resolution: None
Name: CCTV-4, URL: https://migu.188766.xyz/?migutoken=04e8dd1f406d886ac9302c188394be09&id=CCTV4%E6%AC%A7%E6%B4%B2&type=yy, From: subscribe, IPv_Type: ipv6, Location: 美国, ISP: CloudFlare Inc., Date: None, Delay: -1 ms, Speed: 0.00 M/s, Resolution: None
Name: CCTV-4, URL: https://migu.188766.xyz/?migutoken=4fc6141a762d2db1fab26c5a06f271c4&id=CCTV4%E7%BE%8E%E6%B4%B2&type=yy, From: subscribe, IPv_Type: ipv6, Location: 美国, ISP: CloudFlare Inc., Date: None, Delay: -1 ms, Speed: 0.00 M/s, Resolution: None
Name: CCTV-4, URL: https://migu.188766.xyz/?migutoken=70e915efc748dbbd52e3dfcacdc8bea5&id=CCTV4&type=yy, From: subscribe, IPv_Type: ipv6, Location: 美国, ISP: CloudFlare Inc., Date: None, Delay: -1 ms, Speed: 0.00 M/s, Resolution: None
Name: CCTV-4, URL: https://migu.188766.xyz/?migutoken=89d06e35fc7f442d92d3414999f22cd9&id=CCTV4%E6%AC%A7%E6%B4%B2&type=yy, From: subscribe, IPv_Type: ipv6, Location: 美国, ISP: CloudFlare Inc., Date: None, Delay: -1 ms, Speed: 0.00 M/s, Resolution: None
Name: CCTV-4, URL: https://migu.188766.xyz/?migutoken=1d481dc9bf17288d1fff51d94f829e8e&id=CCTV4%E7%BE%8E%E6%B4%B2&type=yy, From: subscribe, IPv_Type: ipv6, Location: 美国, ISP: CloudFlare Inc., Date: None, Delay: -1 ms, Speed: 0.00 M/s, Resolution: None
Name: CCTV-4, URL: https://migu.188766.xyz/?migutoken=95f54537a5284b77fb4159fcb3aa8af2&id=CCTV4&type=yy, From: subscribe, IPv_Type: ipv6, Location: 美国, ISP: CloudFlare Inc., Date: None, Delay: -1 ms, Speed: 0.00 M/s, Resolution: None
Name: CCTV-4, URL: https://migu.188766.xyz/?migutoken=dcddde729896234c6f153c4721bb96e4&id=CCTV4%E6%AC%A7%E6%B4%B2&type=yy, From: subscribe, IPv_Type: ipv6, Location: 美国, ISP: CloudFlare Inc., Date: None, Delay: -1 ms, Speed: 0.00 M/s, Resolution: None
Name: CCTV-4, URL: https://migu.188766.xyz/?migutoken=ab38fb2273c5ba6437e469d9f5dec23c&id=CCTV4%E7%BE%8E%E6%B4%B2&type=yy, From: subscribe, IPv_Type: ipv6, Location: 美国, ISP: CloudFlare Inc., Date: None, Delay: -1 ms, Speed: 0.00 M/s, Resolution: None
Name: CCTV-4, URL: https://migu.188766.xyz/?migutoken=a4c742286b1297fd2ab549dca34cdb7f&id=CCTV4&type=yy, From: subscribe, IPv_Type: ipv6, Location: 美国, ISP: CloudFlare Inc., Date: None, Delay: -1 ms, Speed: 0.00 M/s, Resolution: None
Name: CCTV-4, URL: https://migu.188766.xyz/?migutoken=7e0f76b675f382e0293dc977925e352c&id=CCTV4%E6%AC%A7%E6%B4%B2&type=yy, From: subscribe, IPv_Type: ipv6, Location: 美国, ISP: CloudFlare Inc., Date: None, Delay: -1 ms, Speed: 0.00 M/s, Resolution: None
Name: CCTV-4, URL: https://migu.188766.xyz/?migutoken=c786ffdb3937fe04af6244a05ae2a324&id=CCTV4%E7%BE%8E%E6%B4%B2&type=yy, From: subscribe, IPv_Type: ipv6, Location: 美国, ISP: CloudFlare Inc., Date: None, Delay: -1 ms, Speed: 0.00 M/s, Resolution: None
Name: CCTV-4, URL: http://38.75.136.137:98/gslb/dsdqbv/cctv4hd.m3u8?auth=test20251009, From: subscribe, IPv_Type: ipv4, Location: 美国-伊利诺伊州-库克, ISP: Cogent, Date: None, Delay: 816 ms, Speed: 4.67 M/s, Resolution: 1920x1080
Name: CCTV-4, URL: http://113.25.252.226:9901/tsfile/live/1008_1.m3u8?key=txiptv&playlive=1&authid=0, From: subscribe, IPv_Type: ipv4, Location: 中国-山西, ISP: 电信, Date: None, Delay: 10535 ms, Speed: 0.00 M/s, Resolution: None
Name: CCTV-5, URL: https://www.freetv.top/migu/641886683.m3u8?migutoken=3e5c01f93922de8d1c940fe15bb47349b27e8f7a2e624dde1a83dff3b2a80f58b7624151a3a4d00488edee34f202818557340903382fae02bb754084eb942bd50e59061df36fab62fb5b908903, From: subscribe, IPv_Type: ipv6, Location: 美国-加利福尼亚州-圣克拉拉, ISP: DigitalOcean, Date: None, Delay: 79 ms, Speed: 6.45 M/s, Resolution: 1920x1080
Name: CCTV-5, URL: https://www.freetv.top/migu/641886683.m3u8?migutoken=e81b62c9a59cfc35924052cd6081bd5635e726604b5e1a12a9ebf352c74951d3d9d3e6c6c1bfed528a9287e0b6c873ef6bc6c1d7651f14bc1687a58a136bb5a647b6bebed7cd999f07302554e2, From: subscribe, IPv_Type: ipv6, Location: 美国-加利福尼亚州-圣克拉拉, ISP: DigitalOcean, Date: None, Delay: 78 ms, Speed: 6.54 M/s, Resolution: 1920x1080
Name: CCTV-5, URL: https://www.freetv.top/migu/641886683.m3u8?migutoken=b9a1e6cdadb5b8fc55cd05842ff680e9431a4d403454162995bd1139d26f292521c72615e8117abc8d74479b46c5736b1db94eab7f190d661693f5f67f407d9aa7785ca59ef24515a844393c4e, From: subscribe, IPv_Type: ipv6, Location: 美国-加利福尼亚州-圣克拉拉, ISP: DigitalOcean, Date: None, Delay: 63 ms, Speed: 6.51 M/s, Resolution: 1920x1080
Name: CCTV-5, URL: https://www.freetv.top/migu/641886683.m3u8?migutoken=76643d97dedd9d3c8f942bccc253faeb22def73d3881bd632c23f126dbad7d21d9d9bd6e6e6a1b304806d9329d9aa09b7f511c452d571d618644122578b3e4981e7c99aec8a1b987a41d01276d, From: subscribe, IPv_Type: ipv6, Location: 美国-加利福尼亚州-圣克拉拉, ISP: DigitalOcean, Date: None, Delay: 45 ms, Speed: 10.32 M/s, Resolution: 1920x1080
Name: CCTV-5, URL: https://www.freetv.top/migu/641886683.m3u8?migutoken=6e3c4a6fba0be5e4060d1c8abab920c2a8ee3308ee2e5a373bad466d9c1c0c3815b96ff56d6b8aab1f7440fc34813d288efe932e05cf0594d7b1a4eaa542a95508f64bbc8423a4e814954a0913, From: subscribe, IPv_Type: ipv6, Location: 美国-加利福尼亚州-圣克拉拉, ISP: DigitalOcean, Date: None, Delay: 77 ms, Speed: 6.39 M/s, Resolution: 1920x1080
Name: CCTV-5, URL: https://www.freetv.top/migu/641886683.m3u8?migutoken=2394bc3ac567cd8270631b1f612f28f996719523d72453a2d116e0f33d6e35016d1954f50d7ae0eae4743d3557d85b85dc048a8c45ac3d96c528fce533ceeb7febaa06283ebe688a04fa57379a, From: subscribe, IPv_Type: ipv6, Location: 美国-加利福尼亚州-圣克拉拉, ISP: DigitalOcean, Date: None, Delay: 86 ms, Speed: 6.15 M/s, Resolution: 1920x1080
Name: CCTV-5, URL: https://www.freetv.top/migu/641886683.m3u8?migutoken=07b0c4931b9605a1f5d919c04b761491cc8441c89de4ef653300b0fca459d6285df7d91ed33cd27d0d9f37734d8857e83c5b8fa379272c30c6fa2e0af7f64aba625f148d2e4fad1d65a839e723, From: subscribe, IPv_Type: ipv6, Location: 美国-加利福尼亚州-圣克拉拉, ISP: DigitalOcean, Date: None, Delay: 84 ms, Speed: 5.20 M/s, Resolution: 1920x1080
Name: CCTV-5, URL: https://www.freetv.top/migu/641886683.m3u8?migutoken=f4028150ccebb24672bb134ff9263dc2fa555f760bd7f0624f98a260402d38ab91417925cf800517a7c1b877a15425e85b65b6a16be7fe88d145c2cb2d42af684846c5a89a5c22eb739e0e52cf, From: subscribe, IPv_Type: ipv6, Location: 美国-加利福尼亚州-圣克拉拉, ISP: DigitalOcean, Date: None, Delay: 94 ms, Speed: 5.75 M/s, Resolution: 1920x1080
Name: CCTV-5, URL: https://migu.188766.xyz/?migutoken=8be5e3b352c9274aca06562da4895bf6&id=CCTV5&type=yy, From: subscribe, IPv_Type: ipv6, Location: 美国, ISP: CloudFlare Inc., Date: None, Delay: -1 ms, Speed: 0.00 M/s, Resolution: None
Name: CCTV-5, URL: https://migu.188766.xyz/?migutoken=eb0d5db745a47edc3d459973b4e926e7&id=CCTV5p&type=yy, From: subscribe, IPv_Type: ipv6, Location: 美国, ISP: CloudFlare Inc., Date: None, Delay: -1 ms, Speed: 0.00 M/s, Resolution: None
Name: CCTV-5, URL: https://iptv.catvod.com/live.php?id=CCTV-5, From: subscribe, IPv_Type: ipv6, Location: 美国, ISP: CloudFlare Inc., Date: None, Delay: -1 ms, Speed: 0.00 M/s, Resolution: None
Name: CCTV-5, URL: https://migu.188766.xyz/?migutoken=dfe7248ebc315b0c5cfe5f923960efcb&id=CCTV5&type=yy, From: subscribe, IPv_Type: ipv6, Location: 美国, ISP: CloudFlare Inc., Date: None, Delay: -1 ms, Speed: 0.00 M/s, Resolution: None
Name: CCTV-5, URL: https://migu.188766.xyz/?migutoken=1f1f1145e44385d95dd950c223f7cad0&id=CCTV5p&type=yy, From: subscribe, IPv_Type: ipv6, Location: 美国, ISP: CloudFlare Inc., Date: None, Delay: -1 ms, Speed: 0.00 M/s, Resolution: None
Name: CCTV-5, URL: https://migu.188766.xyz/?migutoken=956b74698450fd0f9d3cedae07700bba&id=CCTV5&type=yy, From: subscribe, IPv_Type: ipv6, Location: 美国, ISP: CloudFlare Inc., Date: None, Delay: -1 ms, Speed: 0.00 M/s, Resolution: None
Name: CCTV-5, URL: https://migu.188766.xyz/?migutoken=113d1bc1010a3a1792cc8897fbc356c2&id=CCTV5p&type=yy, From: subscribe, IPv_Type: ipv6, Location: 美国, ISP: CloudFlare Inc., Date: None, Delay: -1 ms, Speed: 0.00 M/s, Resolution: None
Name: CCTV-5, URL: https://migu.188766.xyz/?migutoken=72685da0cfba813102446e8a2a065d11&id=CCTV5&type=yy, From: subscribe, IPv_Type: ipv6, Location: 美国, ISP: CloudFlare Inc., Date: None, Delay: -1 ms, Speed: 0.00 M/s, Resolution: None
Name: CCTV-5, URL: https://migu.188766.xyz/?migutoken=3196a9958cd677c67e2be9c49a12f687&id=CCTV5p&type=yy, From: subscribe, IPv_Type: ipv6, Location: 美国, ISP: CloudFlare Inc., Date: None, Delay: -1 ms, Speed: 0.00 M/s, Resolution: None
Name: CCTV-5, URL: https://migu.188766.xyz/?migutoken=c2bf14baaf88be58731575e750ba5320&id=CCTV5&type=yy, From: subscribe, IPv_Type: ipv6, Location: 美国, ISP: CloudFlare Inc., Date: None, Delay: -1 ms, Speed: 0.00 M/s, Resolution: None
Name: CCTV-5, URL: https://migu.188766.xyz/?migutoken=e01cdebf0326b12ce2dd078061c2d62a&id=CCTV5p&type=yy, From: subscribe, IPv_Type: ipv6, Location: 美国, ISP: CloudFlare Inc., Date: None, Delay: -1 ms, Speed: 0.00 M/s, Resolution: None
Name: CCTV-5, URL: https://iptv.catvod.com/live.php?id=CCTV-5plus, From: subscribe, IPv_Type: ipv6, Location: 美国, ISP: CloudFlare Inc., Date: None, Delay: -1 ms, Speed: 0.00 M/s, Resolution: None
Name: CCTV-5, URL: https://migu.188766.xyz/?migutoken=c7e586cf305a6e8dbcf7942c981007d6&id=CCTV5&type=yy, From: subscribe, IPv_Type: ipv6, Location: 美国, ISP: CloudFlare Inc., Date: None, Delay: -1 ms, Speed: 0.00 M/s, Resolution: None
Name: CCTV-5, URL: https://migu.188766.xyz/?migutoken=01e979cb80cf6cb13e0050d25a406ca1&id=CCTV5p&type=yy, From: subscribe, IPv_Type: ipv6, Location: 美国, ISP: CloudFlare Inc., Date: None, Delay: -1 ms, Speed: 0.00 M/s, Resolution: None
Name: CCTV-5, URL: https://migu.188766.xyz/?migutoken=90c6c30caabd2ffb89405cf2a3fdcac5&id=CCTV5&type=yy, From: subscribe, IPv_Type: ipv6, Location: 美国, ISP: CloudFlare Inc., Date: None, Delay: -1 ms, Speed: 0.00 M/s, Resolution: None
Name: CCTV-5, URL: https://migu.188766.xyz/?migutoken=fa4702ef64435bbb4720ff3e24eb206e&id=CCTV5p&type=yy, From: subscribe, IPv_Type: ipv6, Location: 美国, ISP: CloudFlare Inc., Date: None, Delay: -1 ms, Speed: 0.00 M/s, Resolution: None
Name: CCTV-5, URL: https://migu.188766.xyz/?migutoken=3ca4c7c86076eecc26c1ee0c8f3044f0&id=CCTV5&type=yy, From: subscribe, IPv_Type: ipv6, Location: 美国, ISP: CloudFlare Inc., Date: None, Delay: -1 ms, Speed: 0.00 M/s, Resolution: None
Name: CCTV-5, URL: https://migu.188766.xyz/?migutoken=e9af0236866ebdb8e86dbb5081b5d4e8&id=CCTV5p&type=yy, From: subscribe, IPv_Type: ipv6, Location: 美国, ISP: CloudFlare Inc., Date: None, Delay: -1 ms, Speed: 0.00 M/s, Resolution: None
Name: CCTV-5, URL: https://migu.188766.xyz/?migutoken=e45ef9e248325298eeaa19ff57301a94&id=CCTV5&type=yy, From: subscribe, IPv_Type: ipv6, Location: 美国, ISP: CloudFlare Inc., Date: None, Delay: -1 ms, Speed: 0.00 M/s, Resolution: None
Name: CCTV-5, URL: https://migu.188766.xyz/?migutoken=4cb8ba0277fed5e59d7bbf6992ec0c00&id=CCTV5p&type=yy, From: subscribe, IPv_Type: ipv6, Location: 美国, ISP: CloudFlare Inc., Date: None, Delay: -1 ms, Speed: 0.00 M/s, Resolution: None
Name: CCTV-5, URL: https://migu.188766.xyz/?migutoken=d571113f2b9daa02ca501bc2bba37c24&id=CCTV5&type=yy, From: subscribe, IPv_Type: ipv6, Location: 美国, ISP: CloudFlare Inc., Date: None, Delay: -1 ms, Speed: 0.00 M/s, Resolution: None
Name: CCTV-5, URL: https://migu.188766.xyz/?migutoken=4a169c212039ec372ac031a550589930&id=CCTV5p&type=yy, From: subscribe, IPv_Type: ipv6, Location: 美国, ISP: CloudFlare Inc., Date: None, Delay: -1 ms, Speed: 0.00 M/s, Resolution: None
Name: CCTV-5, URL: https://migu.188766.xyz/?migutoken=6da9dd3c7d37210f738039f7b8434453&id=CCTV5&type=yy, From: subscribe, IPv_Type: ipv6, Location: 美国, ISP: CloudFlare Inc., Date: None, Delay: -1 ms, Speed: 0.00 M/s, Resolution: None
Name: CCTV-5, URL: https://migu.188766.xyz/?migutoken=e0e465fd676646c4e33a92a77e7f7e81&id=CCTV5p&type=yy, From: subscribe, IPv_Type: ipv6, Location: 美国, ISP: CloudFlare Inc., Date: None, Delay: -1 ms, Speed: 0.00 M/s, Resolution: None
Name: CCTV-5, URL: https://migu.188766.xyz/?migutoken=0b3886af850071a8162f53ed77831b88&id=CCTV5&type=yy, From: subscribe, IPv_Type: ipv6, Location: 美国, ISP: CloudFlare Inc., Date: None, Delay: -1 ms, Speed: 0.00 M/s, Resolution: None
Name: CCTV-5, URL: https://migu.188766.xyz/?migutoken=67736b223a5b665d69afb10857ac5363&id=CCTV5p&type=yy, From: subscribe, IPv_Type: ipv6, Location: 美国, ISP: CloudFlare Inc., Date: None, Delay: -1 ms, Speed: 0.00 M/s, Resolution: None
Name: CCTV-5, URL: https://migu.188766.xyz/?migutoken=48bbd30016633cbcf423647047d90a4f&id=CCTV5&type=yy, From: subscribe, IPv_Type: ipv6, Location: 美国, ISP: CloudFlare Inc., Date: None, Delay: -1 ms, Speed: 0.00 M/s, Resolution: None
Name: CCTV-5, URL: https://migu.188766.xyz/?migutoken=a3824db7270042308673fa905895aece&id=CCTV5p&type=yy, From: subscribe, IPv_Type: ipv6, Location: 美国, ISP: CloudFlare Inc., Date: None, Delay: -1 ms, Speed: 0.00 M/s, Resolution: None
Name: CCTV-5, URL: https://migu.188766.xyz/?migutoken=b3bde64f5b6efe8d0ad02e65e09785ae&id=CCTV5&type=yy, From: subscribe, IPv_Type: ipv6, Location: 美国, ISP: CloudFlare Inc., Date: None, Delay: -1 ms, Speed: 0.00 M/s, Resolution: None
Name: CCTV-5, URL: https://migu.188766.xyz/?migutoken=b28b2625ab79f3f568ba8673127a2913&id=CCTV5p&type=yy, From: subscribe, IPv_Type: ipv6, Location: 美国, ISP: CloudFlare Inc., Date: None, Delay: -1 ms, Speed: 0.00 M/s, Resolution: None
Name: CCTV-5, URL: https://migu.188766.xyz/?migutoken=763b4e6a2dc36a2fc9bce9561156de93&id=CCTV5&type=yy, From: subscribe, IPv_Type: ipv6, Location: 美国, ISP: CloudFlare Inc., Date: None, Delay: -1 ms, Speed: 0.00 M/s, Resolution: None
Name: CCTV-5, URL: https://migu.188766.xyz/?migutoken=106f338e986b8dc33591373ac654068a&id=CCTV5p&type=yy, From: subscribe, IPv_Type: ipv6, Location: 美国, ISP: CloudFlare Inc., Date: None, Delay: -1 ms, Speed: 0.00 M/s, Resolution: None
Name: CCTV-5, URL: https://migu.188766.xyz/?migutoken=69eaca09f1e6b2b2797e4a4c2fe34233&id=CCTV5&type=yy, From: subscribe, IPv_Type: ipv6, Location: 美国, ISP: CloudFlare Inc., Date: None, Delay: -1 ms, Speed: 0.00 M/s, Resolution: None
Name: CCTV-5, URL: https://migu.188766.xyz/?migutoken=04f4dfedad9497278a0786dd87f38311&id=CCTV5p&type=yy, From: subscribe, IPv_Type: ipv6, Location: 美国, ISP: CloudFlare Inc., Date: None, Delay: -1 ms, Speed: 0.00 M/s, Resolution: None
Name: CCTV-5, URL: https://migu.188766.xyz/?migutoken=cef9d26a1aeb0e6f5282a07f1a2bdaa6&id=CCTV5&type=yy, From: subscribe, IPv_Type: ipv6, Location: 美国, ISP: CloudFlare Inc., Date: None, Delay: -1 ms, Speed: 0.00 M/s, Resolution: None
Name: CCTV-5, URL: https://migu.188766.xyz/?migutoken=4aa339bd9b06016a10fea48423167f67&id=CCTV5p&type=yy, From: subscribe, IPv_Type: ipv6, Location: 美国, ISP: CloudFlare Inc., Date: None, Delay: -1 ms, Speed: 0.00 M/s, Resolution: None
Name: CCTV-5, URL: http://tvgslb.hn.chinamobile.com:8089/180000001002/00000001000000000099000000197689/main.m3u8?stbid=, From: subscribe, IPv_Type: ipv6, Location: 中国, ISP: 中国移动, Date: None, Delay: -1 ms, Speed: 0.00 M/s, Resolution: None
Name: CCTV-5, URL: http://tvgslb.hn.chinamobile.com:8089/180000001002/00000001000000000008000000047456/main.m3u8?stbid=, From: subscribe, IPv_Type: ipv6, Location: 中国, ISP: 中国移动, Date: None, Delay: -1 ms, Speed: 0.00 M/s, Resolution: None
Name: CCTV-5, URL: http://hwottcdn.ln.chinamobile.com/PLTV/11/224/3221227218/index.m3u8, From: subscribe, IPv_Type: ipv6, Location: 中国, ISP: 中国移动, Date: None, Delay: -1 ms, Speed: 0.00 M/s, Resolution: None
Name: CCTV-5, URL: http://ott.mobaibox.com/PLTV/3/224/3221228502/index.m3u8, From: subscribe, IPv_Type: ipv6, Location: 中国, ISP: 中国移动, Date: None, Delay: -1 ms, Speed: 0.00 M/s, Resolution: None
Name: CCTV-5, URL: http://hwltc.tv.cdn.zj.chinamobile.com/PLTV/88888888/224/3221236444/index.m3u8, From: subscribe, IPv_Type: ipv6, Location: 中国, ISP: 中国移动, Date: None, Delay: -1 ms, Speed: 0.00 M/s, Resolution: None
Name: CCTV-5, URL: http://hwottcdn.ln.chinamobile.com/PLTV/11/224/3221227293/index.m3u8, From: subscribe, IPv_Type: ipv6, Location: 中国, ISP: 中国移动, Date: None, Delay: -1 ms, Speed: 0.00 M/s, Resolution: None
Name: CCTV-5, URL: http://hwottcdn.ln.chinamobile.com/PLTV/11/224/3221227338/index.m3u8, From: subscribe, IPv_Type: ipv6, Location: 中国, ISP: 中国移动, Date: None, Delay: -1 ms, Speed: 0.00 M/s, Resolution: None
Name: CCTV-5, URL: http://hwottcdn.ln.chinamobile.com/PLTV/11/224/3221226200/index.m3u8, From: subscribe, IPv_Type: ipv6, Location: 中国, ISP: 中国移动, Date: None, Delay: -1 ms, Speed: 0.00 M/s, Resolution: None
Name: CCTV-5, URL: http://k.061899.xyz/k.php?id=cctv5, From: subscribe, IPv_Type: ipv6, Location: 新加坡, ISP: Aceville Pte.Ltd., Date: None, Delay: -1 ms, Speed: 0.00 M/s, Resolution: None
Name: CCTV-5, URL: http://tvgslb.hn.chinamobile.com:8089/180000001002/00000000000000020000000000182561/main.m3u8?stbid=, From: subscribe, IPv_Type: ipv6, Location: 中国, ISP: 中国移动, Date: None, Delay: -1 ms, Speed: 0.00 M/s, Resolution: None
Name: CCTV-5, URL: http://ott.mobaibox.com/PLTV/3/224/3221228176/index.m3u8, From: subscribe, IPv_Type: ipv6, Location: 中国, ISP: 中国移动, Date: None, Delay: -1 ms, Speed: 0.00 M/s, Resolution: None
Name: CCTV-5, URL: http://k.061899.xyz/k.php?id=cctv5p, From: subscribe, IPv_Type: ipv6, Location: 新加坡, ISP: Aceville Pte.Ltd., Date: None, Delay: -1 ms, Speed: 0.00 M/s, Resolution: None
Name: CCTV-5, URL: http://hwottcdn.ln.chinamobile.com/PLTV/11/224/3221226910/index.m3u8, From: subscribe, IPv_Type: ipv6, Location: 中国, ISP: 中国移动, Date: None, Delay: -1 ms, Speed: 0.00 M/s, Resolution: None
Name: CCTV-5, URL: http://hwltc.tv.cdn.zj.chinamobile.com/PLTV/88888888/224/3221236306/index.m3u8, From: subscribe, IPv_Type: ipv6, Location: 中国, ISP: 中国移动, Date: None, Delay: -1 ms, Speed: 0.00 M/s, Resolution: None
Name: CCTV-5, URL: http://tvgslb.hn.chinamobile.com:8089/180000001002/00000001000000000008000000047442/main.m3u8?stbid=, From: subscribe, IPv_Type: ipv6, Location: 中国, ISP: 中国移动, Date: None, Delay: -1 ms, Speed: 0.00 M/s, Resolution: None
Name: CCTV-5, URL: http://hwottcdn.ln.chinamobile.com/PLTV/11/224/3221227236/index.m3u8, From: subscribe, IPv_Type: ipv6, Location: 中国, ISP: 中国移动, Date: None, Delay: -1 ms, Speed: 0.00 M/s, Resolution: None
Name: CCTV-5, URL: http://hwottcdn.ln.chinamobile.com/PLTV/11/224/3221226745/index.m3u8, From: subscribe, IPv_Type: ipv6, Location: 中国, ISP: 中国移动, Date: None, Delay: -1 ms, Speed: 0.00 M/s, Resolution: None
Name: CCTV-5, URL: http://hwottcdn.ln.chinamobile.com/PLTV/11/224/3221226198/index.m3u8, From: subscribe, IPv_Type: ipv6, Location: 中国, ISP: 中国移动, Date: None, Delay: -1 ms, Speed: 0.00 M/s, Resolution: None
Name: CCTV-5, URL: https://migu.188766.xyz/?migutoken=f9b995f0f53da3d4333bd647b37d20b6&id=CCTV5&type=yy, From: subscribe, IPv_Type: ipv6, Location: 美国, ISP: CloudFlare Inc., Date: None, Delay: -1 ms, Speed: 0.00 M/s, Resolution: None
Name: CCTV-5, URL: https://migu.188766.xyz/?migutoken=d21e9fd89e94b33e00649c1c360fd768&id=CCTV5p&type=yy, From: subscribe, IPv_Type: ipv6, Location: 美国, ISP: CloudFlare Inc., Date: None, Delay: -1 ms, Speed: 0.00 M/s, Resolution: None
Name: CCTV-5, URL: https://migu.188766.xyz/?migutoken=7764b3003bb40318de3e079067665117&id=CCTV5&type=yy, From: subscribe, IPv_Type: ipv6, Location: 美国, ISP: CloudFlare Inc., Date: None, Delay: -1 ms, Speed: 0.00 M/s, Resolution: None
Name: CCTV-5, URL: https://migu.188766.xyz/?migutoken=eb8b7df54981b8d912718f5547ad2f94&id=CCTV5p&type=yy, From: subscribe, IPv_Type: ipv6, Location: 美国, ISP: CloudFlare Inc., Date: None, Delay: -1 ms, Speed: 0.00 M/s, Resolution: None
Name: CCTV-5, URL: https://migu.188766.xyz/?migutoken=e5ff77b01fe36e30113bc7f056fd7f0f&id=CCTV5&type=yy, From: subscribe, IPv_Type: ipv6, Location: 美国, ISP: CloudFlare Inc., Date: None, Delay: -1 ms, Speed: 0.00 M/s, Resolution: None
Name: CCTV-5, URL: https://migu.188766.xyz/?migutoken=2fdfe9117943b926c3d966185451467f&id=CCTV5p&type=yy, From: subscribe, IPv_Type: ipv6, Location: 美国, ISP: CloudFlare Inc., Date: None, Delay: -1 ms, Speed: 0.00 M/s, Resolution: None
Name: CCTV-5, URL: https://migu.188766.xyz/?migutoken=b516ab91fe28836fe97fc9a221ac53c7&id=CCTV5&type=yy, From: subscribe, IPv_Type: ipv6, Location: 美国, ISP: CloudFlare Inc., Date: None, Delay: -1 ms, Speed: 0.00 M/s, Resolution: None
Name: CCTV-5, URL: https://migu.188766.xyz/?migutoken=8c6fab8a444d0721a2c30e15636d3a16&id=CCTV5p&type=yy, From: subscribe, IPv_Type: ipv6, Location: 美国, ISP: CloudFlare Inc., Date: None, Delay: -1 ms, Speed: 0.00 M/s, Resolution: None
Name: CCTV-5, URL: https://migu.188766.xyz/?migutoken=88eed20cb8892f742cec5cb4d96762f3&id=CCTV5&type=yy, From: subscribe, IPv_Type: ipv6, Location: 美国, ISP: CloudFlare Inc., Date: None, Delay: -1 ms, Speed: 0.00 M/s, Resolution: None
Name: CCTV-5, URL: https://migu.188766.xyz/?migutoken=ae8a85e6f17b1383f9ad1a973489ad09&id=CCTV5p&type=yy, From: subscribe, IPv_Type: ipv6, Location: 美国, ISP: CloudFlare Inc., Date: None, Delay: -1 ms, Speed: 0.00 M/s, Resolution: None
Name: CCTV-5, URL: https://migu.188766.xyz/?migutoken=32f6ca1f9f07f951159844d7ab974c05&id=CCTV5&type=yy, From: subscribe, IPv_Type: ipv6, Location: 美国, ISP: CloudFlare Inc., Date: None, Delay: -1 ms, Speed: 0.00 M/s, Resolution: None
Name: CCTV-5, URL: https://migu.188766.xyz/?migutoken=f141fea1aa022499c48610385499ef18&id=CCTV5p&type=yy, From: subscribe, IPv_Type: ipv6, Location: 美国, ISP: CloudFlare Inc., Date: None, Delay: -1 ms, Speed: 0.00 M/s, Resolution: None
Name: CCTV-5, URL: https://migu.188766.xyz/?migutoken=6b4ba1e3a4778853bbc99fbe3789dc72&id=CCTV5&type=yy, From: subscribe, IPv_Type: ipv6, Location: 美国, ISP: CloudFlare Inc., Date: None, Delay: -1 ms, Speed: 0.00 M/s, Resolution: None
Name: CCTV-5, URL: https://migu.188766.xyz/?migutoken=0a93b0f8c10c8c3d4114daf993d3a1f5&id=CCTV5p&type=yy, From: subscribe, IPv_Type: ipv6, Location: 美国, ISP: CloudFlare Inc., Date: None, Delay: -1 ms, Speed: 0.00 M/s, Resolution: None
Name: CCTV-5, URL: https://migu.188766.xyz/?migutoken=ede1b0c965a5f97adc964f0223ae6b6e&id=CCTV5&type=yy, From: subscribe, IPv_Type: ipv6, Location: 美国, ISP: CloudFlare Inc., Date: None, Delay: -1 ms, Speed: 0.00 M/s, Resolution: None
Name: CCTV-5, URL: https://migu.188766.xyz/?migutoken=ca413694463edd2c32eb8d573be875ba&id=CCTV5p&type=yy, From: subscribe, IPv_Type: ipv6, Location: 美国, ISP: CloudFlare Inc., Date: None, Delay: -1 ms, Speed: 0.00 M/s, Resolution: None
Name: CCTV-5, URL: https://migu.188766.xyz/?migutoken=b9b5bb587a7b44ff1e768a796bdc59ba&id=CCTV5&type=yy, From: subscribe, IPv_Type: ipv6, Location: 美国, ISP: CloudFlare Inc., Date: None, Delay: -1 ms, Speed: 0.00 M/s, Resolution: None
Name: CCTV-5, URL: https://migu.188766.xyz/?migutoken=bd32b0dceeb03177dd68725aee07528e&id=CCTV5p&type=yy, From: subscribe, IPv_Type: ipv6, Location: 美国, ISP: CloudFlare Inc., Date: None, Delay: -1 ms, Speed: 0.00 M/s, Resolution: None
Name: CCTV-5, URL: https://migu.188766.xyz/?migutoken=9d85fd3ca5821392d370952a0361345b&id=CCTV5&type=yy, From: subscribe, IPv_Type: ipv6, Location: 美国, ISP: CloudFlare Inc., Date: None, Delay: -1 ms, Speed: 0.00 M/s, Resolution: None
Name: CCTV-5, URL: https://migu.188766.xyz/?migutoken=fb6bb5b353871a4e18776a001d6485c1&id=CCTV5p&type=yy, From: subscribe, IPv_Type: ipv6, Location: 美国, ISP: CloudFlare Inc., Date: None, Delay: -1 ms, Speed: 0.00 M/s, Resolution: None
Name: CCTV-5, URL: https://migu.188766.xyz/?migutoken=b92e6feb53e41001185396ede12af650&id=CCTV5&type=yy, From: subscribe, IPv_Type: ipv6, Location: 美国, ISP: CloudFlare Inc., Date: None, Delay: -1 ms, Speed: 0.00 M/s, Resolution: None
Name: CCTV-5, URL: https://migu.188766.xyz/?migutoken=aa802757b29486fa08bb2fe647b958b1&id=CCTV5p&type=yy, From: subscribe, IPv_Type: ipv6, Location: 美国, ISP: CloudFlare Inc., Date: None, Delay: -1 ms, Speed: 0.00 M/s, Resolution: None
Name: CCTV-5, URL: https://live.catvod.com/live.php?id=cctv5, From: subscribe, IPv_Type: ipv6, Location: 美国, ISP: CloudFlare Inc., Date: None, Delay: -1 ms, Speed: 0.00 M/s, Resolution: None
Name: CCTV-5, URL: https://live.catvod.com/live.php?id=cctv5plus, From: subscribe, IPv_Type: ipv6, Location: 美国, ISP: CloudFlare Inc., Date: None, Delay: -1 ms, Speed: 0.00 M/s, Resolution: None
Name: CCTV-5, URL: http://23.237.228.134/live5/CCTV5.m3u8, From: subscribe, IPv_Type: ipv4, Location: 北美地区, ISP: , Date: None, Delay: 97 ms, Speed: 30.29 M/s, Resolution: 1920x1080
Name: CCTV-5, URL: http://23.237.228.134/live5/CCTV5p.m3u8, From: subscribe, IPv_Type: ipv4, Location: 北美地区, ISP: , Date: None, Delay: 118 ms, Speed: 22.97 M/s, Resolution: 1920x1080
Name: CCTV-5, URL: http://38.75.136.137:98/gslb/dsdqbv/cctv5p.m3u8?auth=test20251009, From: subscribe, IPv_Type: ipv4, Location: 美国-伊利诺伊州-库克, ISP: Cogent, Date: None, Delay: 1049 ms, Speed: 4.75 M/s, Resolution: 1920x1080
Name: CCTV-5, URL: http://38.75.136.137:98/gslb/dsdqbv/cctv5hd.m3u8?auth=test20251009, From: subscribe, IPv_Type: ipv4, Location: 美国-伊利诺伊州-库克, ISP: Cogent, Date: None, Delay: 1137 ms, Speed: 4.63 M/s, Resolution: 1920x1080
Name: CCTV-5+, URL: https://www.freetv.top/migu/641886773.m3u8?migutoken=408252ae4ee84d4533a52e87dc35e108f3557992d0837a3c98af9093fccdb78373328e743136467868d2125b1fa35c3f4d576327db5e3ec96ec3108e28e950fb462f2dc81da44be8ae43ebe0ce, From: subscribe, IPv_Type: ipv6, Location: 美国-加利福尼亚州-圣克拉拉, ISP: DigitalOcean, Date: None, Delay: 61 ms, Speed: 6.83 M/s, Resolution: 1920x1080
Name: CCTV-5+, URL: https://www.freetv.top/migu/641886773.m3u8?migutoken=a79abb65a17f5be7da5d3ec37960d15f3a6b164cf4540fb85ca8f60c68726c5c84ee3e9356f5c9515215acf25f71251776bf3e39fc89015d04e7a8ecb61ac182200548094f6aa8d0fdcb89d528, From: subscribe, IPv_Type: ipv6, Location: 美国-加利福尼亚州-圣克拉拉, ISP: DigitalOcean, Date: None, Delay: 68 ms, Speed: 6.89 M/s, Resolution: 1920x1080
Name: CCTV-5+, URL: https://www.freetv.top/migu/641886773.m3u8?migutoken=4f1a9fcd002d1813b494eddd61778e103dbe130f4abb409e9032be9917dfd1871014d622a729fd6ffc4e1c376330de3f42c3691e2b49d12f7eb77bdf1887e67a9e6ad438d269a4408f0b3c6bcb, From: subscribe, IPv_Type: ipv6, Location: 美国-加利福尼亚州-圣克拉拉, ISP: DigitalOcean, Date: None, Delay: 64 ms, Speed: 6.88 M/s, Resolution: 1920x1080
Name: CCTV-5+, URL: http://gslbmgsplive.miguvideo.com/wd_r2/cctv/cctv5plusnew/600/index.m3u8?msisdn=20251209080245b83bfb68effd4156a76c6979134631db&mdspid=&spid=699004&netType=0&sid=5500516288&pid=2028597139&timestamp=20251209080245&Channel_ID=0116_2600037000-99000-200300220100002&ProgramID=641886773&ParentNodeID=-99&assertID=5500516288&client_ip=218.28.233.106&SecurityKey=20251209080245&promotionId=&mvid=5102048803&mcid=500020&playurlVersion=WX-A1-8.11.2-RELEASE&userid=&jmhm=&videocodec=h264&appCode=miguvideo_android&bean=mgspad&tid=android&conFee=0&puData=9c58b308f9885d20c84ce048dab1f21d&ddCalcu=d91cv25af8x1bab3a0d88f4908e8c54d82c0&sv=10004&ct=android, From: subscribe, IPv_Type: ipv6, Location: 中国, ISP: 中国移动, Date: None, Delay: -1 ms, Speed: 0.00 M/s, Resolution: None
Name: CCTV-5+, URL: https://t.freetv.fun/live/cctv5-plus.php, From: subscribe, IPv_Type: ipv6, Location: 美国, ISP: CloudFlare Inc., Date: None, Delay: -1 ms, Speed: 0.00 M/s, Resolution: None
Name: CCTV-6, URL: https://www.freetv.top/migu/624878396.m3u8?migutoken=8e4f91b7950497f8570c74e50003b7fa23f6565c16a6b361ff855d3a969ddf7ea3826b04d20d76b6eeb472f0cb8b86284614a835429165709ec8c3055f8e9a7879e9594a4309b5d50f59f8a535, From: subscribe, IPv_Type: ipv6, Location: 美国-加利福尼亚州-圣克拉拉, ISP: DigitalOcean, Date: None, Delay: 60 ms, Speed: 6.93 M/s, Resolution: 1920x1080
Name: CCTV-6, URL: https://www.freetv.top/migu/624878396.m3u8?migutoken=680307806d82b89a0fb49996b2ac29f029f4acaa517daa479e0e7b48de1925cbaf5d59d33296ab91d331a8f6d9427efbd62c58c14828357513663ce40c85b2fcfc05583339543a10f4a02d75d0, From: subscribe, IPv_Type: ipv6, Location: 美国-加利福尼亚州-圣克拉拉, ISP: DigitalOcean, Date: None, Delay: 102 ms, Speed: 5.85 M/s, Resolution: 1920x1080
Name: CCTV-6, URL: https://www.freetv.top/migu/624878396.m3u8?migutoken=fad6ba45166658ac148a6a597b94823f91673302510000cce2a906c7a6634ee620570956e2746b8b2cf59ae5370dd0f1ff919edf280e875ab76365c094c9960948ebc38ca05218b8effb809ba5, From: subscribe, IPv_Type: ipv6, Location: 美国-加利福尼亚州-圣克拉拉, ISP: DigitalOcean, Date: None, Delay: 61 ms, Speed: 7.08 M/s, Resolution: 1920x1080
Name: CCTV-6, URL: https://www.freetv.top/migu/624878396.m3u8?migutoken=38a08d31f79563a15b6c38307b16c1f1fd2715f58a1bff21d307adaa6597fb3ea267812ba6ac28a74fa0648f0a2003c0d93e137f0257353bff9dedc7eff0cc871a38e97a269bf9ab6e14a4171d, From: subscribe, IPv_Type: ipv6, Location: 美国-加利福尼亚州-圣克拉拉, ISP: DigitalOcean, Date: None, Delay: 120 ms, Speed: 4.63 M/s, Resolution: 1920x1080
Name: CCTV-6, URL: https://www.freetv.top/migu/624878396.m3u8?migutoken=6b67cbdfb1839f227832346707fcbe0f8de95d5df4faa3a63d5243e5f4ca0f52e79f041476a989915ac41a009e4c8f405f58040a4d4ec74bde4c945654300a3c41c00f4d67ef3708cb107ba9e9, From: subscribe, IPv_Type: ipv6, Location: 美国-加利福尼亚州-圣克拉拉, ISP: DigitalOcean, Date: None, Delay: 169 ms, Speed: 2.95 M/s, Resolution: 1920x1080
Name: CCTV-6, URL: https://migu.188766.xyz/?migutoken=7095abbf145009a5afd8d6225f86fde0&id=CCTV6&type=yy, From: subscribe, IPv_Type: ipv6, Location: 美国, ISP: CloudFlare Inc., Date: None, Delay: -1 ms, Speed: 0.00 M/s, Resolution: None
Name: CCTV-6, URL: https://iptv.catvod.com/live.php?id=CCTV-6, From: subscribe, IPv_Type: ipv6, Location: 美国, ISP: CloudFlare Inc., Date: None, Delay: -1 ms, Speed: 0.00 M/s, Resolution: None
Name: CCTV-6, URL: https://migu.188766.xyz/?migutoken=92b40cda76b6ca215fd91a0d6a5d4b34&id=CCTV6&type=yy, From: subscribe, IPv_Type: ipv6, Location: 美国, ISP: CloudFlare Inc., Date: None, Delay: -1 ms, Speed: 0.00 M/s, Resolution: None
Name: CCTV-6, URL: https://migu.188766.xyz/?migutoken=ffb14128dbcab1611486aefb94b63f08&id=CCTV6&type=yy, From: subscribe, IPv_Type: ipv6, Location: 美国, ISP: CloudFlare Inc., Date: None, Delay: -1 ms, Speed: 0.00 M/s, Resolution: None
Name: CCTV-6, URL: https://migu.188766.xyz/?migutoken=804dff75da43a0d7642f148bfbe80403&id=CCTV6&type=yy, From: subscribe, IPv_Type: ipv6, Location: 美国, ISP: CloudFlare Inc., Date: None, Delay: -1 ms, Speed: 0.00 M/s, Resolution: None
Name: CCTV-6, URL: https://migu.188766.xyz/?migutoken=36733e1dfe7a3d106a9c0df1b2ab243c&id=CCTV6&type=yy, From: subscribe, IPv_Type: ipv6, Location: 美国, ISP: CloudFlare Inc., Date: None, Delay: -1 ms, Speed: 0.00 M/s, Resolution: None
Name: CCTV-6, URL: https://migu.188766.xyz/?migutoken=b35c13df83d14e411e674f4ca668601c&id=CCTV6&type=yy, From: subscribe, IPv_Type: ipv6, Location: 美国, ISP: CloudFlare Inc., Date: None, Delay: -1 ms, Speed: 0.00 M/s, Resolution: None
Name: CCTV-6, URL: https://migu.188766.xyz/?migutoken=6887f6a45a63096a7b195788ef2361bc&id=CCTV6&type=yy, From: subscribe, IPv_Type: ipv6, Location: 美国, ISP: CloudFlare Inc., Date: None, Delay: -1 ms, Speed: 0.00 M/s, Resolution: None
Name: CCTV-6, URL: https://migu.188766.xyz/?migutoken=244b591ed493502b6955fff893e039d7&id=CCTV6&type=yy, From: subscribe, IPv_Type: ipv6, Location: 美国, ISP: CloudFlare Inc., Date: None, Delay: -1 ms, Speed: 0.00 M/s, Resolution: None
Name: CCTV-6, URL: https://migu.188766.xyz/?migutoken=50a0a24e5d42b0b9589317e3071d1f87&id=CCTV6&type=yy, From: subscribe, IPv_Type: ipv6, Location: 美国, ISP: CloudFlare Inc., Date: None, Delay: -1 ms, Speed: 0.00 M/s, Resolution: None
Name: CCTV-6, URL: https://migu.188766.xyz/?migutoken=83e4845864a0605dd21abbd28fa1b2bf&id=CCTV6&type=yy, From: subscribe, IPv_Type: ipv6, Location: 美国, ISP: CloudFlare Inc., Date: None, Delay: -1 ms, Speed: 0.00 M/s, Resolution: None
Name: CCTV-6, URL: https://migu.188766.xyz/?migutoken=2210be5dade91b0e3a6a709ad29b3e5d&id=CCTV6&type=yy, From: subscribe, IPv_Type: ipv6, Location: 美国, ISP: CloudFlare Inc., Date: None, Delay: -1 ms, Speed: 0.00 M/s, Resolution: None
Name: CCTV-6, URL: https://migu.188766.xyz/?migutoken=3d967aee167bf303f1d47f287e529105&id=CCTV6&type=yy, From: subscribe, IPv_Type: ipv6, Location: 美国, ISP: CloudFlare Inc., Date: None, Delay: -1 ms, Speed: 0.00 M/s, Resolution: None
Name: CCTV-6, URL: https://migu.188766.xyz/?migutoken=58c4bf9e543a743204b874b4595e623d&id=CCTV6&type=yy, From: subscribe, IPv_Type: ipv6, Location: 美国, ISP: CloudFlare Inc., Date: None, Delay: -1 ms, Speed: 0.00 M/s, Resolution: None
Name: CCTV-6, URL: https://migu.188766.xyz/?migutoken=d3e3faf1e6de108f2e53b00f8295c8ec&id=CCTV6&type=yy, From: subscribe, IPv_Type: ipv6, Location: 美国, ISP: CloudFlare Inc., Date: None, Delay: -1 ms, Speed: 0.00 M/s, Resolution: None
Name: CCTV-6, URL: https://migu.188766.xyz/?migutoken=e39c6201bb56d4b7caffe42b8dc2fa08&id=CCTV6&type=yy, From: subscribe, IPv_Type: ipv6, Location: 美国, ISP: CloudFlare Inc., Date: None, Delay: -1 ms, Speed: 0.00 M/s, Resolution: None
Name: CCTV-6, URL: https://migu.188766.xyz/?migutoken=ccf4f62b5fb0b9998e65c5453595d8bd&id=CCTV6&type=yy, From: subscribe, IPv_Type: ipv6, Location: 美国, ISP: CloudFlare Inc., Date: None, Delay: -1 ms, Speed: 0.00 M/s, Resolution: None
Name: CCTV-6, URL: https://migu.188766.xyz/?migutoken=c994c3cc0129252fe70dec5cedfb7f94&id=CCTV6&type=yy, From: subscribe, IPv_Type: ipv6, Location: 美国, ISP: CloudFlare Inc., Date: None, Delay: -1 ms, Speed: 0.00 M/s, Resolution: None
Name: CCTV-6, URL: https://migu.188766.xyz/?migutoken=91b1cc84626dad732d134311cd9e02cc&id=CCTV6&type=yy, From: subscribe, IPv_Type: ipv6, Location: 美国, ISP: CloudFlare Inc., Date: None, Delay: -1 ms, Speed: 0.00 M/s, Resolution: None
Name: CCTV-6, URL: https://migu.188766.xyz/?migutoken=fdfd320c7266e4080120aaf331e5c534&id=CCTV6&type=yy, From: subscribe, IPv_Type: ipv6, Location: 美国, ISP: CloudFlare Inc., Date: None, Delay: -1 ms, Speed: 0.00 M/s, Resolution: None
Name: CCTV-6, URL: https://migu.188766.xyz/?migutoken=463ccfebc8bfb91c86289bc99e342971&id=CCTV6&type=yy, From: subscribe, IPv_Type: ipv6, Location: 美国, ISP: CloudFlare Inc., Date: None, Delay: -1 ms, Speed: 0.00 M/s, Resolution: None
Name: CCTV-6, URL: https://migu.188766.xyz/?migutoken=84832e0c7e255d0bb56929479ba0b673&id=CCTV6&type=yy, From: subscribe, IPv_Type: ipv6, Location: 美国, ISP: CloudFlare Inc., Date: None, Delay: -1 ms, Speed: 0.00 M/s, Resolution: None
Name: CCTV-6, URL: https://migu.188766.xyz/?migutoken=8459da0c8924b66740d8223477775abd&id=CCTV6&type=yy, From: subscribe, IPv_Type: ipv6, Location: 美国, ISP: CloudFlare Inc., Date: None, Delay: -1 ms, Speed: 0.00 M/s, Resolution: None
Name: CCTV-6, URL: https://migu.188766.xyz/?migutoken=4956ed14c307c4ac97f60671cb081bfc&id=CCTV6&type=yy, From: subscribe, IPv_Type: ipv6, Location: 美国, ISP: CloudFlare Inc., Date: None, Delay: -1 ms, Speed: 0.00 M/s, Resolution: None
Name: CCTV-6, URL: https://migu.188766.xyz/?migutoken=fee91a5ff4648f48b0eb8eaafea31a48&id=CCTV6&type=yy, From: subscribe, IPv_Type: ipv6, Location: 美国, ISP: CloudFlare Inc., Date: None, Delay: -1 ms, Speed: 0.00 M/s, Resolution: None
Name: CCTV-6, URL: https://migu.188766.xyz/?migutoken=df5712c1d32ace093c34b817898c1792&id=CCTV6&type=yy, From: subscribe, IPv_Type: ipv6, Location: 美国, ISP: CloudFlare Inc., Date: None, Delay: -1 ms, Speed: 0.00 M/s, Resolution: None
Name: CCTV-6, URL: https://migu.188766.xyz/?migutoken=05f62396dbdb4406cb55807862f01c1b&id=CCTV6&type=yy, From: subscribe, IPv_Type: ipv6, Location: 美国, ISP: CloudFlare Inc., Date: None, Delay: -1 ms, Speed: 0.00 M/s, Resolution: None
Name: CCTV-6, URL: https://migu.188766.xyz/?migutoken=edcf0e248b57dbc55c179906c835e7cf&id=CCTV6&type=yy, From: subscribe, IPv_Type: ipv6, Location: 美国, ISP: CloudFlare Inc., Date: None, Delay: -1 ms, Speed: 0.00 M/s, Resolution: None
Name: CCTV-6, URL: https://migu.188766.xyz/?migutoken=e0605ab77a2edc8b596c30f6517d4049&id=CCTV6&type=yy, From: subscribe, IPv_Type: ipv6, Location: 美国, ISP: CloudFlare Inc., Date: None, Delay: -1 ms, Speed: 0.00 M/s, Resolution: None
Name: CCTV-6, URL: https://live.catvod.com/live.php?id=cctv6, From: subscribe, IPv_Type: ipv6, Location: 美国, ISP: CloudFlare Inc., Date: None, Delay: -1 ms, Speed: 0.00 M/s, Resolution: None
Name: CCTV-6, URL: http://38.75.136.137:98/gslb/dsdqbv/cctv6hd.m3u8?auth=test20251009, From: subscribe, IPv_Type: ipv4, Location: 美国-伊利诺伊州-库克, ISP: Cogent, Date: None, Delay: 956 ms, Speed: 4.45 M/s, Resolution: 1920x1080
Name: CCTV-6, URL: http://nn.7x9d.cn/xzc2.php?ua=TW96aWxsYS81LjAgKFdpbmRvd3MgTlQgNi4xOyBXaW42NDsgeDY0KSBBcHBsZVdlYktpdC81MzcuMzYgKEtIVE1MLCBsaWtlIEdlY2tvKSBDaHJvbWUvMTA2LjAuMC4wIFNhZmFyaS81MzcuMzY=&hls=aHR0cDovL3R2dGouanh3bHR4LmNvbTo4MDAzL2NjdHY2Lm0zdTg=, From: subscribe, IPv_Type: ipv4, Location: 中国-江苏-宿迁, ISP: 七星云BGP数据中心, Date: None, Delay: 10191 ms, Speed: 0.12 M/s, Resolution: 1920x1080
Name: CCTV-7, URL: https://www.freetv.top/migu/673168121.m3u8?migutoken=44446ab398991313e6a822efdaec82f3b845a2e8f141c172aa857c477255724bbb28fc01d33f764c51106c446af1c57e8815b58822075b194f4cf55cde28fe55f54330d4586c92e75e8aa50a48, From: subscribe, IPv_Type: ipv6, Location: 美国-加利福尼亚州-圣克拉拉, ISP: DigitalOcean, Date: None, Delay: 134 ms, Speed: 3.43 M/s, Resolution: 1920x1080
Name: CCTV-7, URL: https://www.freetv.top/migu/673168121.m3u8?migutoken=11284a6f3b3b2fa213fe083e46e96de1056fd7727d3d02e2cb4c2eb6c9994c51a6d20f333eba2d4739cee8fe8d82b5a8ed95fbfa87d5df4d792df3f436e23df7ce80f601e526e1e967f1479a14, From: subscribe, IPv_Type: ipv6, Location: 美国-加利福尼亚州-圣克拉拉, ISP: DigitalOcean, Date: None, Delay: 149 ms, Speed: 3.28 M/s, Resolution: 1920x1080
Name: CCTV-7, URL: https://migu.188766.xyz/?migutoken=802eddfcbaabedb0bec4fbf85564fbe1&id=CCTV7&type=yy, From: subscribe, IPv_Type: ipv6, Location: 美国, ISP: CloudFlare Inc., Date: None, Delay: -1 ms, Speed: 0.00 M/s, Resolution: None
Name: CCTV-7, URL: https://migu.188766.xyz/?migutoken=013700d551618c30c99556077f876f9d&id=CCTV7&type=yy, From: subscribe, IPv_Type: ipv6, Location: 美国, ISP: CloudFlare Inc., Date: None, Delay: -1 ms, Speed: 0.00 M/s, Resolution: None
Name: CCTV-7, URL: https://iptv.catvod.com/live.php?id=CCTV-7, From: subscribe, IPv_Type: ipv6, Location: 美国, ISP: CloudFlare Inc., Date: None, Delay: -1 ms, Speed: 0.00 M/s, Resolution: None
Name: CCTV-7, URL: https://migu.188766.xyz/?migutoken=5ab0a5add179b00b9bd6c9b4daa248ce&id=CCTV7&type=yy, From: subscribe, IPv_Type: ipv6, Location: 美国, ISP: CloudFlare Inc., Date: None, Delay: -1 ms, Speed: 0.00 M/s, Resolution: None
Name: CCTV-7, URL: https://migu.188766.xyz/?migutoken=42155c4cb87f8c544143252e3465c48f&id=CCTV7&type=yy, From: subscribe, IPv_Type: ipv6, Location: 美国, ISP: CloudFlare Inc., Date: None, Delay: -1 ms, Speed: 0.00 M/s, Resolution: None
Name: CCTV-7, URL: https://migu.188766.xyz/?migutoken=cb2502dbacf4715fb26461bdff2a0d34&id=CCTV7&type=yy, From: subscribe, IPv_Type: ipv6, Location: 美国, ISP: CloudFlare Inc., Date: None, Delay: -1 ms, Speed: 0.00 M/s, Resolution: None
Name: CCTV-7, URL: https://migu.188766.xyz/?migutoken=cef3d6698efa101b9f3d6feaa01ededd&id=CCTV7&type=yy, From: subscribe, IPv_Type: ipv6, Location: 美国, ISP: CloudFlare Inc., Date: None, Delay: -1 ms, Speed: 0.00 M/s, Resolution: None
Name: CCTV-7, URL: https://migu.188766.xyz/?migutoken=4b411666792be32de660ea245584e4dd&id=CCTV7&type=yy, From: subscribe, IPv_Type: ipv6, Location: 美国, ISP: CloudFlare Inc., Date: None, Delay: -1 ms, Speed: 0.00 M/s, Resolution: None
Name: CCTV-7, URL: https://migu.188766.xyz/?migutoken=7c5a2fc93c82aa7298834646a32c22a0&id=CCTV7&type=yy, From: subscribe, IPv_Type: ipv6, Location: 美国, ISP: CloudFlare Inc., Date: None, Delay: -1 ms, Speed: 0.00 M/s, Resolution: None
Name: CCTV-7, URL: https://migu.188766.xyz/?migutoken=4664373079840124929ab68ebf2c29df&id=CCTV7&type=yy, From: subscribe, IPv_Type: ipv6, Location: 美国, ISP: CloudFlare Inc., Date: None, Delay: -1 ms, Speed: 0.00 M/s, Resolution: None
Name: CCTV-7, URL: https://migu.188766.xyz/?migutoken=0ec1efae43a68c8a3e18da05f1dd2acf&id=CCTV7&type=yy, From: subscribe, IPv_Type: ipv6, Location: 美国, ISP: CloudFlare Inc., Date: None, Delay: -1 ms, Speed: 0.00 M/s, Resolution: None
Name: CCTV-7, URL: https://migu.188766.xyz/?migutoken=8ee27a1a7b64b54355bb0fc57db2633d&id=CCTV7&type=yy, From: subscribe, IPv_Type: ipv6, Location: 美国, ISP: CloudFlare Inc., Date: None, Delay: -1 ms, Speed: 0.00 M/s, Resolution: None
Name: CCTV-7, URL: https://migu.188766.xyz/?migutoken=fc0845ff2f5a0c9ca3f89188024e7e56&id=CCTV7&type=yy, From: subscribe, IPv_Type: ipv6, Location: 美国, ISP: CloudFlare Inc., Date: None, Delay: -1 ms, Speed: 0.00 M/s, Resolution: None
Name: CCTV-7, URL: https://migu.188766.xyz/?migutoken=d0abcfcac9e874dd61d07bf6a89e8247&id=CCTV7&type=yy, From: subscribe, IPv_Type: ipv6, Location: 美国, ISP: CloudFlare Inc., Date: None, Delay: -1 ms, Speed: 0.00 M/s, Resolution: None
Name: CCTV-7, URL: https://migu.188766.xyz/?migutoken=ff45ecbd75c21f04ee973366bd0d7617&id=CCTV7&type=yy, From: subscribe, IPv_Type: ipv6, Location: 美国, ISP: CloudFlare Inc., Date: None, Delay: -1 ms, Speed: 0.00 M/s, Resolution: None
Name: CCTV-7, URL: https://migu.188766.xyz/?migutoken=a4282ec143f035d9bc77404eeed37a8e&id=CCTV7&type=yy, From: subscribe, IPv_Type: ipv6, Location: 美国, ISP: CloudFlare Inc., Date: None, Delay: -1 ms, Speed: 0.00 M/s, Resolution: None
Name: CCTV-7, URL: https://migu.188766.xyz/?migutoken=0878594d1daf10dc5c810be1b68f9d95&id=CCTV7&type=yy, From: subscribe, IPv_Type: ipv6, Location: 美国, ISP: CloudFlare Inc., Date: None, Delay: -1 ms, Speed: 0.00 M/s, Resolution: None
Name: CCTV-7, URL: https://migu.188766.xyz/?migutoken=4b139c9aa2b114f5f4972d91fa5f5711&id=CCTV7&type=yy, From: subscribe, IPv_Type: ipv6, Location: 美国, ISP: CloudFlare Inc., Date: None, Delay: -1 ms, Speed: 0.00 M/s, Resolution: None
Name: CCTV-7, URL: https://migu.188766.xyz/?migutoken=071d7f5e2e78cb1c203c0e87e1f7b6ac&id=CCTV7&type=yy, From: subscribe, IPv_Type: ipv6, Location: 美国, ISP: CloudFlare Inc., Date: None, Delay: -1 ms, Speed: 0.00 M/s, Resolution: None
Name: CCTV-7, URL: https://migu.188766.xyz/?migutoken=180bf6320b644afbf9e08a40329e5cd4&id=CCTV7&type=yy, From: subscribe, IPv_Type: ipv6, Location: 美国, ISP: CloudFlare Inc., Date: None, Delay: -1 ms, Speed: 0.00 M/s, Resolution: None
Name: CCTV-7, URL: https://migu.188766.xyz/?migutoken=f1ce29d13ed751ea63d33951c2b4d91e&id=CCTV7&type=yy, From: subscribe, IPv_Type: ipv6, Location: 美国, ISP: CloudFlare Inc., Date: None, Delay: -1 ms, Speed: 0.00 M/s, Resolution: None
Name: CCTV-7, URL: https://migu.188766.xyz/?migutoken=e4efe21fc6ddd1109adf1d385d3a42a5&id=CCTV7&type=yy, From: subscribe, IPv_Type: ipv6, Location: 美国, ISP: CloudFlare Inc., Date: None, Delay: -1 ms, Speed: 0.00 M/s, Resolution: None
Name: CCTV-7, URL: https://migu.188766.xyz/?migutoken=9a0ee800fc2fddb475e6c176eaf9d8de&id=CCTV7&type=yy, From: subscribe, IPv_Type: ipv6, Location: 美国, ISP: CloudFlare Inc., Date: None, Delay: -1 ms, Speed: 0.00 M/s, Resolution: None
Name: CCTV-7, URL: https://migu.188766.xyz/?migutoken=562c13e9e6a643eb30967bbc98ef4aad&id=CCTV7&type=yy, From: subscribe, IPv_Type: ipv6, Location: 美国, ISP: CloudFlare Inc., Date: None, Delay: -1 ms, Speed: 0.00 M/s, Resolution: None
Name: CCTV-7, URL: https://migu.188766.xyz/?migutoken=44e7ba029c2bad5c056bb495aba58317&id=CCTV7&type=yy, From: subscribe, IPv_Type: ipv6, Location: 美国, ISP: CloudFlare Inc., Date: None, Delay: -1 ms, Speed: 0.00 M/s, Resolution: None
Name: CCTV-7, URL: https://migu.188766.xyz/?migutoken=059875427e5b661a22a87696bcef2d7a&id=CCTV7&type=yy, From: subscribe, IPv_Type: ipv6, Location: 美国, ISP: CloudFlare Inc., Date: None, Delay: -1 ms, Speed: 0.00 M/s, Resolution: None
Name: CCTV-7, URL: https://migu.188766.xyz/?migutoken=466cca0bf7119abee5953e879de1402a&id=CCTV7&type=yy, From: subscribe, IPv_Type: ipv6, Location: 美国, ISP: CloudFlare Inc., Date: None, Delay: -1 ms, Speed: 0.00 M/s, Resolution: None
Name: CCTV-7, URL: https://migu.188766.xyz/?migutoken=df94f5ab6000dd381c67a192ea5844f7&id=CCTV7&type=yy, From: subscribe, IPv_Type: ipv6, Location: 美国, ISP: CloudFlare Inc., Date: None, Delay: -1 ms, Speed: 0.00 M/s, Resolution: None
Name: CCTV-7, URL: https://migu.188766.xyz/?migutoken=ff28d69d86f5ee7500345536f4260eb5&id=CCTV7&type=yy, From: subscribe, IPv_Type: ipv6, Location: 美国, ISP: CloudFlare Inc., Date: None, Delay: -1 ms, Speed: 0.00 M/s, Resolution: None
Name: CCTV-7, URL: http://23.237.228.134/live5/CCTV7.m3u8, From: subscribe, IPv_Type: ipv4, Location: 北美地区, ISP: , Date: None, Delay: 670 ms, Speed: 10.65 M/s, Resolution: 1920x1080
Name: CCTV-7, URL: http://38.75.136.137:98/gslb/dsdqbv/cctv7hd.m3u8?auth=test20251009, From: subscribe, IPv_Type: ipv4, Location: 美国-伊利诺伊州-库克, ISP: Cogent, Date: None, Delay: 797 ms, Speed: 4.76 M/s, Resolution: 1920x1080
Name: CCTV-8, URL: http://www.freetv.top/migu/624878356.m3u8?migutoken=e6e1b0f11b3900539ca13088ccf9da6d0a771d58a295315011db1676c607e4bfd4d2ecf8b5f89e888d98843c67f6657703a3192a098894da656341d37aaa2d4abf591b1a09d80e6fff894dd29d, From: subscribe, IPv_Type: ipv6, Location: 美国-加利福尼亚州-圣克拉拉, ISP: DigitalOcean, Date: None, Delay: 141 ms, Speed: 3.23 M/s, Resolution: 1920x1080
Name: CCTV-8, URL: https://migu.188766.xyz/?migutoken=9c50cd3d619ecf1a91793efada51acd0&id=CCTV8&type=yy, From: subscribe, IPv_Type: ipv6, Location: 美国, ISP: CloudFlare Inc., Date: None, Delay: -1 ms, Speed: 0.00 M/s, Resolution: None
Name: CCTV-8, URL: https://iptv.catvod.com/live.php?id=CCTV-8, From: subscribe, IPv_Type: ipv6, Location: 美国, ISP: CloudFlare Inc., Date: None, Delay: -1 ms, Speed: 0.00 M/s, Resolution: None
Name: CCTV-8, URL: https://migu.188766.xyz/?migutoken=42252660494aa1fba97539622d3592b0&id=CCTV8&type=yy, From: subscribe, IPv_Type: ipv6, Location: 美国, ISP: CloudFlare Inc., Date: None, Delay: -1 ms, Speed: 0.00 M/s, Resolution: None
Name: CCTV-8, URL: https://migu.188766.xyz/?migutoken=20dfb981b7f247ddbe0061b4bffcd425&id=CCTV8&type=yy, From: subscribe, IPv_Type: ipv6, Location: 美国, ISP: CloudFlare Inc., Date: None, Delay: -1 ms, Speed: 0.00 M/s, Resolution: None
Name: CCTV-8, URL: https://migu.188766.xyz/?migutoken=75ff70c08662b6b3dc0421954725f11a&id=CCTV8&type=yy, From: subscribe, IPv_Type: ipv6, Location: 美国, ISP: CloudFlare Inc., Date: None, Delay: -1 ms, Speed: 0.00 M/s, Resolution: None
Name: CCTV-8, URL: https://migu.188766.xyz/?migutoken=6a886541829f8c636265730b0974f503&id=CCTV8&type=yy, From: subscribe, IPv_Type: ipv6, Location: 美国, ISP: CloudFlare Inc., Date: None, Delay: -1 ms, Speed: 0.00 M/s, Resolution: None
Name: CCTV-8, URL: https://migu.188766.xyz/?migutoken=e75b7bb0ebe7a689f39b1930d53e3207&id=CCTV8&type=yy, From: subscribe, IPv_Type: ipv6, Location: 美国, ISP: CloudFlare Inc., Date: None, Delay: -1 ms, Speed: 0.00 M/s, Resolution: None
Name: CCTV-8, URL: https://migu.188766.xyz/?migutoken=89acc6bd464b995c330ea78a8852c195&id=CCTV8&type=yy, From: subscribe, IPv_Type: ipv6, Location: 美国, ISP: CloudFlare Inc., Date: None, Delay: -1 ms, Speed: 0.00 M/s, Resolution: None
Name: CCTV-8, URL: https://migu.188766.xyz/?migutoken=9c0554bd3b86b9b489bb64f825b10165&id=CCTV8&type=yy, From: subscribe, IPv_Type: ipv6, Location: 美国, ISP: CloudFlare Inc., Date: None, Delay: -1 ms, Speed: 0.00 M/s, Resolution: None
Name: CCTV-8, URL: https://migu.188766.xyz/?migutoken=e2f6c7dc115b792174595823b2e7a7f1&id=CCTV8&type=yy, From: subscribe, IPv_Type: ipv6, Location: 美国, ISP: CloudFlare Inc., Date: None, Delay: -1 ms, Speed: 0.00 M/s, Resolution: None
Name: CCTV-8, URL: https://migu.188766.xyz/?migutoken=8be830e6c1bd316a81ac34c888809100&id=CCTV8&type=yy, From: subscribe, IPv_Type: ipv6, Location: 美国, ISP: CloudFlare Inc., Date: None, Delay: -1 ms, Speed: 0.00 M/s, Resolution: None
Name: CCTV-8, URL: https://migu.188766.xyz/?migutoken=152c01109040c30ae90c98217f187466&id=CCTV8&type=yy, From: subscribe, IPv_Type: ipv6, Location: 美国, ISP: CloudFlare Inc., Date: None, Delay: -1 ms, Speed: 0.00 M/s, Resolution: None
Name: CCTV-8, URL: https://migu.188766.xyz/?migutoken=d3b89dce0593cb520244ce119372eb19&id=CCTV8&type=yy, From: subscribe, IPv_Type: ipv6, Location: 美国, ISP: CloudFlare Inc., Date: None, Delay: -1 ms, Speed: 0.00 M/s, Resolution: None
Name: CCTV-8, URL: https://migu.188766.xyz/?migutoken=7e17ee0fcd4b7be7adec33f3bf50188e&id=CCTV8&type=yy, From: subscribe, IPv_Type: ipv6, Location: 美国, ISP: CloudFlare Inc., Date: None, Delay: -1 ms, Speed: 0.00 M/s, Resolution: None
Name: CCTV-8, URL: https://migu.188766.xyz/?migutoken=2133bcc8e587d74c5dd986c4c50b754d&id=CCTV8&type=yy, From: subscribe, IPv_Type: ipv6, Location: 美国, ISP: CloudFlare Inc., Date: None, Delay: -1 ms, Speed: 0.00 M/s, Resolution: None
Name: CCTV-8, URL: https://migu.188766.xyz/?migutoken=21d2aa8f102e657595bc735ec83cb9b4&id=CCTV8&type=yy, From: subscribe, IPv_Type: ipv6, Location: 美国, ISP: CloudFlare Inc., Date: None, Delay: -1 ms, Speed: 0.00 M/s, Resolution: None
Name: CCTV-8, URL: https://migu.188766.xyz/?migutoken=c899203e36e5a278cf9ae7e18260b762&id=CCTV8&type=yy, From: subscribe, IPv_Type: ipv6, Location: 美国, ISP: CloudFlare Inc., Date: None, Delay: -1 ms, Speed: 0.00 M/s, Resolution: None
Name: CCTV-8, URL: https://migu.188766.xyz/?migutoken=a9ef6a5ecaebc2df15ec27f1be358dfc&id=CCTV8&type=yy, From: subscribe, IPv_Type: ipv6, Location: 美国, ISP: CloudFlare Inc., Date: None, Delay: -1 ms, Speed: 0.00 M/s, Resolution: None
Name: CCTV-8, URL: https://migu.188766.xyz/?migutoken=9ed28327707ac34f241450b03894a149&id=CCTV8&type=yy, From: subscribe, IPv_Type: ipv6, Location: 美国, ISP: CloudFlare Inc., Date: None, Delay: -1 ms, Speed: 0.00 M/s, Resolution: None
Name: CCTV-8, URL: https://migu.188766.xyz/?migutoken=0541904d0a6e020e2bc7d15428101a91&id=CCTV8&type=yy, From: subscribe, IPv_Type: ipv6, Location: 美国, ISP: CloudFlare Inc., Date: None, Delay: -1 ms, Speed: 0.00 M/s, Resolution: None
Name: CCTV-8, URL: https://migu.188766.xyz/?migutoken=d83d77c2c49da3dd2b8c5133992d6c9a&id=CCTV8&type=yy, From: subscribe, IPv_Type: ipv6, Location: 美国, ISP: CloudFlare Inc., Date: None, Delay: -1 ms, Speed: 0.00 M/s, Resolution: None
Name: CCTV-8, URL: https://migu.188766.xyz/?migutoken=a4c1bfeebcb01cc7eda1b17d8394527e&id=CCTV8&type=yy, From: subscribe, IPv_Type: ipv6, Location: 美国, ISP: CloudFlare Inc., Date: None, Delay: -1 ms, Speed: 0.00 M/s, Resolution: None
Name: CCTV-8, URL: https://migu.188766.xyz/?migutoken=44fc07d6a00f7452069a4c3261963728&id=CCTV8&type=yy, From: subscribe, IPv_Type: ipv6, Location: 美国, ISP: CloudFlare Inc., Date: None, Delay: -1 ms, Speed: 0.00 M/s, Resolution: None
Name: CCTV-8, URL: https://migu.188766.xyz/?migutoken=52b8d9d7897edd13e20d8a7fdaa59c0b&id=CCTV8&type=yy, From: subscribe, IPv_Type: ipv6, Location: 美国, ISP: CloudFlare Inc., Date: None, Delay: -1 ms, Speed: 0.00 M/s, Resolution: None
Name: CCTV-8, URL: https://migu.188766.xyz/?migutoken=ce74e8b074a1fdf4693c4d2e7a568453&id=CCTV8&type=yy, From: subscribe, IPv_Type: ipv6, Location: 美国, ISP: CloudFlare Inc., Date: None, Delay: -1 ms, Speed: 0.00 M/s, Resolution: None
Name: CCTV-8, URL: https://migu.188766.xyz/?migutoken=cc5685bf647924dc2a5871eb658a55c2&id=CCTV8&type=yy, From: subscribe, IPv_Type: ipv6, Location: 美国, ISP: CloudFlare Inc., Date: None, Delay: -1 ms, Speed: 0.00 M/s, Resolution: None
Name: CCTV-8, URL: https://migu.188766.xyz/?migutoken=8c42a3d4d716ed0023d562a96a19dd3b&id=CCTV8&type=yy, From: subscribe, IPv_Type: ipv6, Location: 美国, ISP: CloudFlare Inc., Date: None, Delay: -1 ms, Speed: 0.00 M/s, Resolution: None
Name: CCTV-8, URL: https://migu.188766.xyz/?migutoken=c7f987b203270d0e1c15a52ad27ef4b7&id=CCTV8&type=yy, From: subscribe, IPv_Type: ipv6, Location: 美国, ISP: CloudFlare Inc., Date: None, Delay: -1 ms, Speed: 0.00 M/s, Resolution: None
Name: CCTV-8, URL: https://migu.188766.xyz/?migutoken=0d79c6c026b0ea75b139a3544afc4b66&id=CCTV8&type=yy, From: subscribe, IPv_Type: ipv6, Location: 美国, ISP: CloudFlare Inc., Date: None, Delay: -1 ms, Speed: 0.00 M/s, Resolution: None
Name: CCTV-8, URL: http://38.75.136.137:98/gslb/dsdqbv/cctv8hd.m3u8?auth=test20251009, From: subscribe, IPv_Type: ipv4, Location: 美国-伊利诺伊州-库克, ISP: Cogent, Date: None, Delay: 833 ms, Speed: 4.61 M/s, Resolution: 1920x1080
Name: CCTV-9, URL: https://www.freetv.top/migu/673168140.m3u8?migutoken=bf18bf699c0dc93a6e5b0ebd94f0e14b7aac68f848bdb2bfc52120a5b0c3db69e41d1b5ff8515aa4da37ccb9412e9b6e42b02d94c62edccf595ab49084cce74ebcb951706db0ff5c76ecbe35fe, From: subscribe, IPv_Type: ipv6, Location: 美国-加利福尼亚州-圣克拉拉, ISP: DigitalOcean, Date: None, Delay: 112 ms, Speed: 4.46 M/s, Resolution: 1920x1080
Name: CCTV-9, URL: https://www.freetv.top/migu/673168140.m3u8?migutoken=0f1a623dca6f658303aaa4999b3ace15c780e46aa170dd3d91f0e82333ce6046e6bab6fa6948fba878c2b6e0cf9d1f04d09cc1ebaed71350ec282ef8595200813c491a3e23da08b3242755d891, From: subscribe, IPv_Type: ipv6, Location: 美国-加利福尼亚州-圣克拉拉, ISP: DigitalOcean, Date: None, Delay: 110 ms, Speed: 4.12 M/s, Resolution: 1920x1080
Name: CCTV-9, URL: https://www.freetv.top/migu/673168140.m3u8?migutoken=a6f3e71bb2bb9d74426a1761b5d2daf69d595aebfafc6e4a7bac09190d4545961d1cc02d05117f0a2e2ef42ebdc9f2520b8f601aab6252de7373f68c95aa3277f6c51bae97dd75144efc7ed543, From: subscribe, IPv_Type: ipv6, Location: 美国-加利福尼亚州-圣克拉拉, ISP: DigitalOcean, Date: None, Delay: 184 ms, Speed: 2.97 M/s, Resolution: 1920x1080
Name: CCTV-9, URL: https://www.freetv.top/migu/673168140.m3u8?migutoken=a22c8c1a84a2c3f115ccea3f065ca5c445f91c5a490bbcf95da122d1901c7d7680bf8ec25837bd7f8f36b45bbb9e635f72eee01b6b5605fb31077b5adfbc8604e6111e294f2b08707a1ad595d7, From: subscribe, IPv_Type: ipv6, Location: 美国-加利福尼亚州-圣克拉拉, ISP: DigitalOcean, Date: None, Delay: 69 ms, Speed: 7.00 M/s, Resolution: 1920x1080
Name: CCTV-9, URL: http://www.freetv.top/migu/673168140.m3u8?migutoken=b6b3dff09079aa89b4ea1988e02de40fa003df2db6f755979b0c414bdfffe3225adf1ec44edf5934481e00ada14c3b23dc6e93bb72f70ed2319f17002205dc998b6ce2dde3d00bf5701f8261ec, From: subscribe, IPv_Type: ipv6, Location: 美国-加利福尼亚州-圣克拉拉, ISP: DigitalOcean, Date: None, Delay: 67 ms, Speed: 6.94 M/s, Resolution: 1920x1080
Name: CCTV-9, URL: https://www.freetv.top/migu/673168140.m3u8?migutoken=70f89f57af3b961c4266d3657e4e2bed7511bb081c6f118dec56c9cb101146db53ddfdbba9b52724c71e79f51bfe5806d61d41f8429293537387c552fed0c21e259ae489a2a54a8accda0abf71, From: subscribe, IPv_Type: ipv6, Location: 美国-加利福尼亚州-圣克拉拉, ISP: DigitalOcean, Date: None, Delay: 111 ms, Speed: 3.99 M/s, Resolution: 1920x1080
Name: CCTV-9, URL: https://www.freetv.top/migu/673168140.m3u8?migutoken=32f20b17d3c7bff0b9089c8663f150a392ce13d1df9995a28c4323e1dc5a31e1aa745425fc53d82943ed6cb0efba69c61fb08d40663d483af3e68fbb853e1b706218bd7a063b79e8cf9e9451eb, From: subscribe, IPv_Type: ipv6, Location: 美国-加利福尼亚州-圣克拉拉, ISP: DigitalOcean, Date: None, Delay: 123 ms, Speed: 3.82 M/s, Resolution: 1920x1080
Name: CCTV-9, URL: https://www.freetv.top/migu/673168140.m3u8?migutoken=9cebd017730e6020100052694015764931490d9ade0a92839f3198d104590414f3e93626dcf6f49b091a21735b592dc818723022c59d669f301e707c1ec905675a758fc939301e086d4569e77d, From: subscribe, IPv_Type: ipv6, Location: 美国-加利福尼亚州-圣克拉拉, ISP: DigitalOcean, Date: None, Delay: 241 ms, Speed: 4.17 M/s, Resolution: 1920x1080
Name: CCTV-9, URL: https://www.freetv.top/migu/673168140.m3u8?migutoken=50c8dc09429117d7c6a5e9b1aefb676dca3f207436fe4e3d871408aa5c16bfef444b9037198e5b95b6969f927c3c95dab220c147eb00b67cb1411f66f3d2536212a8bebb7d1f4d33717f8b1442, From: subscribe, IPv_Type: ipv6, Location: 美国-加利福尼亚州-圣克拉拉, ISP: DigitalOcean, Date: None, Delay: 147 ms, Speed: 3.59 M/s, Resolution: 1920x1080
Name: CCTV-9, URL: https://www.freetv.top/migu/609006487.m3u8?migutoken=aa6b7733654f88e6bc50f2966887b2eb428623c5d6d66fe9d0fc7de43f9aa6a724f12ec1f0d65aae1c1decba5cd1444cbdea8c24adbc56c5a79a1dbd2828e6deb293dace8a518080d5d1f0cb2b, From: subscribe, IPv_Type: ipv6, Location: 美国-加利福尼亚州-圣克拉拉, ISP: DigitalOcean, Date: None, Delay: 116 ms, Speed: 3.98 M/s, Resolution: 1920x1080
Name: CCTV-9, URL: https://www.freetv.top/migu/673168140.m3u8?migutoken=5bb8ab9294311f37faa3cdafb812e7239938f092b043159793626f7da52f6d93f4405a7674b273f3c7fa8d727fe739592096467fdead662c2b86ead7f5f30b097195cdba6fbe0b0f48b1b06a83, From: subscribe, IPv_Type: ipv6, Location: 美国-加利福尼亚州-圣克拉拉, ISP: DigitalOcean, Date: None, Delay: 146 ms, Speed: 3.08 M/s, Resolution: 1920x1080
Name: CCTV-9, URL: https://www.freetv.top/migu/673168140.m3u8?migutoken=f5a0447d474381f05ad937a4933b37ad2b07fac33d1b26c56fe53ec50cce3fd26529a6dab3c763a4ea36cf43e62259fb3c8e130e447f30524fe9fb12f2a2b4200155d739c8b640dc6ce40d2669, From: subscribe, IPv_Type: ipv6, Location: 美国-加利福尼亚州-圣克拉拉, ISP: DigitalOcean, Date: None, Delay: 126 ms, Speed: 3.70 M/s, Resolution: 1920x1080
Name: CCTV-9, URL: https://www.freetv.top/migu/673168140.m3u8?migutoken=4dad15d020c7e258db98f5904ae6df15132c1dc28aefe8bf5e800f37e3445cd3ee5add3d06aae6d910e4708d9adb89cdb619e3bb7bacb873f79812ef4bb4b34316ee0d6cf8ec9a5fed0a82368f, From: subscribe, IPv_Type: ipv6, Location: 美国-加利福尼亚州-圣克拉拉, ISP: DigitalOcean, Date: None, Delay: 109 ms, Speed: 4.47 M/s, Resolution: 1920x1080
Name: CCTV-9, URL: https://www.freetv.top/migu/673168140.m3u8?migutoken=21079ccc296663c0852d7aa559706185d47321c401459ef6e4d341547dda558accb1b561b9935ba84cc9506d0ad03b0489b131d25c50278952093cf2b5b7913fb43c8c0effa57085fdad555379, From: subscribe, IPv_Type: ipv6, Location: 美国-加利福尼亚州-圣克拉拉, ISP: DigitalOcean, Date: None, Delay: 62 ms, Speed: 6.78 M/s, Resolution: 1920x1080
Name: CCTV-9, URL: https://migu.188766.xyz/?migutoken=8137a102b546cb908bf8e82321a76d6a&id=CCTV9&type=yy, From: subscribe, IPv_Type: ipv6, Location: 美国, ISP: CloudFlare Inc., Date: None, Delay: -1 ms, Speed: 0.00 M/s, Resolution: None
Name: CCTV-9, URL: https://migu.188766.xyz/?migutoken=a8c127a59d0d1fc576b042188102b186&id=CCTV9&type=yy, From: subscribe, IPv_Type: ipv6, Location: 美国, ISP: CloudFlare Inc., Date: None, Delay: -1 ms, Speed: 0.00 M/s, Resolution: None
Name: CCTV-9, URL: https://iptv.catvod.com/live.php?id=CCTV-9, From: subscribe, IPv_Type: ipv6, Location: 美国, ISP: CloudFlare Inc., Date: None, Delay: -1 ms, Speed: 0.00 M/s, Resolution: None
Name: CCTV-9, URL: https://migu.188766.xyz/?migutoken=7179545e9a922b31c82459173bfbf8f0&id=CCTV9&type=yy, From: subscribe, IPv_Type: ipv6, Location: 美国, ISP: CloudFlare Inc., Date: None, Delay: -1 ms, Speed: 0.00 M/s, Resolution: None
Name: CCTV-9, URL: https://migu.188766.xyz/?migutoken=23fb0b4aeb98cec8bca92ac98fb789f5&id=CCTV9&type=yy, From: subscribe, IPv_Type: ipv6, Location: 美国, ISP: CloudFlare Inc., Date: None, Delay: -1 ms, Speed: 0.00 M/s, Resolution: None
Name: CCTV-9, URL: https://migu.188766.xyz/?migutoken=4217728e749b2fd5f313fbf02af9cae1&id=CCTV9&type=yy, From: subscribe, IPv_Type: ipv6, Location: 美国, ISP: CloudFlare Inc., Date: None, Delay: -1 ms, Speed: 0.00 M/s, Resolution: None
Name: CCTV-9, URL: https://migu.188766.xyz/?migutoken=6bb24f9f573c808ee527e62b7a72d3a9&id=CCTV9&type=yy, From: subscribe, IPv_Type: ipv6, Location: 美国, ISP: CloudFlare Inc., Date: None, Delay: -1 ms, Speed: 0.00 M/s, Resolution: None
Name: CCTV-9, URL: https://migu.188766.xyz/?migutoken=416fa4069f926a3d332687553ffb34a0&id=CCTV9&type=yy, From: subscribe, IPv_Type: ipv6, Location: 美国, ISP: CloudFlare Inc., Date: None, Delay: -1 ms, Speed: 0.00 M/s, Resolution: None
Name: CCTV-9, URL: https://migu.188766.xyz/?migutoken=89fcb43c7d62fe9c96fcbf787330f083&id=CCTV9&type=yy, From: subscribe, IPv_Type: ipv6, Location: 美国, ISP: CloudFlare Inc., Date: None, Delay: -1 ms, Speed: 0.00 M/s, Resolution: None
Name: CCTV-9, URL: https://migu.188766.xyz/?migutoken=cd17eb6de03ff3767341b78292801ac7&id=CCTV9&type=yy, From: subscribe, IPv_Type: ipv6, Location: 美国, ISP: CloudFlare Inc., Date: None, Delay: -1 ms, Speed: 0.00 M/s, Resolution: None
Name: CCTV-9, URL: https://migu.188766.xyz/?migutoken=39f5d785425973838f4bd08db78c66b3&id=CCTV9&type=yy, From: subscribe, IPv_Type: ipv6, Location: 美国, ISP: CloudFlare Inc., Date: None, Delay: -1 ms, Speed: 0.00 M/s, Resolution: None
Name: CCTV-9, URL: https://migu.188766.xyz/?migutoken=39d30bdfcb53b7b8ad1d386a806d4ad9&id=CCTV9&type=yy, From: subscribe, IPv_Type: ipv6, Location: 美国, ISP: CloudFlare Inc., Date: None, Delay: -1 ms, Speed: 0.00 M/s, Resolution: None
Name: CCTV-9, URL: https://migu.188766.xyz/?migutoken=2ca68161ae823be00665db2a76eea016&id=CCTV9&type=yy, From: subscribe, IPv_Type: ipv6, Location: 美国, ISP: CloudFlare Inc., Date: None, Delay: -1 ms, Speed: 0.00 M/s, Resolution: None
Name: CCTV-9, URL: https://migu.188766.xyz/?migutoken=bb734687d3f05c3b676b9134ab55801f&id=CCTV9&type=yy, From: subscribe, IPv_Type: ipv6, Location: 美国, ISP: CloudFlare Inc., Date: None, Delay: -1 ms, Speed: 0.00 M/s, Resolution: None
Name: CCTV-9, URL: https://migu.188766.xyz/?migutoken=9e7c478075020abeeda636a53701a7b1&id=CCTV9&type=yy, From: subscribe, IPv_Type: ipv6, Location: 美国, ISP: CloudFlare Inc., Date: None, Delay: -1 ms, Speed: 0.00 M/s, Resolution: None
Name: CCTV-9, URL: https://migu.188766.xyz/?migutoken=99adab05483433b9bbf4c1af110760b3&id=CCTV9&type=yy, From: subscribe, IPv_Type: ipv6, Location: 美国, ISP: CloudFlare Inc., Date: None, Delay: -1 ms, Speed: 0.00 M/s, Resolution: None
Name: CCTV-9, URL: https://migu.188766.xyz/?migutoken=d677c38017eac0710844dbcee7e2f3bb&id=CCTV9&type=yy, From: subscribe, IPv_Type: ipv6, Location: 美国, ISP: CloudFlare Inc., Date: None, Delay: -1 ms, Speed: 0.00 M/s, Resolution: None
Name: CCTV-9, URL: https://migu.188766.xyz/?migutoken=153de0a033a55c8ceaf6e039979599ef&id=CCTV9&type=yy, From: subscribe, IPv_Type: ipv6, Location: 美国, ISP: CloudFlare Inc., Date: None, Delay: -1 ms, Speed: 0.00 M/s, Resolution: None
Name: CCTV-9, URL: https://migu.188766.xyz/?migutoken=04cd2cc8970d8153f9dad9ecc1d6dd29&id=CCTV9&type=yy, From: subscribe, IPv_Type: ipv6, Location: 美国, ISP: CloudFlare Inc., Date: None, Delay: -1 ms, Speed: 0.00 M/s, Resolution: None
Name: CCTV-9, URL: https://migu.188766.xyz/?migutoken=cd95a235a7cfc0765c98efadfcf5b03c&id=CCTV9&type=yy, From: subscribe, IPv_Type: ipv6, Location: 美国, ISP: CloudFlare Inc., Date: None, Delay: -1 ms, Speed: 0.00 M/s, Resolution: None
Name: CCTV-9, URL: https://migu.188766.xyz/?migutoken=50b2ed0172f262453904d5af3a6d4bdb&id=CCTV9&type=yy, From: subscribe, IPv_Type: ipv6, Location: 美国, ISP: CloudFlare Inc., Date: None, Delay: -1 ms, Speed: 0.00 M/s, Resolution: None
Name: CCTV-9, URL: https://migu.188766.xyz/?migutoken=bf2e9042229fd4c91f53340eb191dd44&id=CCTV9&type=yy, From: subscribe, IPv_Type: ipv6, Location: 美国, ISP: CloudFlare Inc., Date: None, Delay: -1 ms, Speed: 0.00 M/s, Resolution: None
Name: CCTV-9, URL: https://migu.188766.xyz/?migutoken=ae67bb121c504e33d6a480573cf01c56&id=CCTV9&type=yy, From: subscribe, IPv_Type: ipv6, Location: 美国, ISP: CloudFlare Inc., Date: None, Delay: -1 ms, Speed: 0.00 M/s, Resolution: None
Name: CCTV-9, URL: https://migu.188766.xyz/?migutoken=6fe6657a61135652c4fdf43513880faa&id=CCTV9&type=yy, From: subscribe, IPv_Type: ipv6, Location: 美国, ISP: CloudFlare Inc., Date: None, Delay: -1 ms, Speed: 0.00 M/s, Resolution: None
Name: CCTV-9, URL: https://migu.188766.xyz/?migutoken=82c847286a8a13d5aaeb14cef695b662&id=CCTV9&type=yy, From: subscribe, IPv_Type: ipv6, Location: 美国, ISP: CloudFlare Inc., Date: None, Delay: -1 ms, Speed: 0.00 M/s, Resolution: None
Name: CCTV-9, URL: https://migu.188766.xyz/?migutoken=1a3e7901821a691e0b0a6f69238673c1&id=CCTV9&type=yy, From: subscribe, IPv_Type: ipv6, Location: 美国, ISP: CloudFlare Inc., Date: None, Delay: -1 ms, Speed: 0.00 M/s, Resolution: None
Name: CCTV-9, URL: https://migu.188766.xyz/?migutoken=5a255fbdfcadae20ecbc8ca798490178&id=CCTV9&type=yy, From: subscribe, IPv_Type: ipv6, Location: 美国, ISP: CloudFlare Inc., Date: None, Delay: -1 ms, Speed: 0.00 M/s, Resolution: None
Name: CCTV-9, URL: https://migu.188766.xyz/?migutoken=f379b3bf793c588f64c146eede91e20a&id=CCTV9&type=yy, From: subscribe, IPv_Type: ipv6, Location: 美国, ISP: CloudFlare Inc., Date: None, Delay: -1 ms, Speed: 0.00 M/s, Resolution: None
Name: CCTV-9, URL: https://migu.188766.xyz/?migutoken=90dc658e63d21d365f3cec5ad3e4e53b&id=CCTV9&type=yy, From: subscribe, IPv_Type: ipv6, Location: 美国, ISP: CloudFlare Inc., Date: None, Delay: -1 ms, Speed: 0.00 M/s, Resolution: None
Name: CCTV-9, URL: http://23.237.228.134/live5/CCTV9.m3u8, From: subscribe, IPv_Type: ipv4, Location: 北美地区, ISP: , Date: None, Delay: 165 ms, Speed: 17.30 M/s, Resolution: 1920x1080
Name: CCTV-9, URL: http://38.75.136.137:98/gslb/dsdqbv/cctv9hd.m3u8?auth=test20251009, From: subscribe, IPv_Type: ipv4, Location: 美国-伊利诺伊州-库克, ISP: Cogent, Date: None, Delay: 1096 ms, Speed: 4.71 M/s, Resolution: 1920x1080
Name: CCTV-10, URL: http://www.freetv.top/migu/624878405.m3u8?migutoken=994dc87ce4767211215bbc02fa208301259959a2d995deb9996c41b650e244fc75c3d5bae41d623bed5ba96aa38c7ea483d856771c119f74e8bb93fb60dc8304e146d0bf46405e88554d84e414, From: subscribe, IPv_Type: ipv6, Location: 美国-加利福尼亚州-圣克拉拉, ISP: DigitalOcean, Date: None, Delay: 104 ms, Speed: 4.82 M/s, Resolution: 1920x1080
Name: CCTV-10, URL: https://www.freetv.top/migu/624878405.m3u8?migutoken=b1b22121df2bcd800e793b36913fab68d316021b76f648524809136fb73c1f61bca55e7a5b0562383be65dfcb00d638501b42d41f4e66fc266c568cf7a9986d9178f59c8f802bee2700c475a63, From: subscribe, IPv_Type: ipv6, Location: 美国-加利福尼亚州-圣克拉拉, ISP: DigitalOcean, Date: None, Delay: 71 ms, Speed: 6.25 M/s, Resolution: 1920x1080
Name: CCTV-10, URL: https://www.freetv.top/migu/624878405.m3u8?migutoken=1a5db77292df44fecb968ef668ab090a7c82238b19114752945a92ba9ec29e57ce0ad92b07b97b3cb4c6dd2adf0e09784884ac82d7325841dd730b589ed13204f702613169b1590d2cebc3a3c9, From: subscribe, IPv_Type: ipv6, Location: 美国-加利福尼亚州-圣克拉拉, ISP: DigitalOcean, Date: None, Delay: 81 ms, Speed: 6.33 M/s, Resolution: 1920x1080
Name: CCTV-10, URL: https://www.freetv.top/migu/624878405.m3u8?migutoken=cdd677bf376d3c88ad570a045459ef0e4297b0711bb8efa426e16b4c0d069c853fdc539b08e8af8014b7362ec2443685fa9b75e5e55c425a2700ddd298bb7a0a104c8e034135b4f2456d0c26ca, From: subscribe, IPv_Type: ipv6, Location: 美国-加利福尼亚州-圣克拉拉, ISP: DigitalOcean, Date: None, Delay: 68 ms, Speed: 6.54 M/s, Resolution: 1920x1080
Name: CCTV-10, URL: https://www.freetv.top/migu/624878405.m3u8?migutoken=57856cbec134c6ff7a049829b18cdb5c22c6e65b4d00db56bf05367137ce52b45d1641ce2d193f0e2bc4b2fb3a0253c58dcd15e7ccd521b07f795e8bc2e63a68c24bb377becebc67f96cd23d21, From: subscribe, IPv_Type: ipv6, Location: 美国-加利福尼亚州-圣克拉拉, ISP: DigitalOcean, Date: None, Delay: 119 ms, Speed: 3.79 M/s, Resolution: 1920x1080
Name: CCTV-10, URL: https://www.freetv.top/migu/624878405.m3u8?migutoken=dc9e41d483fefd536dad7a6eb4d91f4a9d37e906ce1c582b1cc85960d34d36df8b864db7f8148188e2997210544c1455ac19fa4063b67d5521ece7addf0089d1209518e453b304d3fde926ff6a, From: subscribe, IPv_Type: ipv6, Location: 美国-加利福尼亚州-圣克拉拉, ISP: DigitalOcean, Date: None, Delay: 109 ms, Speed: 5.04 M/s, Resolution: 1920x1080
Name: CCTV-10, URL: https://www.freetv.top/migu/624878405.m3u8?migutoken=b031282d8102da601efdb58208602ae789e7b6f55c9d261e7847daab04f4426ab3eb370da9611721f213b7b78101e1bbe55b066bfcce6410254cdcadb36bfac54a47b7a7b24cda1b4c19590f8d, From: subscribe, IPv_Type: ipv6, Location: 美国-加利福尼亚州-圣克拉拉, ISP: DigitalOcean, Date: None, Delay: 151 ms, Speed: 3.49 M/s, Resolution: 1920x1080
Name: CCTV-10, URL: https://www.freetv.top/migu/624878405.m3u8?migutoken=a825f44b603419477b95fed9f1e947fea9e27bcde29c94cf67aec76845bd588aa5c9914b79d29cb3014756c2909a95f0941589b5faaddc8b9eba64ec444d9c9999083bc0240af4f194167d81e3, From: subscribe, IPv_Type: ipv6, Location: 美国-加利福尼亚州-圣克拉拉, ISP: DigitalOcean, Date: None, Delay: 103 ms, Speed: 4.33 M/s, Resolution: 1920x1080
Name: CCTV-10, URL: https://migu.188766.xyz/?migutoken=5b233e8eba8bedecd761abfe3b49164f&id=CCTV10&type=yy, From: subscribe, IPv_Type: ipv6, Location: 美国, ISP: CloudFlare Inc., Date: None, Delay: -1 ms, Speed: 0.00 M/s, Resolution: None
Name: CCTV-10, URL: https://iptv.catvod.com/live.php?id=CCTV-10, From: subscribe, IPv_Type: ipv6, Location: 美国, ISP: CloudFlare Inc., Date: None, Delay: -1 ms, Speed: 0.00 M/s, Resolution: None
Name: CCTV-10, URL: https://migu.188766.xyz/?migutoken=32ae961de0630b6c4f8cf6ea2c64e0dc&id=CCTV10&type=yy, From: subscribe, IPv_Type: ipv6, Location: 美国, ISP: CloudFlare Inc., Date: None, Delay: -1 ms, Speed: 0.00 M/s, Resolution: None
Name: CCTV-10, URL: https://migu.188766.xyz/?migutoken=cf6a18edbb9249bf81373ae27d37b763&id=CCTV10&type=yy, From: subscribe, IPv_Type: ipv6, Location: 美国, ISP: CloudFlare Inc., Date: None, Delay: -1 ms, Speed: 0.00 M/s, Resolution: None
Name: CCTV-10, URL: https://migu.188766.xyz/?migutoken=d84d9bb4e0f8c1f54a8b01098cb1aa2d&id=CCTV10&type=yy, From: subscribe, IPv_Type: ipv6, Location: 美国, ISP: CloudFlare Inc., Date: None, Delay: -1 ms, Speed: 0.00 M/s, Resolution: None
Name: CCTV-10, URL: https://migu.188766.xyz/?migutoken=ac43394f9bf577bc204aa5477a1ab01d&id=CCTV10&type=yy, From: subscribe, IPv_Type: ipv6, Location: 美国, ISP: CloudFlare Inc., Date: None, Delay: -1 ms, Speed: 0.00 M/s, Resolution: None
Name: CCTV-10, URL: https://migu.188766.xyz/?migutoken=ffa4124e9fdc2c917db6ab752bd09e45&id=CCTV10&type=yy, From: subscribe, IPv_Type: ipv6, Location: 美国, ISP: CloudFlare Inc., Date: None, Delay: -1 ms, Speed: 0.00 M/s, Resolution: None
Name: CCTV-10, URL: https://migu.188766.xyz/?migutoken=d914edf27df07b0ab85ae7eaa9948de4&id=CCTV10&type=yy, From: subscribe, IPv_Type: ipv6, Location: 美国, ISP: CloudFlare Inc., Date: None, Delay: -1 ms, Speed: 0.00 M/s, Resolution: None
Name: CCTV-10, URL: https://migu.188766.xyz/?migutoken=8aaf1e4dc834a5c8ca7b890749989632&id=CCTV10&type=yy, From: subscribe, IPv_Type: ipv6, Location: 美国, ISP: CloudFlare Inc., Date: None, Delay: -1 ms, Speed: 0.00 M/s, Resolution: None
Name: CCTV-10, URL: https://migu.188766.xyz/?migutoken=9abfe2aa0d0550332f0abb4f84c5106b&id=CCTV10&type=yy, From: subscribe, IPv_Type: ipv6, Location: 美国, ISP: CloudFlare Inc., Date: None, Delay: -1 ms, Speed: 0.00 M/s, Resolution: None
Name: CCTV-10, URL: https://migu.188766.xyz/?migutoken=6991daf2f4ed0ae990762eddf211c2f2&id=CCTV10&type=yy, From: subscribe, IPv_Type: ipv6, Location: 美国, ISP: CloudFlare Inc., Date: None, Delay: -1 ms, Speed: 0.00 M/s, Resolution: None
Name: CCTV-10, URL: https://migu.188766.xyz/?migutoken=11910a49b78457d30f49d41977140800&id=CCTV10&type=yy, From: subscribe, IPv_Type: ipv6, Location: 美国, ISP: CloudFlare Inc., Date: None, Delay: -1 ms, Speed: 0.00 M/s, Resolution: None
Name: CCTV-10, URL: https://migu.188766.xyz/?migutoken=7b9a1e4a315ef06b5f8b77eff7f1a210&id=CCTV10&type=yy, From: subscribe, IPv_Type: ipv6, Location: 美国, ISP: CloudFlare Inc., Date: None, Delay: -1 ms, Speed: 0.00 M/s, Resolution: None
Name: CCTV-10, URL: https://migu.188766.xyz/?migutoken=8d7cddb1121e89ac9b800115cf57e745&id=CCTV10&type=yy, From: subscribe, IPv_Type: ipv6, Location: 美国, ISP: CloudFlare Inc., Date: None, Delay: -1 ms, Speed: 0.00 M/s, Resolution: None
Name: CCTV-10, URL: https://migu.188766.xyz/?migutoken=c996e39b9e3ea44b0fe33fdcececf16f&id=CCTV10&type=yy, From: subscribe, IPv_Type: ipv6, Location: 美国, ISP: CloudFlare Inc., Date: None, Delay: -1 ms, Speed: 0.00 M/s, Resolution: None
Name: CCTV-10, URL: https://migu.188766.xyz/?migutoken=c1bf3b4f3a84441b01cb5908dc27819d&id=CCTV10&type=yy, From: subscribe, IPv_Type: ipv6, Location: 美国, ISP: CloudFlare Inc., Date: None, Delay: -1 ms, Speed: 0.00 M/s, Resolution: None
Name: CCTV-10, URL: https://migu.188766.xyz/?migutoken=63aea3ad21bad2e478f88a1ff78cfcff&id=CCTV10&type=yy, From: subscribe, IPv_Type: ipv6, Location: 美国, ISP: CloudFlare Inc., Date: None, Delay: -1 ms, Speed: 0.00 M/s, Resolution: None
Name: CCTV-10, URL: https://migu.188766.xyz/?migutoken=06c9d1a309a7a6071ceae95f0cf2d729&id=CCTV10&type=yy, From: subscribe, IPv_Type: ipv6, Location: 美国, ISP: CloudFlare Inc., Date: None, Delay: -1 ms, Speed: 0.00 M/s, Resolution: None
Name: CCTV-10, URL: https://migu.188766.xyz/?migutoken=379fe12e911d1daf514a399b38e6d944&id=CCTV10&type=yy, From: subscribe, IPv_Type: ipv6, Location: 美国, ISP: CloudFlare Inc., Date: None, Delay: -1 ms, Speed: 0.00 M/s, Resolution: None
Name: CCTV-10, URL: https://migu.188766.xyz/?migutoken=f7f06ac0278e183b637ae0e09e333cd4&id=CCTV10&type=yy, From: subscribe, IPv_Type: ipv6, Location: 美国, ISP: CloudFlare Inc., Date: None, Delay: -1 ms, Speed: 0.00 M/s, Resolution: None
Name: CCTV-10, URL: https://migu.188766.xyz/?migutoken=8c17679bda5d654613c2e5ae8f557dbb&id=CCTV10&type=yy, From: subscribe, IPv_Type: ipv6, Location: 美国, ISP: CloudFlare Inc., Date: None, Delay: -1 ms, Speed: 0.00 M/s, Resolution: None
Name: CCTV-10, URL: https://migu.188766.xyz/?migutoken=2c67a406171df650854d4f4b2e513d22&id=CCTV10&type=yy, From: subscribe, IPv_Type: ipv6, Location: 美国, ISP: CloudFlare Inc., Date: None, Delay: -1 ms, Speed: 0.00 M/s, Resolution: None
Name: CCTV-10, URL: https://migu.188766.xyz/?migutoken=77682c897c2a39311f9cc175a532dacb&id=CCTV10&type=yy, From: subscribe, IPv_Type: ipv6, Location: 美国, ISP: CloudFlare Inc., Date: None, Delay: -1 ms, Speed: 0.00 M/s, Resolution: None
Name: CCTV-10, URL: https://migu.188766.xyz/?migutoken=3e171fc1f8d092c799e1556eafd6daca&id=CCTV10&type=yy, From: subscribe, IPv_Type: ipv6, Location: 美国, ISP: CloudFlare Inc., Date: None, Delay: -1 ms, Speed: 0.00 M/s, Resolution: None
Name: CCTV-10, URL: https://migu.188766.xyz/?migutoken=8c000c282439f84b9c8d70f70461f3b9&id=CCTV10&type=yy, From: subscribe, IPv_Type: ipv6, Location: 美国, ISP: CloudFlare Inc., Date: None, Delay: -1 ms, Speed: 0.00 M/s, Resolution: None
Name: CCTV-10, URL: https://migu.188766.xyz/?migutoken=34b6b5dfb6c9cad3bc0fb8f8527edcc2&id=CCTV10&type=yy, From: subscribe, IPv_Type: ipv6, Location: 美国, ISP: CloudFlare Inc., Date: None, Delay: -1 ms, Speed: 0.00 M/s, Resolution: None
Name: CCTV-10, URL: https://migu.188766.xyz/?migutoken=ca3ca2b0ca5fa9e235c8e5b483be46d2&id=CCTV10&type=yy, From: subscribe, IPv_Type: ipv6, Location: 美国, ISP: CloudFlare Inc., Date: None, Delay: -1 ms, Speed: 0.00 M/s, Resolution: None
Name: CCTV-10, URL: https://migu.188766.xyz/?migutoken=ef15a388825f312a12d299da51d46679&id=CCTV10&type=yy, From: subscribe, IPv_Type: ipv6, Location: 美国, ISP: CloudFlare Inc., Date: None, Delay: -1 ms, Speed: 0.00 M/s, Resolution: None
Name: CCTV-10, URL: https://migu.188766.xyz/?migutoken=dc48ac0e90b4c0d0a92b17de7de573f5&id=CCTV10&type=yy, From: subscribe, IPv_Type: ipv6, Location: 美国, ISP: CloudFlare Inc., Date: None, Delay: -1 ms, Speed: 0.00 M/s, Resolution: None
Name: CCTV-10, URL: https://t.freetv.fun/live/cctv-10-1.php, From: subscribe, IPv_Type: ipv6, Location: 美国, ISP: CloudFlare Inc., Date: None, Delay: -1 ms, Speed: 0.00 M/s, Resolution: None
Name: CCTV-10, URL: http://38.75.136.137:98/gslb/dsdqbv/cctv10hd.m3u8?auth=test20251009, From: subscribe, IPv_Type: ipv4, Location: 美国-伊利诺伊州-库克, ISP: Cogent, Date: None, Delay: 816 ms, Speed: 4.67 M/s, Resolution: 1920x1080
Name: CCTV-10, URL: http://23.237.228.134/live5/CCTV10.m3u8, From: subscribe, IPv_Type: ipv4, Location: 北美地区, ISP: , Date: None, Delay: 1271 ms, Speed: 4.30 M/s, Resolution: 1920x1080
Name: CCTV-10, URL: http://113.25.252.226:9901/tsfile/live/1014_1.m3u8?key=txiptv&playlive=1&authid=0, From: subscribe, IPv_Type: ipv4, Location: 中国-山西, ISP: 电信, Date: None, Delay: 10285 ms, Speed: 0.00 M/s, Resolution: None
Name: CCTV-11, URL: https://www.freetv.top/migu/667987558.m3u8?migutoken=16827d54043eba69d051685229b1d0623c01f398f643b3a7d912c9929d6525025ef57eb61666d45bb70dfc86405aa336ca762f0bda4f0284d98eddae4042805df42661f954a1d40820829ec8c2, From: subscribe, IPv_Type: ipv6, Location: 美国-加利福尼亚州-圣克拉拉, ISP: DigitalOcean, Date: None, Delay: 127 ms, Speed: 3.64 M/s, Resolution: 1920x1080
Name: CCTV-11, URL: https://www.freetv.top/migu/667987558.m3u8?migutoken=6f0aba8bb528e29d40340f6930899fd9d7af9fd013c355a61146d5528e6ac297c46d65935ffcea640455737c324736dd8a29f22083f5450155873c9e89d3a4fb8b6b92b897a7dc62ad55fd891d, From: subscribe, IPv_Type: ipv6, Location: 美国-加利福尼亚州-圣克拉拉, ISP: DigitalOcean, Date: None, Delay: 133 ms, Speed: 3.69 M/s, Resolution: 1920x1080
Name: CCTV-11, URL: https://migu.188766.xyz/?migutoken=0927bf82a45c1f9364f65c0ef218a10a&id=CCTV11&type=yy, From: subscribe, IPv_Type: ipv6, Location: 美国, ISP: CloudFlare Inc., Date: None, Delay: -1 ms, Speed: 0.00 M/s, Resolution: None
Name: CCTV-11, URL: https://migu.188766.xyz/?migutoken=3bb0a07abc01805ec80a5b2b8072fbeb&id=CCTV11&type=yy, From: subscribe, IPv_Type: ipv6, Location: 美国, ISP: CloudFlare Inc., Date: None, Delay: -1 ms, Speed: 0.00 M/s, Resolution: None
Name: CCTV-11, URL: https://migu.188766.xyz/?migutoken=8e7b1f54290f6eb27b9254c2d01774ca&id=CCTV11&type=yy, From: subscribe, IPv_Type: ipv6, Location: 美国, ISP: CloudFlare Inc., Date: None, Delay: -1 ms, Speed: 0.00 M/s, Resolution: None
Name: CCTV-11, URL: https://migu.188766.xyz/?migutoken=c38264c7c8c2bf958b519ef0c1c4ceec&id=CCTV11&type=yy, From: subscribe, IPv_Type: ipv6, Location: 美国, ISP: CloudFlare Inc., Date: None, Delay: -1 ms, Speed: 0.00 M/s, Resolution: None
Name: CCTV-11, URL: https://migu.188766.xyz/?migutoken=c7dffe357e78bacacffdbdbc768f7182&id=CCTV11&type=yy, From: subscribe, IPv_Type: ipv6, Location: 美国, ISP: CloudFlare Inc., Date: None, Delay: -1 ms, Speed: 0.00 M/s, Resolution: None
Name: CCTV-11, URL: https://migu.188766.xyz/?migutoken=690b4d87e7f8735af6f4be2d9e3e5850&id=CCTV11&type=yy, From: subscribe, IPv_Type: ipv6, Location: 美国, ISP: CloudFlare Inc., Date: None, Delay: -1 ms, Speed: 0.00 M/s, Resolution: None
Name: CCTV-11, URL: https://iptv.catvod.com/live.php?id=CCTV-11, From: subscribe, IPv_Type: ipv6, Location: 美国, ISP: CloudFlare Inc., Date: None, Delay: -1 ms, Speed: 0.00 M/s, Resolution: None
Name: CCTV-11, URL: https://migu.188766.xyz/?migutoken=292ce3f7844a769a5be1b21ca6ca48a9&id=CCTV11&type=yy, From: subscribe, IPv_Type: ipv6, Location: 美国, ISP: CloudFlare Inc., Date: None, Delay: -1 ms, Speed: 0.00 M/s, Resolution: None
Name: CCTV-11, URL: https://migu.188766.xyz/?migutoken=3b46787f030651169ff7dfa0acaa05c8&id=CCTV11&type=yy, From: subscribe, IPv_Type: ipv6, Location: 美国, ISP: CloudFlare Inc., Date: None, Delay: -1 ms, Speed: 0.00 M/s, Resolution: None
Name: CCTV-11, URL: https://migu.188766.xyz/?migutoken=cc5ca00e927603cc9d04531fc216716c&id=CCTV11&type=yy, From: subscribe, IPv_Type: ipv6, Location: 美国, ISP: CloudFlare Inc., Date: None, Delay: -1 ms, Speed: 0.00 M/s, Resolution: None
Name: CCTV-11, URL: https://migu.188766.xyz/?migutoken=0e50c6b799b8a771ecf579ea0d7a04f0&id=CCTV11&type=yy, From: subscribe, IPv_Type: ipv6, Location: 美国, ISP: CloudFlare Inc., Date: None, Delay: -1 ms, Speed: 0.00 M/s, Resolution: None
Name: CCTV-11, URL: https://migu.188766.xyz/?migutoken=6c3757274a2f75c78e4738243726a6a1&id=CCTV11&type=yy, From: subscribe, IPv_Type: ipv6, Location: 美国, ISP: CloudFlare Inc., Date: None, Delay: -1 ms, Speed: 0.00 M/s, Resolution: None
Name: CCTV-11, URL: https://migu.188766.xyz/?migutoken=1b8adfdeda344c5703c2054fc613060d&id=CCTV11&type=yy, From: subscribe, IPv_Type: ipv6, Location: 美国, ISP: CloudFlare Inc., Date: None, Delay: -1 ms, Speed: 0.00 M/s, Resolution: None
Name: CCTV-11, URL: https://migu.188766.xyz/?migutoken=aa814646836aa9633c2e7532578aa2d9&id=CCTV11&type=yy, From: subscribe, IPv_Type: ipv6, Location: 美国, ISP: CloudFlare Inc., Date: None, Delay: -1 ms, Speed: 0.00 M/s, Resolution: None
Name: CCTV-11, URL: https://migu.188766.xyz/?migutoken=b6ba945fd23509773bc822b18852fed6&id=CCTV11&type=yy, From: subscribe, IPv_Type: ipv6, Location: 美国, ISP: CloudFlare Inc., Date: None, Delay: -1 ms, Speed: 0.00 M/s, Resolution: None
Name: CCTV-11, URL: https://migu.188766.xyz/?migutoken=adf985ee23b98a42ef9d96f9e0f06765&id=CCTV11&type=yy, From: subscribe, IPv_Type: ipv6, Location: 美国, ISP: CloudFlare Inc., Date: None, Delay: -1 ms, Speed: 0.00 M/s, Resolution: None
Name: CCTV-11, URL: https://migu.188766.xyz/?migutoken=76f60a268ee95af412b067e1a7424db4&id=CCTV11&type=yy, From: subscribe, IPv_Type: ipv6, Location: 美国, ISP: CloudFlare Inc., Date: None, Delay: -1 ms, Speed: 0.00 M/s, Resolution: None
Name: CCTV-11, URL: https://migu.188766.xyz/?migutoken=24c2694489732396bcd1cf77af4615ad&id=CCTV11&type=yy, From: subscribe, IPv_Type: ipv6, Location: 美国, ISP: CloudFlare Inc., Date: None, Delay: -1 ms, Speed: 0.00 M/s, Resolution: None
Name: CCTV-11, URL: https://migu.188766.xyz/?migutoken=6fc332702b7a97bf5df028f00c0477fa&id=CCTV11&type=yy, From: subscribe, IPv_Type: ipv6, Location: 美国, ISP: CloudFlare Inc., Date: None, Delay: -1 ms, Speed: 0.00 M/s, Resolution: None
Name: CCTV-11, URL: https://migu.188766.xyz/?migutoken=9e855aa78c58762ee308d0cf072f7834&id=CCTV11&type=yy, From: subscribe, IPv_Type: ipv6, Location: 美国, ISP: CloudFlare Inc., Date: None, Delay: -1 ms, Speed: 0.00 M/s, Resolution: None
Name: CCTV-11, URL: https://migu.188766.xyz/?migutoken=ab09cf2618eca846d6910de0b30f046b&id=CCTV11&type=yy, From: subscribe, IPv_Type: ipv6, Location: 美国, ISP: CloudFlare Inc., Date: None, Delay: -1 ms, Speed: 0.00 M/s, Resolution: None
Name: CCTV-11, URL: https://migu.188766.xyz/?migutoken=85558585b8c6f941aeca3d9658879c27&id=CCTV11&type=yy, From: subscribe, IPv_Type: ipv6, Location: 美国, ISP: CloudFlare Inc., Date: None, Delay: -1 ms, Speed: 0.00 M/s, Resolution: None
Name: CCTV-11, URL: https://migu.188766.xyz/?migutoken=31c8f62ab810c9c313ab51b7c792ebfa&id=CCTV11&type=yy, From: subscribe, IPv_Type: ipv6, Location: 美国, ISP: CloudFlare Inc., Date: None, Delay: -1 ms, Speed: 0.00 M/s, Resolution: None
Name: CCTV-11, URL: https://migu.188766.xyz/?migutoken=02f32d73f19cb7aa3b1d908ad84aff10&id=CCTV11&type=yy, From: subscribe, IPv_Type: ipv6, Location: 美国, ISP: CloudFlare Inc., Date: None, Delay: -1 ms, Speed: 0.00 M/s, Resolution: None
Name: CCTV-11, URL: https://migu.188766.xyz/?migutoken=24305dea1bb29f2f635a98d44fe8af4e&id=CCTV11&type=yy, From: subscribe, IPv_Type: ipv6, Location: 美国, ISP: CloudFlare Inc., Date: None, Delay: -1 ms, Speed: 0.00 M/s, Resolution: None
Name: CCTV-11, URL: https://migu.188766.xyz/?migutoken=5ef811c5df419f6585837747baf60c1d&id=CCTV11&type=yy, From: subscribe, IPv_Type: ipv6, Location: 美国, ISP: CloudFlare Inc., Date: None, Delay: -1 ms, Speed: 0.00 M/s, Resolution: None
Name: CCTV-11, URL: https://migu.188766.xyz/?migutoken=389ffb8471e7a2b3d57977bfedacd65c&id=CCTV11&type=yy, From: subscribe, IPv_Type: ipv6, Location: 美国, ISP: CloudFlare Inc., Date: None, Delay: -1 ms, Speed: 0.00 M/s, Resolution: None
Name: CCTV-11, URL: https://migu.188766.xyz/?migutoken=97f3af7bd08467224f59724ad8a2cf25&id=CCTV11&type=yy, From: subscribe, IPv_Type: ipv6, Location: 美国, ISP: CloudFlare Inc., Date: None, Delay: -1 ms, Speed: 0.00 M/s, Resolution: None
Name: CCTV-11, URL: https://migu.188766.xyz/?migutoken=1b2cc2dc5483fc1140f9480118c417f4&id=CCTV11&type=yy, From: subscribe, IPv_Type: ipv6, Location: 美国, ISP: CloudFlare Inc., Date: None, Delay: -1 ms, Speed: 0.00 M/s, Resolution: None
Name: CCTV-11, URL: http://38.75.136.137:98/gslb/dsdqbv/cctv11hd.m3u8?auth=test20251009, From: subscribe, IPv_Type: ipv4, Location: 美国-伊利诺伊州-库克, ISP: Cogent, Date: None, Delay: 1071 ms, Speed: 4.76 M/s, Resolution: 1920x1080
Name: CCTV-12, URL: https://www.freetv.top/migu/673168185.m3u8?migutoken=ca060ebeb7798a2bd7e8b8cb4143386b12a2629519220accd5fd0a77a147ab06630fd8cf65f82517ba9db18cc4b5c5edf350c0734fdddbc216781b9944d8e7eaf326bac636110e27fcd980f4e2, From: subscribe, IPv_Type: ipv6, Location: 美国-加利福尼亚州-圣克拉拉, ISP: DigitalOcean, Date: None, Delay: 163 ms, Speed: 2.89 M/s, Resolution: 1920x1080
Name: CCTV-12, URL: https://www.freetv.top/migu/673168185.m3u8?migutoken=40766e9859972e6ae171d58afa7e850faae4246a22bcbd157d273c1bd3b350c0a628f5bf360a7db1d2783c2aadcb2234c9655b4da63085bdef253dcca0b0c76b5ac80d0f95782b3b7bd4a0e881, From: subscribe, IPv_Type: ipv6, Location: 美国-加利福尼亚州-圣克拉拉, ISP: DigitalOcean, Date: None, Delay: 151 ms, Speed: 3.22 M/s, Resolution: 1920x1080
Name: CCTV-12, URL: https://www.freetv.top/migu/673168185.m3u8?migutoken=876a940958defb8a6514e54b9a992f0208f7db15754439ec4131d690bb68982f44bdfa6edbdbbdaf91035ca931a5577a8de3f1af81b18ee26104662899818f2703ab8bf49c63365ef4c1abb782, From: subscribe, IPv_Type: ipv6, Location: 美国-加利福尼亚州-圣克拉拉, ISP: DigitalOcean, Date: None, Delay: 172 ms, Speed: 3.09 M/s, Resolution: 1920x1080
Name: CCTV-12, URL: https://www.freetv.top/migu/673168185.m3u8?migutoken=dd69c6da4ca875bfa3b2c373a896be579823c971f68c14aae1624ddc25a0b5bbf046484c0809601c25014abc49cfbf2f72bf0c59ab5ff81f304a187856c7a50e4d2b12f9eaf5d5627b50786e85, From: subscribe, IPv_Type: ipv6, Location: 美国-加利福尼亚州-圣克拉拉, ISP: DigitalOcean, Date: None, Delay: 180 ms, Speed: 2.76 M/s, Resolution: 1920x1080
Name: CCTV-12, URL: https://www.freetv.top/migu/673168185.m3u8?migutoken=2c8ff357aa2421f58bdbe7599a401e91b4e82c915fb4cdc01b7b5958d324557b8fe0b9dfc2848124c14b3c90fbeeaaec9a973e08efe51011771d0fbfcdfb36bbb23ba40211547f349c501b6997, From: subscribe, IPv_Type: ipv6, Location: 美国-加利福尼亚州-圣克拉拉, ISP: DigitalOcean, Date: None, Delay: 165 ms, Speed: 2.98 M/s, Resolution: 1920x1080
Name: CCTV-12, URL: https://www.freetv.top/migu/673168185.m3u8?migutoken=76bebb6e232f0fab2255a916973032f09dc402780dd9463245d5237e70aa9461dc91a243e619fe0da57b167eb3d0dea54b5eb6fc957bb9cb07fe18e072e9c76b6e8a128db454b6b97d90206f5a, From: subscribe, IPv_Type: ipv6, Location: 美国-加利福尼亚州-圣克拉拉, ISP: DigitalOcean, Date: None, Delay: 165 ms, Speed: 2.76 M/s, Resolution: 1920x1080
Name: CCTV-12, URL: https://www.freetv.top/migu/673168185.m3u8?migutoken=850e10c4b3e2559846e644627d1497207d19de95ff18847d49e0964a8624df5197b1262ebe2daea9c3cfc41d24fec5145f55e042a0eec5e360ac914bf90f7be722595f32839fa076275e91b466, From: subscribe, IPv_Type: ipv6, Location: 美国-加利福尼亚州-圣克拉拉, ISP: DigitalOcean, Date: None, Delay: 166 ms, Speed: 3.08 M/s, Resolution: 1920x1080
Name: CCTV-12, URL: https://www.freetv.top/migu/673168185.m3u8?migutoken=ff6a5a89e6ad0f73cd78424df3be0abe3743e8bbd37698f2dcee8ece0d6ffbe0c1205c704c08924958889799dcc66d9333f4273e5dc9ead670713fd2b2292e201873fb66020ec85899c7bd2a05, From: subscribe, IPv_Type: ipv6, Location: 美国-加利福尼亚州-圣克拉拉, ISP: DigitalOcean, Date: None, Delay: 193 ms, Speed: 2.25 M/s, Resolution: 1920x1080
Name: CCTV-12, URL: https://www.freetv.top/migu/673168185.m3u8?migutoken=5423237e9d331ddbd254f9b34f235d2d3a581587f12081d6f4dc2e5fd33889675377b585750675d9d08c0a7620fee257f9f2994877ebd92907417411e935c2e49fbcbe53ead412cd81dfa7dfba, From: subscribe, IPv_Type: ipv6, Location: 美国-加利福尼亚州-圣克拉拉, ISP: DigitalOcean, Date: None, Delay: 183 ms, Speed: 2.96 M/s, Resolution: 1920x1080
Name: CCTV-12, URL: https://www.freetv.top/migu/673168185.m3u8?migutoken=6da0b98d673331a792733285434b6f75aefe1d72574d51d388f210f853362b7f5cd07a7969ae76778b0d05129f6c205abeb3a168906b638ece23bdde93d5a86f47482052cd9b44f53ceefb2207, From: subscribe, IPv_Type: ipv6, Location: 美国-加利福尼亚州-圣克拉拉, ISP: DigitalOcean, Date: None, Delay: 164 ms, Speed: 2.75 M/s, Resolution: 1920x1080
Name: CCTV-12, URL: https://www.freetv.top/migu/673168185.m3u8?migutoken=a099c4781935e65ce141b770794c3b43ae66c9cff99a441ab85b8a676ceb9472ea0e60b610403e97c019904f7c814c2524dc1f8f884664706b7b5a1ce4fd076c7f8c776c9d73f4a0fc12b259f3, From: subscribe, IPv_Type: ipv6, Location: 美国-加利福尼亚州-圣克拉拉, ISP: DigitalOcean, Date: None, Delay: 125 ms, Speed: 3.81 M/s, Resolution: 1920x1080
Name: CCTV-12, URL: http://www.freetv.top/migu/673168185.m3u8?migutoken=21a3954b28c73a4240272889ec94c3318c23068f666c79e61379cb154a890e4e7e3c998a578b29a381972f128751898531cb713221ff95385afec91149321ad772e31489fa01e553c8223e976a, From: subscribe, IPv_Type: ipv6, Location: 美国-加利福尼亚州-圣克拉拉, ISP: DigitalOcean, Date: None, Delay: 112 ms, Speed: 4.02 M/s, Resolution: 1920x1080
Name: CCTV-12, URL: https://migu.188766.xyz/?migutoken=9ff5f9a9abb3fd7b557184867032df88&id=CCTV12&type=yy, From: subscribe, IPv_Type: ipv6, Location: 美国, ISP: CloudFlare Inc., Date: None, Delay: -1 ms, Speed: 0.00 M/s, Resolution: None
Name: CCTV-12, URL: https://iptv.catvod.com/live.php?id=CCTV-12, From: subscribe, IPv_Type: ipv6, Location: 美国, ISP: CloudFlare Inc., Date: None, Delay: -1 ms, Speed: 0.00 M/s, Resolution: None
Name: CCTV-12, URL: https://migu.188766.xyz/?migutoken=ab7756f16705a08cb8d633d95bd29093&id=CCTV12&type=yy, From: subscribe, IPv_Type: ipv6, Location: 美国, ISP: CloudFlare Inc., Date: None, Delay: -1 ms, Speed: 0.00 M/s, Resolution: None
Name: CCTV-12, URL: https://migu.188766.xyz/?migutoken=a132e52962b2804e3cbdbdaa44d377d5&id=CCTV12&type=yy, From: subscribe, IPv_Type: ipv6, Location: 美国, ISP: CloudFlare Inc., Date: None, Delay: -1 ms, Speed: 0.00 M/s, Resolution: None
Name: CCTV-12, URL: https://migu.188766.xyz/?migutoken=9d0704e4076e8e63318bd49675743698&id=CCTV12&type=yy, From: subscribe, IPv_Type: ipv6, Location: 美国, ISP: CloudFlare Inc., Date: None, Delay: -1 ms, Speed: 0.00 M/s, Resolution: None
Name: CCTV-12, URL: https://migu.188766.xyz/?migutoken=56c4efa61104b4240d5d9b8d5f7e366c&id=CCTV12&type=yy, From: subscribe, IPv_Type: ipv6, Location: 美国, ISP: CloudFlare Inc., Date: None, Delay: -1 ms, Speed: 0.00 M/s, Resolution: None
Name: CCTV-12, URL: https://migu.188766.xyz/?migutoken=5c2ed7a34c16b753760f75bbb9652737&id=CCTV12&type=yy, From: subscribe, IPv_Type: ipv6, Location: 美国, ISP: CloudFlare Inc., Date: None, Delay: -1 ms, Speed: 0.00 M/s, Resolution: None
Name: CCTV-12, URL: https://migu.188766.xyz/?migutoken=f9a735ddd31fb518d897d49bb88b07c8&id=CCTV12&type=yy, From: subscribe, IPv_Type: ipv6, Location: 美国, ISP: CloudFlare Inc., Date: None, Delay: -1 ms, Speed: 0.00 M/s, Resolution: None
Name: CCTV-12, URL: https://migu.188766.xyz/?migutoken=9dff239889b16c82dff838247027b174&id=CCTV12&type=yy, From: subscribe, IPv_Type: ipv6, Location: 美国, ISP: CloudFlare Inc., Date: None, Delay: -1 ms, Speed: 0.00 M/s, Resolution: None
Name: CCTV-12, URL: https://migu.188766.xyz/?migutoken=6ceada60134abae75e77132ef95209e4&id=CCTV12&type=yy, From: subscribe, IPv_Type: ipv6, Location: 美国, ISP: CloudFlare Inc., Date: None, Delay: -1 ms, Speed: 0.00 M/s, Resolution: None
Name: CCTV-12, URL: https://migu.188766.xyz/?migutoken=30411a352f65a7116cd1ee681820ba1a&id=CCTV12&type=yy, From: subscribe, IPv_Type: ipv6, Location: 美国, ISP: CloudFlare Inc., Date: None, Delay: -1 ms, Speed: 0.00 M/s, Resolution: None
Name: CCTV-12, URL: https://migu.188766.xyz/?migutoken=61900f31e352fac81a8065df04ba61ee&id=CCTV12&type=yy, From: subscribe, IPv_Type: ipv6, Location: 美国, ISP: CloudFlare Inc., Date: None, Delay: -1 ms, Speed: 0.00 M/s, Resolution: None
Name: CCTV-12, URL: https://migu.188766.xyz/?migutoken=8f2ed6528837227bdc8b9ea41c1f3e45&id=CCTV12&type=yy, From: subscribe, IPv_Type: ipv6, Location: 美国, ISP: CloudFlare Inc., Date: None, Delay: -1 ms, Speed: 0.00 M/s, Resolution: None
Name: CCTV-12, URL: https://migu.188766.xyz/?migutoken=98bf27ff9055ac9e7f9a0c4ce0e092c5&id=CCTV12&type=yy, From: subscribe, IPv_Type: ipv6, Location: 美国, ISP: CloudFlare Inc., Date: None, Delay: -1 ms, Speed: 0.00 M/s, Resolution: None
Name: CCTV-12, URL: https://migu.188766.xyz/?migutoken=3f03d8221d9110f65a16a00850a496b4&id=CCTV12&type=yy, From: subscribe, IPv_Type: ipv6, Location: 美国, ISP: CloudFlare Inc., Date: None, Delay: -1 ms, Speed: 0.00 M/s, Resolution: None
Name: CCTV-12, URL: https://migu.188766.xyz/?migutoken=e7b1306afa819c3a6b880e624ca50cdf&id=CCTV12&type=yy, From: subscribe, IPv_Type: ipv6, Location: 美国, ISP: CloudFlare Inc., Date: None, Delay: -1 ms, Speed: 0.00 M/s, Resolution: None
Name: CCTV-12, URL: https://migu.188766.xyz/?migutoken=cb9b97258ece52ca4d2d5780f6ca25ab&id=CCTV12&type=yy, From: subscribe, IPv_Type: ipv6, Location: 美国, ISP: CloudFlare Inc., Date: None, Delay: -1 ms, Speed: 0.00 M/s, Resolution: None
Name: CCTV-12, URL: https://migu.188766.xyz/?migutoken=831d78c8af18a52d813d65bb0c05f3a5&id=CCTV12&type=yy, From: subscribe, IPv_Type: ipv6, Location: 美国, ISP: CloudFlare Inc., Date: None, Delay: -1 ms, Speed: 0.00 M/s, Resolution: None
Name: CCTV-12, URL: https://migu.188766.xyz/?migutoken=498fc6fc181d22e9493235bd7c184bb7&id=CCTV12&type=yy, From: subscribe, IPv_Type: ipv6, Location: 美国, ISP: CloudFlare Inc., Date: None, Delay: -1 ms, Speed: 0.00 M/s, Resolution: None
Name: CCTV-12, URL: https://migu.188766.xyz/?migutoken=e14fa597810ee456ad130d32e0fb386f&id=CCTV12&type=yy, From: subscribe, IPv_Type: ipv6, Location: 美国, ISP: CloudFlare Inc., Date: None, Delay: -1 ms, Speed: 0.00 M/s, Resolution: None
Name: CCTV-12, URL: https://migu.188766.xyz/?migutoken=df573f2b549db76c79da2e8ccd852d8b&id=CCTV12&type=yy, From: subscribe, IPv_Type: ipv6, Location: 美国, ISP: CloudFlare Inc., Date: None, Delay: -1 ms, Speed: 0.00 M/s, Resolution: None
Name: CCTV-12, URL: https://migu.188766.xyz/?migutoken=a3f1b6f76f454bf32da3b6ce1abd07dd&id=CCTV12&type=yy, From: subscribe, IPv_Type: ipv6, Location: 美国, ISP: CloudFlare Inc., Date: None, Delay: -1 ms, Speed: 0.00 M/s, Resolution: None
Name: CCTV-12, URL: https://migu.188766.xyz/?migutoken=09f5a1656226e4f6ff9c3f3243eb1c1b&id=CCTV12&type=yy, From: subscribe, IPv_Type: ipv6, Location: 美国, ISP: CloudFlare Inc., Date: None, Delay: -1 ms, Speed: 0.00 M/s, Resolution: None
Name: CCTV-12, URL: https://migu.188766.xyz/?migutoken=eb1c38bfe92e8e07ddc24c4b5b3c6e02&id=CCTV12&type=yy, From: subscribe, IPv_Type: ipv6, Location: 美国, ISP: CloudFlare Inc., Date: None, Delay: -1 ms, Speed: 0.00 M/s, Resolution: None
Name: CCTV-12, URL: https://migu.188766.xyz/?migutoken=dc9933367f5f4447bb6cedf6274f032e&id=CCTV12&type=yy, From: subscribe, IPv_Type: ipv6, Location: 美国, ISP: CloudFlare Inc., Date: None, Delay: -1 ms, Speed: 0.00 M/s, Resolution: None
Name: CCTV-12, URL: https://migu.188766.xyz/?migutoken=51ccf03fc1d62d6a01d13c4bb127f952&id=CCTV12&type=yy, From: subscribe, IPv_Type: ipv6, Location: 美国, ISP: CloudFlare Inc., Date: None, Delay: -1 ms, Speed: 0.00 M/s, Resolution: None
Name: CCTV-12, URL: https://migu.188766.xyz/?migutoken=4c1527c7f4e9611eaa518475aac5a9a7&id=CCTV12&type=yy, From: subscribe, IPv_Type: ipv6, Location: 美国, ISP: CloudFlare Inc., Date: None, Delay: -1 ms, Speed: 0.00 M/s, Resolution: None
Name: CCTV-12, URL: https://migu.188766.xyz/?migutoken=8e7f311b42c1c9e7dbaad6ffa3001243&id=CCTV12&type=yy, From: subscribe, IPv_Type: ipv6, Location: 美国, ISP: CloudFlare Inc., Date: None, Delay: -1 ms, Speed: 0.00 M/s, Resolution: None
Name: CCTV-12, URL: https://migu.188766.xyz/?migutoken=99fd415891b2f729cd92fc9f8fefffbc&id=CCTV12&type=yy, From: subscribe, IPv_Type: ipv6, Location: 美国, ISP: CloudFlare Inc., Date: None, Delay: -1 ms, Speed: 0.00 M/s, Resolution: None
Name: CCTV-12, URL: http://23.237.228.134/live3/CCTV12.m3u8, From: subscribe, IPv_Type: ipv4, Location: 北美地区, ISP: , Date: None, Delay: 112 ms, Speed: 17.40 M/s, Resolution: 1920x1080
Name: CCTV-12, URL: http://38.75.136.137:98/gslb/dsdqbv/cctv12hd.m3u8?auth=test20251009, From: subscribe, IPv_Type: ipv4, Location: 美国-伊利诺伊州-库克, ISP: Cogent, Date: None, Delay: 224 ms, Speed: 0.40 M/s, Resolution: 1920x1080
Name: CCTV-12, URL: http://nn.7x9d.cn/xzc2.php?ua=TW96aWxsYS81LjAgKFdpbmRvd3MgTlQgNi4xOyBXaW42NDsgeDY0KSBBcHBsZVdlYktpdC81MzcuMzYgKEtIVE1MLCBsaWtlIEdlY2tvKSBDaHJvbWUvMTA2LjAuMC4wIFNhZmFyaS81MzcuMzY=&hls=aHR0cDovL3R2dGouanh3bHR4LmNvbTo4MDAzL2NjdHYxMi5tM3U4, From: subscribe, IPv_Type: ipv4, Location: 中国-江苏-宿迁, ISP: 七星云BGP数据中心, Date: None, Delay: 10871 ms, Speed: 0.04 M/s, Resolution: None
Name: CCTV-13, URL: https://event.pull.hebtv.com/jishi/cp1.m3u8, From: subscribe, IPv_Type: ipv6, Location: 中国, ISP: 中国电信, Date: None, Delay: 2772 ms, Speed: 1.10 M/s, Resolution: 1920x1080
Name: CCTV-13, URL: http://ali-m-l.cztv.com/channels/lantian/channel21/1080p.m3u8, From: subscribe, IPv_Type: ipv6, Location: 中国-广西-防城港, ISP: 电信, Date: None, Delay: 2649 ms, Speed: 0.85 M/s, Resolution: 1920x1080
Name: CCTV-13, URL: https://ldncctvwbcdcnc.v.wscdns.com/ldncctvwbcd/cdrmldcctv13_1/index.m3u8, From: subscribe, IPv_Type: ipv6, Location: 中国, ISP: 中国电信, Date: None, Delay: 1682 ms, Speed: 0.26 M/s, Resolution: 1920x1080
Name: CCTV-13, URL: https://www.freetv.top/migu/608807423.m3u8?migutoken=ac19a58805588401a8e818b6dd00df9b327912af3611ba95f89235e7020821668a2b6dc65ccc3904967da59d0a9742565c56ea582baf8915d068035054818ef0f369dab64705a6a7f7120529ec, From: subscribe, IPv_Type: ipv6, Location: 美国-加利福尼亚州-圣克拉拉, ISP: DigitalOcean, Date: None, Delay: 110 ms, Speed: 4.39 M/s, Resolution: 1920x1080
Name: CCTV-13, URL: https://epg.pw/stream/5d3d047c64e44d0a24dc33e5700e579457201d2960036b43819bd930a0bb76a7.m3u8, From: subscribe, IPv_Type: ipv6, Location: 美国, ISP: CloudFlare Inc., Date: None, Delay: 928 ms, Speed: 0.71 M/s, Resolution: 1920x1080
Name: CCTV-13, URL: https://www.freetv.top/migu/608807423.m3u8?migutoken=d04a0fbe708570ac8859ed559ac6241f3a9da203b9f1dcecbbb627c30fca3aac016d99c7e9dc1efa5b5bd973de8170af65d84d3bfdc932709679f2a688284458be83238ceef24aa5196ad54167, From: subscribe, IPv_Type: ipv6, Location: 美国-加利福尼亚州-圣克拉拉, ISP: DigitalOcean, Date: None, Delay: 118 ms, Speed: 3.75 M/s, Resolution: 1920x1080
Name: CCTV-13, URL: https://www.freetv.top/migu/608807423.m3u8?migutoken=c2389cf5194aa51126151d56817f4b78c648be26d653da0ba123aedb4ac3bc7cf448bdf7e94a38f8a1d5ef942bd7584f21130d1702c97093596d8bf121dc9e10697c48b323b813404c8eff9ed6, From: subscribe, IPv_Type: ipv6, Location: 美国-加利福尼亚州-圣克拉拉, ISP: DigitalOcean, Date: None, Delay: 103 ms, Speed: 4.84 M/s, Resolution: 1920x1080
Name: CCTV-13, URL: https://www.freetv.top/migu/608807423.m3u8?migutoken=ac75a7b224f6d682c32c041ab4e0382dbb3ff875e9f9296ab33b8f3b7d44ac493d7bf97160232973e9f25fe71232f5180c8fe73aaee23768741e101519263d172ad60f77351699f0863c60b8ff, From: subscribe, IPv_Type: ipv6, Location: 美国-加利福尼亚州-圣克拉拉, ISP: DigitalOcean, Date: None, Delay: 111 ms, Speed: 3.94 M/s, Resolution: 1920x1080
Name: CCTV-13, URL: https://www.freetv.top/migu/608807423.m3u8?migutoken=b0ebf450385413f8d70e72a92ceba03e41170d59df1374472666311b9a1b26c2665ac29d287ef869f8998593325508eed5b09a4020d14bc557a3fe580eea0c0f4c2c13a4581ddb400575b8d3e9, From: subscribe, IPv_Type: ipv6, Location: 美国-加利福尼亚州-圣克拉拉, ISP: DigitalOcean, Date: None, Delay: 121 ms, Speed: 3.70 M/s, Resolution: 1920x1080
Name: CCTV-13, URL: https://www.freetv.top/migu/608807423.m3u8?migutoken=776326ca258673fca618a4f3a2ff6e001516e1bd1de00a273f9321b167eace944b1fea149e58d9f61f99fdcb505524330bcadd896ad46e9264a6c57fcd05b0e7b924e3462804a5228697c43f3f, From: subscribe, IPv_Type: ipv6, Location: 美国-加利福尼亚州-圣克拉拉, ISP: DigitalOcean, Date: None, Delay: 116 ms, Speed: 3.73 M/s, Resolution: 1920x1080
Name: CCTV-13, URL: https://www.freetv.top/migu/608807423.m3u8?migutoken=2ea304b199bfe39629418c1d50b3c9f34ba06712c9c7922a614411768b18496280cdfdee913572bdb8d1cdd3d5763460f2f0aea6c7a51095aaf66f1eb8f43ce6edbbeac22c35e78ecc39dbdf27, From: subscribe, IPv_Type: ipv6, Location: 美国-加利福尼亚州-圣克拉拉, ISP: DigitalOcean, Date: None, Delay: 115 ms, Speed: 3.76 M/s, Resolution: 1920x1080
Name: CCTV-13, URL: https://www.freetv.top/migu/608807423.m3u8?migutoken=62d2214274cef7d40b4114d45bf7638a556c67cd16bcf313098428f7b9c39529a9409be7e2a892a20359eed6ae89f4458686ab0c3b3d4ca5e2ca54e11342c5719c3a1e0e8af936fe2a1892a5fa, From: subscribe, IPv_Type: ipv6, Location: 美国-加利福尼亚州-圣克拉拉, ISP: DigitalOcean, Date: None, Delay: 125 ms, Speed: 3.86 M/s, Resolution: 1920x1080
Name: CCTV-13, URL: https://www.freetv.top/migu/608807423.m3u8?migutoken=85d3cf2d1e1511208a2074a3da420becee120fffec82c80e13e533bb191e19cba13d3f9831f111202869da1200838bc62ed7dcc00a437f0c3f013a2f2fbd4d23de657fbc5d9b1b4f432f49b15d, From: subscribe, IPv_Type: ipv6, Location: 美国-加利福尼亚州-圣克拉拉, ISP: DigitalOcean, Date: None, Delay: 121 ms, Speed: 3.58 M/s, Resolution: 1920x1080
Name: CCTV-13, URL: https://www.freetv.top/migu/608807423.m3u8?migutoken=7a9f631c12e3f260a1be234f09172421b9cb241df766874aae8a36485a148b231acfe7a255db39c6e6affcb6015c80f4607fcc3301cfb28d121090c6eef969c85d1a23a3a6e649c0557dda6ae3, From: subscribe, IPv_Type: ipv6, Location: 美国-加利福尼亚州-圣克拉拉, ISP: DigitalOcean, Date: None, Delay: 122 ms, Speed: 4.00 M/s, Resolution: 1920x1080
Name: CCTV-13, URL: https://migu.188766.xyz/?migutoken=e0790f7619318bbfc5778d7d839f5673&id=CCTV13&type=yy, From: subscribe, IPv_Type: ipv6, Location: 美国, ISP: CloudFlare Inc., Date: None, Delay: -1 ms, Speed: 0.00 M/s, Resolution: None
Name: CCTV-13, URL: https://migu.188766.xyz/?migutoken=d78031d9c7dec2d6635bf679d26c521b&id=CCTV13&type=yy, From: subscribe, IPv_Type: ipv6, Location: 美国, ISP: CloudFlare Inc., Date: None, Delay: -1 ms, Speed: 0.00 M/s, Resolution: None
Name: CCTV-13, URL: https://iptv.catvod.com/live.php?id=CCTV-13, From: subscribe, IPv_Type: ipv6, Location: 美国, ISP: CloudFlare Inc., Date: None, Delay: -1 ms, Speed: 0.00 M/s, Resolution: None
Name: CCTV-13, URL: https://migu.188766.xyz/?migutoken=95ee7848924b43fc1fbec41e0e38725b&id=CCTV13&type=yy, From: subscribe, IPv_Type: ipv6, Location: 美国, ISP: CloudFlare Inc., Date: None, Delay: -1 ms, Speed: 0.00 M/s, Resolution: None
Name: CCTV-13, URL: https://migu.188766.xyz/?migutoken=12f0b7cdaf3d8480e2ff307cb05b8877&id=CCTV13&type=yy, From: subscribe, IPv_Type: ipv6, Location: 美国, ISP: CloudFlare Inc., Date: None, Delay: -1 ms, Speed: 0.00 M/s, Resolution: None
Name: CCTV-13, URL: https://migu.188766.xyz/?migutoken=a242586a793bcf8f0da72dc2f2a9160b&id=CCTV13&type=yy, From: subscribe, IPv_Type: ipv6, Location: 美国, ISP: CloudFlare Inc., Date: None, Delay: -1 ms, Speed: 0.00 M/s, Resolution: None
Name: CCTV-13, URL: https://migu.188766.xyz/?migutoken=de2470d2e89a2af0fc53aaece17cc029&id=CCTV13&type=yy, From: subscribe, IPv_Type: ipv6, Location: 美国, ISP: CloudFlare Inc., Date: None, Delay: -1 ms, Speed: 0.00 M/s, Resolution: None
Name: CCTV-13, URL: https://migu.188766.xyz/?migutoken=c4fa3bbb998b7551ee787c0aaff18798&id=CCTV13&type=yy, From: subscribe, IPv_Type: ipv6, Location: 美国, ISP: CloudFlare Inc., Date: None, Delay: -1 ms, Speed: 0.00 M/s, Resolution: None
Name: CCTV-13, URL: https://migu.188766.xyz/?migutoken=f9dfc2ca1d1629ab24a0bb2079590a6d&id=CCTV13&type=yy, From: subscribe, IPv_Type: ipv6, Location: 美国, ISP: CloudFlare Inc., Date: None, Delay: -1 ms, Speed: 0.00 M/s, Resolution: None
Name: CCTV-13, URL: https://migu.188766.xyz/?migutoken=19469068871ea952d7eec108c27a6123&id=CCTV13&type=yy, From: subscribe, IPv_Type: ipv6, Location: 美国, ISP: CloudFlare Inc., Date: None, Delay: -1 ms, Speed: 0.00 M/s, Resolution: None
Name: CCTV-13, URL: https://migu.188766.xyz/?migutoken=586a1549a1d60b3c0d5fa7306a28a4c8&id=CCTV13&type=yy, From: subscribe, IPv_Type: ipv6, Location: 美国, ISP: CloudFlare Inc., Date: None, Delay: -1 ms, Speed: 0.00 M/s, Resolution: None
Name: CCTV-13, URL: https://migu.188766.xyz/?migutoken=ae276ff79a7e43ad90f147a0d566a3e9&id=CCTV13&type=yy, From: subscribe, IPv_Type: ipv6, Location: 美国, ISP: CloudFlare Inc., Date: None, Delay: -1 ms, Speed: 0.00 M/s, Resolution: None
Name: CCTV-13, URL: https://migu.188766.xyz/?migutoken=a07aeb14ac224d7e61744d61e16b77aa&id=CCTV13&type=yy, From: subscribe, IPv_Type: ipv6, Location: 美国, ISP: CloudFlare Inc., Date: None, Delay: -1 ms, Speed: 0.00 M/s, Resolution: None
Name: CCTV-13, URL: https://migu.188766.xyz/?migutoken=dea838fca5d0709ec73bb3701ce29c2b&id=CCTV13&type=yy, From: subscribe, IPv_Type: ipv6, Location: 美国, ISP: CloudFlare Inc., Date: None, Delay: -1 ms, Speed: 0.00 M/s, Resolution: None
Name: CCTV-13, URL: https://migu.188766.xyz/?migutoken=ac63066edeebd4fdcc559850e7aed0e5&id=CCTV13&type=yy, From: subscribe, IPv_Type: ipv6, Location: 美国, ISP: CloudFlare Inc., Date: None, Delay: -1 ms, Speed: 0.00 M/s, Resolution: None
Name: CCTV-13, URL: https://migu.188766.xyz/?migutoken=d0db65fcd5f76fbeec28a9231ac43c2c&id=CCTV13&type=yy, From: subscribe, IPv_Type: ipv6, Location: 美国, ISP: CloudFlare Inc., Date: None, Delay: -1 ms, Speed: 0.00 M/s, Resolution: None
Name: CCTV-13, URL: https://migu.188766.xyz/?migutoken=d3e42e17bfd3f98c47dceb857aa243f0&id=CCTV13&type=yy, From: subscribe, IPv_Type: ipv6, Location: 美国, ISP: CloudFlare Inc., Date: None, Delay: -1 ms, Speed: 0.00 M/s, Resolution: None
Name: CCTV-13, URL: https://migu.188766.xyz/?migutoken=385786c12b6ad2768f253054b76c8747&id=CCTV13&type=yy, From: subscribe, IPv_Type: ipv6, Location: 美国, ISP: CloudFlare Inc., Date: None, Delay: -1 ms, Speed: 0.00 M/s, Resolution: None
Name: CCTV-13, URL: https://migu.188766.xyz/?migutoken=f67df04aa8b67e9be8a30446a857a433&id=CCTV13&type=yy, From: subscribe, IPv_Type: ipv6, Location: 美国, ISP: CloudFlare Inc., Date: None, Delay: -1 ms, Speed: 0.00 M/s, Resolution: None
Name: CCTV-13, URL: https://migu.188766.xyz/?migutoken=0484bff9cbb56217127b445d6ca2a4b2&id=CCTV13&type=yy, From: subscribe, IPv_Type: ipv6, Location: 美国, ISP: CloudFlare Inc., Date: None, Delay: -1 ms, Speed: 0.00 M/s, Resolution: None
Name: CCTV-13, URL: https://migu.188766.xyz/?migutoken=f75e13c9cce82df0a08c7a43045bbc20&id=CCTV13&type=yy, From: subscribe, IPv_Type: ipv6, Location: 美国, ISP: CloudFlare Inc., Date: None, Delay: -1 ms, Speed: 0.00 M/s, Resolution: None
Name: CCTV-13, URL: https://migu.188766.xyz/?migutoken=daa57858818b4cb980a4f0722edcdef1&id=CCTV13&type=yy, From: subscribe, IPv_Type: ipv6, Location: 美国, ISP: CloudFlare Inc., Date: None, Delay: -1 ms, Speed: 0.00 M/s, Resolution: None
Name: CCTV-13, URL: https://migu.188766.xyz/?migutoken=5951d7f95b06f962ff70147c4049e94b&id=CCTV13&type=yy, From: subscribe, IPv_Type: ipv6, Location: 美国, ISP: CloudFlare Inc., Date: None, Delay: -1 ms, Speed: 0.00 M/s, Resolution: None
Name: CCTV-13, URL: https://migu.188766.xyz/?migutoken=1f7419780f9b243ff9978aeacb58c75a&id=CCTV13&type=yy, From: subscribe, IPv_Type: ipv6, Location: 美国, ISP: CloudFlare Inc., Date: None, Delay: -1 ms, Speed: 0.00 M/s, Resolution: None
Name: CCTV-13, URL: http://pull-hs-f5.flive.douyincdn.com/media/stream-695161386435347116/index.m3u8?arch_hrchy=w1&exp_hrchy=w1&expire=1769399632&major_anchor_level=common&sign=9187b14d05855967b7a316320a1085ce&t_id=037-202601191153519CA1DA2812B4E30F9D02-KO6UcR&volcSecret=9187b14d05855967b7a316320a1085ce&volcTime=1769399632, From: subscribe, IPv_Type: ipv6, Location: 美国, ISP: , Date: None, Delay: -1 ms, Speed: 0.00 M/s, Resolution: None
Name: CCTV-13, URL: https://migu.188766.xyz/?migutoken=dca0113015e8ae71845507946285505d&id=CCTV13&type=yy, From: subscribe, IPv_Type: ipv6, Location: 美国, ISP: CloudFlare Inc., Date: None, Delay: -1 ms, Speed: 0.00 M/s, Resolution: None
Name: CCTV-13, URL: http://pull-hs-f5.flive.douyincdn.com/media/stream-695180860228633260/index.m3u8?arch_hrchy=w1&exp_hrchy=w1&expire=1769679988&major_anchor_level=common&sign=71caa1f6b7f3159013b402e1b0400258&t_id=037-20260122174627710B9646E4C8968A739B-Pdey7N&volcSecret=71caa1f6b7f3159013b402e1b0400258&volcTime=1769679988, From: subscribe, IPv_Type: ipv6, Location: 美国, ISP: , Date: None, Delay: -1 ms, Speed: 0.00 M/s, Resolution: None
Name: CCTV-13, URL: https://migu.188766.xyz/?migutoken=3bf275f1634e96807e5cabee9aac15ba&id=CCTV13&type=yy, From: subscribe, IPv_Type: ipv6, Location: 美国, ISP: CloudFlare Inc., Date: None, Delay: -1 ms, Speed: 0.00 M/s, Resolution: None
Name: CCTV-13, URL: https://cdn3.163189.xyz/163189/cctv13, From: subscribe, IPv_Type: ipv6, Location: 美国, ISP: CloudFlare Inc., Date: None, Delay: -1 ms, Speed: 0.00 M/s, Resolution: None
Name: CCTV-13, URL: https://migu.188766.xyz/?migutoken=4225b478d2c32eca38f0c27ea83fe7e6&id=CCTV13&type=yy, From: subscribe, IPv_Type: ipv6, Location: 美国, ISP: CloudFlare Inc., Date: None, Delay: -1 ms, Speed: 0.00 M/s, Resolution: None
Name: CCTV-13, URL: https://migu.188766.xyz/?migutoken=1ab63b63183ea8cea36b10488a74fb73&id=CCTV13&type=yy, From: subscribe, IPv_Type: ipv6, Location: 美国, ISP: CloudFlare Inc., Date: None, Delay: -1 ms, Speed: 0.00 M/s, Resolution: None
Name: CCTV-13, URL: https://migu.188766.xyz/?migutoken=2a80d42cbef32988445e356feee4afc0&id=CCTV13&type=yy, From: subscribe, IPv_Type: ipv6, Location: 美国, ISP: CloudFlare Inc., Date: None, Delay: -1 ms, Speed: 0.00 M/s, Resolution: None
Name: CCTV-13, URL: https://live.catvod.com/live.php?id=cctv13, From: subscribe, IPv_Type: ipv6, Location: 美国, ISP: CloudFlare Inc., Date: None, Delay: -1 ms, Speed: 0.00 M/s, Resolution: None
Name: CCTV-13, URL: https://t.freetv.fun/live/cctv13-21.m3u8, From: subscribe, IPv_Type: ipv6, Location: 美国, ISP: CloudFlare Inc., Date: None, Delay: -1 ms, Speed: 0.00 M/s, Resolution: None
Name: CCTV-13, URL: https://t.freetv.fun/live/cctv-13hd.m3u8, From: subscribe, IPv_Type: ipv6, Location: 美国, ISP: CloudFlare Inc., Date: None, Delay: -1 ms, Speed: 0.00 M/s, Resolution: None
Name: CCTV-13, URL: http://38.75.136.137:98/gslb/dsdqbv/cctv13hd.m3u8?auth=test20251009, From: subscribe, IPv_Type: ipv4, Location: 美国-伊利诺伊州-库克, ISP: Cogent, Date: None, Delay: 412 ms, Speed: 3.86 M/s, Resolution: 1920x1080
Name: CCTV-13, URL: http://pull-f3.douyincdn.com/media/stream-695180860228633260.m3u8?arch_hrchy=w1&auth_key=1770012985-0-0-ff9ee4b3a63b6442d68acb5c221d05b4&exp_hrchy=w1&major_anchor_level=common&t_id=037-202601261446245C5B02B57E2169287B08-jDQsKk, From: subscribe, IPv_Type: ipv4, Location: 美国, ISP: , Date: None, Delay: 1582 ms, Speed: 3.06 M/s, Resolution: 1920x1080
Name: CCTV-13, URL: http://nn.7x9d.cn/xzc2.php?ua=TW96aWxsYS81LjAgKFdpbmRvd3MgTlQgNi4xOyBXaW42NDsgeDY0KSBBcHBsZVdlYktpdC81MzcuMzYgKEtIVE1MLCBsaWtlIEdlY2tvKSBDaHJvbWUvMTA2LjAuMC4wIFNhZmFyaS81MzcuMzY=&hls=aHR0cDovL3R2dGouanh3bHR4LmNvbTo4MDAzL2NjdHYxMy5tM3U4, From: subscribe, IPv_Type: ipv4, Location: 中国-江苏-宿迁, ISP: 七星云BGP数据中心, Date: None, Delay: 10822 ms, Speed: 0.04 M/s, Resolution: None
Name: CCTV-14, URL: https://event.pull.hebtv.com/jishi/cp2.m3u8, From: subscribe, IPv_Type: ipv6, Location: 中国, ISP: 中国电信, Date: None, Delay: 2285 ms, Speed: 1.24 M/s, Resolution: 1920x1080
Name: CCTV-14, URL: https://migu.188766.xyz/?migutoken=ea062459e55707eb08e6abaa547400c0&id=CCTV14&type=yy, From: subscribe, IPv_Type: ipv6, Location: 美国, ISP: CloudFlare Inc., Date: None, Delay: -1 ms, Speed: 0.00 M/s, Resolution: None
Name: CCTV-14, URL: https://iptv.catvod.com/live.php?id=CCTV-14, From: subscribe, IPv_Type: ipv6, Location: 美国, ISP: CloudFlare Inc., Date: None, Delay: -1 ms, Speed: 0.00 M/s, Resolution: None
Name: CCTV-14, URL: https://migu.188766.xyz/?migutoken=118f6bbcbddecc9546c727ef64bc6af4&id=CCTV14&type=yy, From: subscribe, IPv_Type: ipv6, Location: 美国, ISP: CloudFlare Inc., Date: None, Delay: -1 ms, Speed: 0.00 M/s, Resolution: None
Name: CCTV-14, URL: https://migu.188766.xyz/?migutoken=86ca55a21b1649a1edda8d6ada0c69a7&id=CCTV14&type=yy, From: subscribe, IPv_Type: ipv6, Location: 美国, ISP: CloudFlare Inc., Date: None, Delay: -1 ms, Speed: 0.00 M/s, Resolution: None
Name: CCTV-14, URL: https://migu.188766.xyz/?migutoken=b91e1cc101225e26eb314c6ff4eb5095&id=CCTV14&type=yy, From: subscribe, IPv_Type: ipv6, Location: 美国, ISP: CloudFlare Inc., Date: None, Delay: -1 ms, Speed: 0.00 M/s, Resolution: None
Name: CCTV-14, URL: https://migu.188766.xyz/?migutoken=f94b8d46128b6fb3042d589549b66527&id=CCTV14&type=yy, From: subscribe, IPv_Type: ipv6, Location: 美国, ISP: CloudFlare Inc., Date: None, Delay: -1 ms, Speed: 0.00 M/s, Resolution: None
Name: CCTV-14, URL: https://migu.188766.xyz/?migutoken=5e1143889ec7dc7004842a3646932198&id=CCTV14&type=yy, From: subscribe, IPv_Type: ipv6, Location: 美国, ISP: CloudFlare Inc., Date: None, Delay: -1 ms, Speed: 0.00 M/s, Resolution: None
Name: CCTV-14, URL: https://migu.188766.xyz/?migutoken=50974510782e7fdf740936e92c9aa3c8&id=CCTV14&type=yy, From: subscribe, IPv_Type: ipv6, Location: 美国, ISP: CloudFlare Inc., Date: None, Delay: -1 ms, Speed: 0.00 M/s, Resolution: None
Name: CCTV-14, URL: https://migu.188766.xyz/?migutoken=658aa9e57964b1f77f8635e0ec61675c&id=CCTV14&type=yy, From: subscribe, IPv_Type: ipv6, Location: 美国, ISP: CloudFlare Inc., Date: None, Delay: -1 ms, Speed: 0.00 M/s, Resolution: None
Name: CCTV-14, URL: https://migu.188766.xyz/?migutoken=2ca05c6d7e2bb2aef5296e3542debda9&id=CCTV14&type=yy, From: subscribe, IPv_Type: ipv6, Location: 美国, ISP: CloudFlare Inc., Date: None, Delay: -1 ms, Speed: 0.00 M/s, Resolution: None
Name: CCTV-14, URL: https://migu.188766.xyz/?migutoken=01930823e3f557c9544dbcd09338d76e&id=CCTV14&type=yy, From: subscribe, IPv_Type: ipv6, Location: 美国, ISP: CloudFlare Inc., Date: None, Delay: -1 ms, Speed: 0.00 M/s, Resolution: None
Name: CCTV-14, URL: https://migu.188766.xyz/?migutoken=9ffa6cbd1f17932c3c9bbe5464125780&id=CCTV14&type=yy, From: subscribe, IPv_Type: ipv6, Location: 美国, ISP: CloudFlare Inc., Date: None, Delay: -1 ms, Speed: 0.00 M/s, Resolution: None
Name: CCTV-14, URL: https://migu.188766.xyz/?migutoken=11190fea39c4d916824dc79d77e71389&id=CCTV14&type=yy, From: subscribe, IPv_Type: ipv6, Location: 美国, ISP: CloudFlare Inc., Date: None, Delay: -1 ms, Speed: 0.00 M/s, Resolution: None
Name: CCTV-14, URL: https://migu.188766.xyz/?migutoken=3b8abf5d15a7d058ea1d5ffdbf99942d&id=CCTV14&type=yy, From: subscribe, IPv_Type: ipv6, Location: 美国, ISP: CloudFlare Inc., Date: None, Delay: -1 ms, Speed: 0.00 M/s, Resolution: None
Name: CCTV-14, URL: https://migu.188766.xyz/?migutoken=bf5e78fb8b318768412395e3d22f30d8&id=CCTV14&type=yy, From: subscribe, IPv_Type: ipv6, Location: 美国, ISP: CloudFlare Inc., Date: None, Delay: -1 ms, Speed: 0.00 M/s, Resolution: None
Name: CCTV-14, URL: https://migu.188766.xyz/?migutoken=a275e5d929b971589907ada83dfe34a6&id=CCTV14&type=yy, From: subscribe, IPv_Type: ipv6, Location: 美国, ISP: CloudFlare Inc., Date: None, Delay: -1 ms, Speed: 0.00 M/s, Resolution: None
Name: CCTV-14, URL: https://migu.188766.xyz/?migutoken=f768ab0853e2e30c08005794598b66f6&id=CCTV14&type=yy, From: subscribe, IPv_Type: ipv6, Location: 美国, ISP: CloudFlare Inc., Date: None, Delay: -1 ms, Speed: 0.00 M/s, Resolution: None
Name: CCTV-14, URL: https://migu.188766.xyz/?migutoken=94e1700bb2b5bfef303bb4fc55e59f6a&id=CCTV14&type=yy, From: subscribe, IPv_Type: ipv6, Location: 美国, ISP: CloudFlare Inc., Date: None, Delay: -1 ms, Speed: 0.00 M/s, Resolution: None
Name: CCTV-14, URL: https://migu.188766.xyz/?migutoken=4c8290e0f970f4d69fd5a7e50ea7005e&id=CCTV14&type=yy, From: subscribe, IPv_Type: ipv6, Location: 美国, ISP: CloudFlare Inc., Date: None, Delay: -1 ms, Speed: 0.00 M/s, Resolution: None
Name: CCTV-14, URL: https://migu.188766.xyz/?migutoken=51146b3588de5f5b5441bc3169d57ca4&id=CCTV14&type=yy, From: subscribe, IPv_Type: ipv6, Location: 美国, ISP: CloudFlare Inc., Date: None, Delay: -1 ms, Speed: 0.00 M/s, Resolution: None
Name: CCTV-14, URL: https://migu.188766.xyz/?migutoken=a88c4a7f0ab1ef6fc77695ba6364e19a&id=CCTV14&type=yy, From: subscribe, IPv_Type: ipv6, Location: 美国, ISP: CloudFlare Inc., Date: None, Delay: -1 ms, Speed: 0.00 M/s, Resolution: None
Name: CCTV-14, URL: https://migu.188766.xyz/?migutoken=925835d0c9f4f2df88822180b399a52c&id=CCTV14&type=yy, From: subscribe, IPv_Type: ipv6, Location: 美国, ISP: CloudFlare Inc., Date: None, Delay: -1 ms, Speed: 0.00 M/s, Resolution: None
Name: CCTV-14, URL: https://migu.188766.xyz/?migutoken=f3edf51d13fca07f863536c521234a23&id=CCTV14&type=yy, From: subscribe, IPv_Type: ipv6, Location: 美国, ISP: CloudFlare Inc., Date: None, Delay: -1 ms, Speed: 0.00 M/s, Resolution: None
Name: CCTV-14, URL: https://migu.188766.xyz/?migutoken=26f2ab9673cefb4e2fecff486a64321d&id=CCTV14&type=yy, From: subscribe, IPv_Type: ipv6, Location: 美国, ISP: CloudFlare Inc., Date: None, Delay: -1 ms, Speed: 0.00 M/s, Resolution: None
Name: CCTV-14, URL: https://migu.188766.xyz/?migutoken=7668c5e462675ab1cf9b81ce59c0a6d9&id=CCTV14&type=yy, From: subscribe, IPv_Type: ipv6, Location: 美国, ISP: CloudFlare Inc., Date: None, Delay: -1 ms, Speed: 0.00 M/s, Resolution: None
Name: CCTV-14, URL: https://migu.188766.xyz/?migutoken=8f6f9ec7b9db2a3c63bb7b26171fc2b3&id=CCTV14&type=yy, From: subscribe, IPv_Type: ipv6, Location: 美国, ISP: CloudFlare Inc., Date: None, Delay: -1 ms, Speed: 0.00 M/s, Resolution: None
Name: CCTV-14, URL: https://migu.188766.xyz/?migutoken=27ef78531ee7c89678ae81b4efaefbf3&id=CCTV14&type=yy, From: subscribe, IPv_Type: ipv6, Location: 美国, ISP: CloudFlare Inc., Date: None, Delay: -1 ms, Speed: 0.00 M/s, Resolution: None
Name: CCTV-14, URL: https://migu.188766.xyz/?migutoken=a952095dff11ffc28b10e9b514cfc4cc&id=CCTV14&type=yy, From: subscribe, IPv_Type: ipv6, Location: 美国, ISP: CloudFlare Inc., Date: None, Delay: -1 ms, Speed: 0.00 M/s, Resolution: None
Name: CCTV-14, URL: https://migu.188766.xyz/?migutoken=e3c12dc6216155dca32e3921f274fe8d&id=CCTV14&type=yy, From: subscribe, IPv_Type: ipv6, Location: 美国, ISP: CloudFlare Inc., Date: None, Delay: -1 ms, Speed: 0.00 M/s, Resolution: None
Name: CCTV-14, URL: https://t.freetv.fun/live/cctv14shao-er-1.php, From: subscribe, IPv_Type: ipv6, Location: 美国, ISP: CloudFlare Inc., Date: None, Delay: -1 ms, Speed: 0.00 M/s, Resolution: None
Name: CCTV-14, URL: http://23.237.228.134/live3/CCTV14.m3u8, From: subscribe, IPv_Type: ipv4, Location: 北美地区, ISP: , Date: None, Delay: 123 ms, Speed: 22.62 M/s, Resolution: 1920x1080
Name: CCTV-14, URL: http://69.30.246.194/live/cctv14.m3u8, From: subscribe, IPv_Type: ipv4, Location: 美国-密苏里州-杰克逊县, ISP: WholeSale互联网股份有限公司, Date: None, Delay: 1109 ms, Speed: 6.59 M/s, Resolution: 1920x1080
Name: CCTV-14, URL: http://38.75.136.137:98/gslb/dsdqbv/cctv14hd.m3u8?auth=test20251009, From: subscribe, IPv_Type: ipv4, Location: 美国-伊利诺伊州-库克, ISP: Cogent, Date: None, Delay: 1470 ms, Speed: 3.49 M/s, Resolution: 1920x1080
Name: CCTV-14, URL: http://38.75.136.137:98/gslb/dsdqpub/cctv14hd.m3u8?auth=testpub, From: subscribe, IPv_Type: ipv4, Location: 美国-伊利诺伊州-库克, ISP: Cogent, Date: None, Delay: 9494 ms, Speed: 0.37 M/s, Resolution: 1920x1080
Name: CCTV-14, URL: http://nn.7x9d.cn/xzc2.php?ua=TW96aWxsYS81LjAgKFdpbmRvd3MgTlQgNi4xOyBXaW42NDsgeDY0KSBBcHBsZVdlYktpdC81MzcuMzYgKEtIVE1MLCBsaWtlIEdlY2tvKSBDaHJvbWUvMTA2LjAuMC4wIFNhZmFyaS81MzcuMzY=&hls=aHR0cDovL3R2dGouanh3bHR4LmNvbTo4MDAzL2NjdHYxNC5tM3U4, From: subscribe, IPv_Type: ipv4, Location: 中国-江苏-宿迁, ISP: 七星云BGP数据中心, Date: None, Delay: 10622 ms, Speed: 0.02 M/s, Resolution: None
Name: CCTV-15, URL: https://migu.188766.xyz/?migutoken=0b0ddd1ec271ea8399273668a4e404ab&id=CCTV15&type=yy, From: subscribe, IPv_Type: ipv6, Location: 美国, ISP: CloudFlare Inc., Date: None, Delay: -1 ms, Speed: 0.00 M/s, Resolution: None
Name: CCTV-15, URL: https://iptv.catvod.com/live.php?id=CCTV-15, From: subscribe, IPv_Type: ipv6, Location: 美国, ISP: CloudFlare Inc., Date: None, Delay: -1 ms, Speed: 0.00 M/s, Resolution: None
Name: CCTV-15, URL: https://migu.188766.xyz/?migutoken=fa2ba6b05a9b9248d2835a2bd9a53518&id=CCTV15&type=yy, From: subscribe, IPv_Type: ipv6, Location: 美国, ISP: CloudFlare Inc., Date: None, Delay: -1 ms, Speed: 0.00 M/s, Resolution: None
Name: CCTV-15, URL: https://migu.188766.xyz/?migutoken=02abf76c572637b3004c6952453fdc6b&id=CCTV15&type=yy, From: subscribe, IPv_Type: ipv6, Location: 美国, ISP: CloudFlare Inc., Date: None, Delay: -1 ms, Speed: 0.00 M/s, Resolution: None
Name: CCTV-15, URL: https://migu.188766.xyz/?migutoken=a209f0cad9c5df58a359353e1664812a&id=CCTV15&type=yy, From: subscribe, IPv_Type: ipv6, Location: 美国, ISP: CloudFlare Inc., Date: None, Delay: -1 ms, Speed: 0.00 M/s, Resolution: None
Name: CCTV-15, URL: https://migu.188766.xyz/?migutoken=c2779cbd94a5d3f8850bfe0326f92a51&id=CCTV15&type=yy, From: subscribe, IPv_Type: ipv6, Location: 美国, ISP: CloudFlare Inc., Date: None, Delay: -1 ms, Speed: 0.00 M/s, Resolution: None
Name: CCTV-15, URL: https://migu.188766.xyz/?migutoken=b2e16dbe7821149cf960e4d50670aa59&id=CCTV15&type=yy, From: subscribe, IPv_Type: ipv6, Location: 美国, ISP: CloudFlare Inc., Date: None, Delay: -1 ms, Speed: 0.00 M/s, Resolution: None
Name: CCTV-15, URL: https://migu.188766.xyz/?migutoken=83f754ce7042282a8dc4ec08db5b22d2&id=CCTV15&type=yy, From: subscribe, IPv_Type: ipv6, Location: 美国, ISP: CloudFlare Inc., Date: None, Delay: -1 ms, Speed: 0.00 M/s, Resolution: None
Name: CCTV-15, URL: https://migu.188766.xyz/?migutoken=98807be25689606546f979620bdfd0a4&id=CCTV15&type=yy, From: subscribe, IPv_Type: ipv6, Location: 美国, ISP: CloudFlare Inc., Date: None, Delay: -1 ms, Speed: 0.00 M/s, Resolution: None
Name: CCTV-15, URL: https://migu.188766.xyz/?migutoken=93c37a7aee624c212c361d4f444622ff&id=CCTV15&type=yy, From: subscribe, IPv_Type: ipv6, Location: 美国, ISP: CloudFlare Inc., Date: None, Delay: -1 ms, Speed: 0.00 M/s, Resolution: None
Name: CCTV-15, URL: https://migu.188766.xyz/?migutoken=b866c9332134700c1c55178e2eac5c2b&id=CCTV15&type=yy, From: subscribe, IPv_Type: ipv6, Location: 美国, ISP: CloudFlare Inc., Date: None, Delay: -1 ms, Speed: 0.00 M/s, Resolution: None
Name: CCTV-15, URL: https://migu.188766.xyz/?migutoken=d0981e46641135a473f39c5a9d5ca509&id=CCTV15&type=yy, From: subscribe, IPv_Type: ipv6, Location: 美国, ISP: CloudFlare Inc., Date: None, Delay: -1 ms, Speed: 0.00 M/s, Resolution: None
Name: CCTV-15, URL: https://migu.188766.xyz/?migutoken=da35d716cb7adff2add966561e4b8b2b&id=CCTV15&type=yy, From: subscribe, IPv_Type: ipv6, Location: 美国, ISP: CloudFlare Inc., Date: None, Delay: -1 ms, Speed: 0.00 M/s, Resolution: None
Name: CCTV-15, URL: https://migu.188766.xyz/?migutoken=62c128cdce35040c75e0812aaaec710a&id=CCTV15&type=yy, From: subscribe, IPv_Type: ipv6, Location: 美国, ISP: CloudFlare Inc., Date: None, Delay: -1 ms, Speed: 0.00 M/s, Resolution: None
Name: CCTV-15, URL: https://migu.188766.xyz/?migutoken=3e466ce9b1a16926d961955cdcbbcc88&id=CCTV15&type=yy, From: subscribe, IPv_Type: ipv6, Location: 美国, ISP: CloudFlare Inc., Date: None, Delay: -1 ms, Speed: 0.00 M/s, Resolution: None
Name: CCTV-15, URL: https://migu.188766.xyz/?migutoken=df989cceb3c168618bb43fed0c9d89c0&id=CCTV15&type=yy, From: subscribe, IPv_Type: ipv6, Location: 美国, ISP: CloudFlare Inc., Date: None, Delay: -1 ms, Speed: 0.00 M/s, Resolution: None
Name: CCTV-15, URL: https://migu.188766.xyz/?migutoken=00817a7808836cc790dbdc17b18439a7&id=CCTV15&type=yy, From: subscribe, IPv_Type: ipv6, Location: 美国, ISP: CloudFlare Inc., Date: None, Delay: -1 ms, Speed: 0.00 M/s, Resolution: None
Name: CCTV-15, URL: https://migu.188766.xyz/?migutoken=3cda291c19cf0476f0c795c96614d132&id=CCTV15&type=yy, From: subscribe, IPv_Type: ipv6, Location: 美国, ISP: CloudFlare Inc., Date: None, Delay: -1 ms, Speed: 0.00 M/s, Resolution: None
Name: CCTV-15, URL: https://migu.188766.xyz/?migutoken=8f526cd18d34ddd149ec92a22156dcab&id=CCTV15&type=yy, From: subscribe, IPv_Type: ipv6, Location: 美国, ISP: CloudFlare Inc., Date: None, Delay: -1 ms, Speed: 0.00 M/s, Resolution: None
Name: CCTV-15, URL: https://migu.188766.xyz/?migutoken=795215860bcb0ae09d2275fda68e3645&id=CCTV15&type=yy, From: subscribe, IPv_Type: ipv6, Location: 美国, ISP: CloudFlare Inc., Date: None, Delay: -1 ms, Speed: 0.00 M/s, Resolution: None
Name: CCTV-15, URL: https://migu.188766.xyz/?migutoken=d1a9744420dca8df3afe27a88a8c33f6&id=CCTV15&type=yy, From: subscribe, IPv_Type: ipv6, Location: 美国, ISP: CloudFlare Inc., Date: None, Delay: -1 ms, Speed: 0.00 M/s, Resolution: None
Name: CCTV-15, URL: https://migu.188766.xyz/?migutoken=9f1b09530df3f1a8ebb95d0030d3eb2d&id=CCTV15&type=yy, From: subscribe, IPv_Type: ipv6, Location: 美国, ISP: CloudFlare Inc., Date: None, Delay: -1 ms, Speed: 0.00 M/s, Resolution: None
Name: CCTV-15, URL: https://migu.188766.xyz/?migutoken=6f069f1b2a496b18e24786f975c7f104&id=CCTV15&type=yy, From: subscribe, IPv_Type: ipv6, Location: 美国, ISP: CloudFlare Inc., Date: None, Delay: -1 ms, Speed: 0.00 M/s, Resolution: None
Name: CCTV-15, URL: https://migu.188766.xyz/?migutoken=e0df917e7fea07ed1063d37c56ac6695&id=CCTV15&type=yy, From: subscribe, IPv_Type: ipv6, Location: 美国, ISP: CloudFlare Inc., Date: None, Delay: -1 ms, Speed: 0.00 M/s, Resolution: None
Name: CCTV-15, URL: https://migu.188766.xyz/?migutoken=c5dd95ca79ae41cd914dc2d900f02e86&id=CCTV15&type=yy, From: subscribe, IPv_Type: ipv6, Location: 美国, ISP: CloudFlare Inc., Date: None, Delay: -1 ms, Speed: 0.00 M/s, Resolution: None
Name: CCTV-15, URL: https://migu.188766.xyz/?migutoken=e668d9533bc5513b9f8c413c30bd8532&id=CCTV15&type=yy, From: subscribe, IPv_Type: ipv6, Location: 美国, ISP: CloudFlare Inc., Date: None, Delay: -1 ms, Speed: 0.00 M/s, Resolution: None
Name: CCTV-15, URL: https://migu.188766.xyz/?migutoken=a87eddb243eabcf5edb6e65606259acf&id=CCTV15&type=yy, From: subscribe, IPv_Type: ipv6, Location: 美国, ISP: CloudFlare Inc., Date: None, Delay: -1 ms, Speed: 0.00 M/s, Resolution: None
Name: CCTV-15, URL: https://migu.188766.xyz/?migutoken=33dfe874e447134479feedae66fb0932&id=CCTV15&type=yy, From: subscribe, IPv_Type: ipv6, Location: 美国, ISP: CloudFlare Inc., Date: None, Delay: -1 ms, Speed: 0.00 M/s, Resolution: None
Name: CCTV-15, URL: https://migu.188766.xyz/?migutoken=6f5da026a3ff3cb1430cc75bae02a49f&id=CCTV15&type=yy, From: subscribe, IPv_Type: ipv6, Location: 美国, ISP: CloudFlare Inc., Date: None, Delay: -1 ms, Speed: 0.00 M/s, Resolution: None
Name: CCTV-15, URL: http://38.75.136.137:98/gslb/dsdqbv/cctv15hd.m3u8?auth=test20251009, From: subscribe, IPv_Type: ipv4, Location: 美国-伊利诺伊州-库克, ISP: Cogent, Date: None, Delay: 1701 ms, Speed: 2.97 M/s, Resolution: 1920x1080
Name: CCTV-15, URL: http://38.75.136.137:98/gslb/dsdqpub/cctv15hd.m3u8?auth=testpub, From: subscribe, IPv_Type: ipv4, Location: 美国-伊利诺伊州-库克, ISP: Cogent, Date: None, Delay: 10585 ms, Speed: 0.32 M/s, Resolution: 1920x1080
Name: CCTV-16, URL: https://epg.pw/stream/c1beb2abcba5aef09c2f58efc3ca84b76de2c7b9cf60762b0d79772d9e70d454.m3u8, From: subscribe, IPv_Type: ipv6, Location: 美国, ISP: CloudFlare Inc., Date: None, Delay: 927 ms, Speed: 0.70 M/s, Resolution: 1920x1080
Name: CCTV-16, URL: https://iptv.catvod.com/live.php?id=CCTV-16, From: subscribe, IPv_Type: ipv6, Location: 美国, ISP: CloudFlare Inc., Date: None, Delay: -1 ms, Speed: 0.00 M/s, Resolution: None
Name: CCTV-16, URL: http://ott.mobaibox.com/PLTV/3/224/3221228168/index.m3u8, From: subscribe, IPv_Type: ipv6, Location: 中国, ISP: 中国移动, Date: None, Delay: -1 ms, Speed: 0.00 M/s, Resolution: None
Name: CCTV-16, URL: http://hwottcdn.ln.chinamobile.com/PLTV/11/224/3221227071/index.m3u8, From: subscribe, IPv_Type: ipv6, Location: 中国, ISP: 中国移动, Date: None, Delay: -1 ms, Speed: 0.00 M/s, Resolution: None
Name: CCTV-16, URL: http://hwottcdn.ln.chinamobile.com/PLTV/11/224/3221227074/index.m3u8, From: subscribe, IPv_Type: ipv6, Location: 中国, ISP: 中国移动, Date: None, Delay: -1 ms, Speed: 0.00 M/s, Resolution: None
Name: CCTV-16, URL: http://hwottcdn.ln.chinamobile.com/PLTV/11/224/3221227346/index.m3u8, From: subscribe, IPv_Type: ipv6, Location: 中国, ISP: 中国移动, Date: None, Delay: -1 ms, Speed: 0.00 M/s, Resolution: None
Name: CCTV-16, URL: http://hwltc.tv.cdn.zj.chinamobile.com/PLTV/88888888/224/3221236181/index.m3u8, From: subscribe, IPv_Type: ipv6, Location: 中国, ISP: 中国移动, Date: None, Delay: -1 ms, Speed: 0.00 M/s, Resolution: None
Name: CCTV-16, URL: http://69.30.246.194/live/cctv16.m3u8, From: subscribe, IPv_Type: ipv4, Location: 美国-密苏里州-杰克逊县, ISP: WholeSale互联网股份有限公司, Date: None, Delay: 585 ms, Speed: 7.03 M/s, Resolution: 1920x1080
Name: CCTV-16, URL: http://38.75.136.137:98/gslb/dsdqbv/cctv16hd.m3u8?auth=test20251009, From: subscribe, IPv_Type: ipv4, Location: 美国-伊利诺伊州-库克, ISP: Cogent, Date: None, Delay: 891 ms, Speed: 4.40 M/s, Resolution: 1920x1080
Name: CCTV-16, URL: http://38.75.136.137:98/gslb/dsdqpub/cctv16hd.m3u8?auth=testpub, From: subscribe, IPv_Type: ipv4, Location: 美国-伊利诺伊州-库克, ISP: Cogent, Date: None, Delay: 10932 ms, Speed: 0.22 M/s, Resolution: 1920x1080
Name: CCTV-17, URL: https://www.freetv.top/migu/673168256.m3u8?migutoken=c505aab29000098934f1ca9d5242dc3a2190c763d3b8cee6e169b420eed692acda4eda40e637ee80eda6dd8a7728facd6367052eb645c558fe35bc0b716d932a07debbc8759ebcde15c9c7f920, From: subscribe, IPv_Type: ipv6, Location: 美国-加利福尼亚州-圣克拉拉, ISP: DigitalOcean, Date: None, Delay: 72 ms, Speed: 7.30 M/s, Resolution: 1920x1080
Name: CCTV-17, URL: https://www.freetv.top/migu/673168256.m3u8?migutoken=d63fc572ecc0257295e450bf7a5fc93e48375c1f7a6db73b9ee6a5587a776b53b22fcdaf1ecbca5059a2aa2e461e5a3d5381a6b4b8316d7dac6f0d6d701c34dc91e96415f35e46e35467b52736, From: subscribe, IPv_Type: ipv6, Location: 美国-加利福尼亚州-圣克拉拉, ISP: DigitalOcean, Date: None, Delay: 77 ms, Speed: 6.23 M/s, Resolution: 1920x1080
Name: CCTV-17, URL: http://www.freetv.top/migu/673168256.m3u8?migutoken=698e0ff1ba47e7b3e38326199e2ee0a1b7bd0b0dd192935d111a196fb0a283c3070537cce6951301b2cc3e6f7de31ffdb9b7c4095d6c008d8333e21e5070375ca86124640133c9fa4c6ffa847f, From: subscribe, IPv_Type: ipv6, Location: 美国-加利福尼亚州-圣克拉拉, ISP: DigitalOcean, Date: None, Delay: 63 ms, Speed: 6.91 M/s, Resolution: 1920x1080
Name: CCTV-17, URL: https://migu.188766.xyz/?migutoken=a3460ccaeda17077253874f47801d179&id=CCTV17&type=yy, From: subscribe, IPv_Type: ipv6, Location: 美国, ISP: CloudFlare Inc., Date: None, Delay: -1 ms, Speed: 0.00 M/s, Resolution: None
Name: CCTV-17, URL: https://migu.188766.xyz/?migutoken=2a2beeb8513ece879845089ba29d642c&id=CCTV17&type=yy, From: subscribe, IPv_Type: ipv6, Location: 美国, ISP: CloudFlare Inc., Date: None, Delay: -1 ms, Speed: 0.00 M/s, Resolution: None
Name: CCTV-17, URL: https://iptv.catvod.com/live.php?id=CCTV-17, From: subscribe, IPv_Type: ipv6, Location: 美国, ISP: CloudFlare Inc., Date: None, Delay: -1 ms, Speed: 0.00 M/s, Resolution: None
Name: CCTV-17, URL: https://migu.188766.xyz/?migutoken=27a9a7cdc136cdd9b7b2c7fbaecfe968&id=CCTV17&type=yy, From: subscribe, IPv_Type: ipv6, Location: 美国, ISP: CloudFlare Inc., Date: None, Delay: -1 ms, Speed: 0.00 M/s, Resolution: None
Name: CCTV-17, URL: https://migu.188766.xyz/?migutoken=fa7ddf6d0dc824511c5b481c2b4c9b8c&id=CCTV17&type=yy, From: subscribe, IPv_Type: ipv6, Location: 美国, ISP: CloudFlare Inc., Date: None, Delay: -1 ms, Speed: 0.00 M/s, Resolution: None
Name: CCTV-17, URL: https://migu.188766.xyz/?migutoken=915965a3c209b4a3a9225ffecf328816&id=CCTV17&type=yy, From: subscribe, IPv_Type: ipv6, Location: 美国, ISP: CloudFlare Inc., Date: None, Delay: -1 ms, Speed: 0.00 M/s, Resolution: None
Name: CCTV-17, URL: https://migu.188766.xyz/?migutoken=e1fda704820f2dd55bb2d0fc6c3413c6&id=CCTV17&type=yy, From: subscribe, IPv_Type: ipv6, Location: 美国, ISP: CloudFlare Inc., Date: None, Delay: -1 ms, Speed: 0.00 M/s, Resolution: None
Name: CCTV-17, URL: https://migu.188766.xyz/?migutoken=bd31dcc932beac008dd1a8e9f3d4c950&id=CCTV17&type=yy, From: subscribe, IPv_Type: ipv6, Location: 美国, ISP: CloudFlare Inc., Date: None, Delay: -1 ms, Speed: 0.00 M/s, Resolution: None
Name: CCTV-17, URL: https://migu.188766.xyz/?migutoken=8b1d70e50d1c2ac0ac13969fc81db63e&id=CCTV17&type=yy, From: subscribe, IPv_Type: ipv6, Location: 美国, ISP: CloudFlare Inc., Date: None, Delay: -1 ms, Speed: 0.00 M/s, Resolution: None
Name: CCTV-17, URL: https://migu.188766.xyz/?migutoken=0fa3d96231c0611ea279e92932e2d36d&id=CCTV17&type=yy, From: subscribe, IPv_Type: ipv6, Location: 美国, ISP: CloudFlare Inc., Date: None, Delay: -1 ms, Speed: 0.00 M/s, Resolution: None
Name: CCTV-17, URL: https://migu.188766.xyz/?migutoken=bc70995109561a7e44e2a6d240c1b6bc&id=CCTV17&type=yy, From: subscribe, IPv_Type: ipv6, Location: 美国, ISP: CloudFlare Inc., Date: None, Delay: -1 ms, Speed: 0.00 M/s, Resolution: None
Name: CCTV-17, URL: https://migu.188766.xyz/?migutoken=31a2b7f2b22da660bf0cc5a86998a394&id=CCTV17&type=yy, From: subscribe, IPv_Type: ipv6, Location: 美国, ISP: CloudFlare Inc., Date: None, Delay: -1 ms, Speed: 0.00 M/s, Resolution: None
Name: CCTV-17, URL: https://migu.188766.xyz/?migutoken=ad091f0d34648a5911882a19a16f55e9&id=CCTV17&type=yy, From: subscribe, IPv_Type: ipv6, Location: 美国, ISP: CloudFlare Inc., Date: None, Delay: -1 ms, Speed: 0.00 M/s, Resolution: None
Name: CCTV-17, URL: https://migu.188766.xyz/?migutoken=11f897339a5548f16fc1c07e4057b2d6&id=CCTV17&type=yy, From: subscribe, IPv_Type: ipv6, Location: 美国, ISP: CloudFlare Inc., Date: None, Delay: -1 ms, Speed: 0.00 M/s, Resolution: None
Name: CCTV-17, URL: https://migu.188766.xyz/?migutoken=c78a166604de3255ae56589d891f4c91&id=CCTV17&type=yy, From: subscribe, IPv_Type: ipv6, Location: 美国, ISP: CloudFlare Inc., Date: None, Delay: -1 ms, Speed: 0.00 M/s, Resolution: None
Name: CCTV-17, URL: https://migu.188766.xyz/?migutoken=c9500b402c2ef625623e2486872239e8&id=CCTV17&type=yy, From: subscribe, IPv_Type: ipv6, Location: 美国, ISP: CloudFlare Inc., Date: None, Delay: -1 ms, Speed: 0.00 M/s, Resolution: None
Name: CCTV-17, URL: https://migu.188766.xyz/?migutoken=1881a68038bd394b34879118e9d53c27&id=CCTV17&type=yy, From: subscribe, IPv_Type: ipv6, Location: 美国, ISP: CloudFlare Inc., Date: None, Delay: -1 ms, Speed: 0.00 M/s, Resolution: None
Name: CCTV-17, URL: https://migu.188766.xyz/?migutoken=6f08cfcbe37719947f502f4732ab4fea&id=CCTV17&type=yy, From: subscribe, IPv_Type: ipv6, Location: 美国, ISP: CloudFlare Inc., Date: None, Delay: -1 ms, Speed: 0.00 M/s, Resolution: None
Name: CCTV-17, URL: https://migu.188766.xyz/?migutoken=bb601dee99de1418fcac9863974d36f2&id=CCTV17&type=yy, From: subscribe, IPv_Type: ipv6, Location: 美国, ISP: CloudFlare Inc., Date: None, Delay: -1 ms, Speed: 0.00 M/s, Resolution: None
Name: CCTV-17, URL: https://migu.188766.xyz/?migutoken=4f74b57ca043219723af9574ab7121a2&id=CCTV17&type=yy, From: subscribe, IPv_Type: ipv6, Location: 美国, ISP: CloudFlare Inc., Date: None, Delay: -1 ms, Speed: 0.00 M/s, Resolution: None
Name: CCTV-17, URL: https://migu.188766.xyz/?migutoken=9329985fa4cf1658da3753d2ff66cc8a&id=CCTV17&type=yy, From: subscribe, IPv_Type: ipv6, Location: 美国, ISP: CloudFlare Inc., Date: None, Delay: -1 ms, Speed: 0.00 M/s, Resolution: None
Name: CCTV-17, URL: https://migu.188766.xyz/?migutoken=6e8f0ce24e6992edd268da6eb19b19b4&id=CCTV17&type=yy, From: subscribe, IPv_Type: ipv6, Location: 美国, ISP: CloudFlare Inc., Date: None, Delay: -1 ms, Speed: 0.00 M/s, Resolution: None
Name: CCTV-17, URL: https://migu.188766.xyz/?migutoken=d32625450edaf4b0d4736fab06ee86d7&id=CCTV17&type=yy, From: subscribe, IPv_Type: ipv6, Location: 美国, ISP: CloudFlare Inc., Date: None, Delay: -1 ms, Speed: 0.00 M/s, Resolution: None
Name: CCTV-17, URL: https://migu.188766.xyz/?migutoken=7de294a5c0ce218e5ea297eccbccb3c8&id=CCTV17&type=yy, From: subscribe, IPv_Type: ipv6, Location: 美国, ISP: CloudFlare Inc., Date: None, Delay: -1 ms, Speed: 0.00 M/s, Resolution: None
Name: CCTV-17, URL: http://pull-hls-f26.douyincdn.com/media/stream-118704554834395820.m3u8?arch_hrchy=w1&exp_hrchy=w1&expire=69780e69&major_anchor_level=common&sign=3110e51e78d0ef28cef8b792af1560fa&t_id=037-20260120090129CB135EAED6411C70974A-WTvAu3, From: subscribe, IPv_Type: ipv6, Location: 中国, ISP: , Date: None, Delay: -1 ms, Speed: 0.00 M/s, Resolution: None
Name: CCTV-17, URL: https://migu.188766.xyz/?migutoken=47b3ba758b3b90b539192c638bfc2d4c&id=CCTV17&type=yy, From: subscribe, IPv_Type: ipv6, Location: 美国, ISP: CloudFlare Inc., Date: None, Delay: -1 ms, Speed: 0.00 M/s, Resolution: None
Name: CCTV-17, URL: https://migu.188766.xyz/?migutoken=7f08bddad1a617b620f5bc984b004aa8&id=CCTV17&type=yy, From: subscribe, IPv_Type: ipv6, Location: 美国, ISP: CloudFlare Inc., Date: None, Delay: -1 ms, Speed: 0.00 M/s, Resolution: None
Name: CCTV-17, URL: https://migu.188766.xyz/?migutoken=89fb95f6566da6916524f31bfbb11197&id=CCTV17&type=yy, From: subscribe, IPv_Type: ipv6, Location: 美国, ISP: CloudFlare Inc., Date: None, Delay: -1 ms, Speed: 0.00 M/s, Resolution: None
Name: CCTV-17, URL: https://migu.188766.xyz/?migutoken=4b7e478504fa8a5d62b866cb9c80b15d&id=CCTV17&type=yy, From: subscribe, IPv_Type: ipv6, Location: 美国, ISP: CloudFlare Inc., Date: None, Delay: -1 ms, Speed: 0.00 M/s, Resolution: None
Name: CCTV-17, URL: https://migu.188766.xyz/?migutoken=2eb4628a96ddb7a71e60b9805ad5c13e&id=CCTV17&type=yy, From: subscribe, IPv_Type: ipv6, Location: 美国, ISP: CloudFlare Inc., Date: None, Delay: -1 ms, Speed: 0.00 M/s, Resolution: None
Name: CCTV-17, URL: http://38.75.136.137:98/gslb/dsdqbv/cctv17hd.m3u8?auth=test20251009, From: subscribe, IPv_Type: ipv4, Location: 美国-伊利诺伊州-库克, ISP: Cogent, Date: None, Delay: 1106 ms, Speed: 5.34 M/s, Resolution: 1920x1080
Name: CCTV-17, URL: http://23.237.228.134/live3/CCTV17.m3u8, From: subscribe, IPv_Type: ipv4, Location: 北美地区, ISP: , Date: None, Delay: 1292 ms, Speed: 4.18 M/s, Resolution: 1920x1080
Name: CCTV-17, URL: http://38.75.136.137:98/gslb/dsdqpub/cctv17hd.m3u8?auth=testpub, From: subscribe, IPv_Type: ipv4, Location: 美国-伊利诺伊州-库克, ISP: Cogent, Date: None, Delay: 10142 ms, Speed: 0.13 M/s, Resolution: 1920x1080
Name: CETV-1, URL: https://migu.188766.xyz/?migutoken=b5fcf28a6f8750146ff8ebab666d947e&id=CETV1&type=yy, From: subscribe, IPv_Type: ipv6, Location: 美国, ISP: CloudFlare Inc., Date: None, Delay: -1 ms, Speed: 0.00 M/s, Resolution: None
Name: CETV-1, URL: http://gslbmgsplive.miguvideo.com/migu/kailu/cetv1/50/20240709/index.m3u8?msisdn=202512090804184b508aae70a64e909da818c381a4c4d2&mdspid=&spid=699004&netType=0&sid=5910022150&pid=2028597139&timestamp=20251209080418&Channel_ID=0116_2600037000-99000-200300220100002&ProgramID=923287154&ParentNodeID=-99&assertID=5910022150&client_ip=218.28.233.106&SecurityKey=20251209080418&promotionId=&mvid=5900006636&mcid=500020&playurlVersion=WX-A1-8.11.2-RELEASE&userid=&jmhm=&videocodec=h264&appCode=miguvideo_android&bean=mgspad&tid=android&conFee=0&puData=1d699b81f1c8f44a1ce5d84aee9dad4c&ddCalcu=c14dvd6aa9dd9a9be8e1af418cd85fe4c41a&sv=10004&ct=android, From: subscribe, IPv_Type: ipv6, Location: 中国, ISP: 中国移动, Date: None, Delay: -1 ms, Speed: 0.00 M/s, Resolution: None
Name: CETV-1, URL: https://migu.188766.xyz/?migutoken=213521a9af2dd09a76164c173a9df4a8&id=CETV1&type=yy, From: subscribe, IPv_Type: ipv6, Location: 美国, ISP: CloudFlare Inc., Date: None, Delay: -1 ms, Speed: 0.00 M/s, Resolution: None
Name: CETV-1, URL: http://gslbmgsplive.miguvideo.com/migu/kailu/cetv1/50/20240709/index.m3u8?msisdn=202512101803469dbad6ef9fc546c89d55198bec945de2&mdspid=&spid=699004&netType=0&sid=5910022150&pid=2028597139&timestamp=20251210180346&Channel_ID=0116_2600037000-99000-200300220100002&ProgramID=923287154&ParentNodeID=-99&assertID=5910022150&client_ip=218.28.233.106&SecurityKey=20251210180346&promotionId=&mvid=5900006636&mcid=500020&playurlVersion=WX-A1-8.11.2-RELEASE&userid=&jmhm=&videocodec=h264&appCode=miguvideo_android&bean=mgspad&tid=android&conFee=0&puData=01979531bf41aedabf8adcde0fcd7e52&ddCalcu=2051ve9a77dd9ac5f301ebdfc4d1aa8efdba&sv=10004&ct=android, From: subscribe, IPv_Type: ipv6, Location: 中国, ISP: 中国移动, Date: None, Delay: -1 ms, Speed: 0.00 M/s, Resolution: None
Name: CETV-1, URL: https://zby.130519.xyz/PLTV/11/224/3221225775/index.m3u8, From: subscribe, IPv_Type: ipv6, Location: 美国, ISP: CloudFlare Inc., Date: None, Delay: -1 ms, Speed: 0.00 M/s, Resolution: None
Name: CETV-1, URL: http://gslbmgsplive.miguvideo.com/migu/kailu/cetv1/50/20240709/index.m3u8?msisdn=202512110804226a5a8291fc7c49f8844027aaee304727&mdspid=&spid=699004&netType=0&sid=5910022150&pid=2028597139&timestamp=20251211080422&Channel_ID=0116_2600037000-99000-200300220100002&ProgramID=923287154&ParentNodeID=-99&assertID=5910022150&client_ip=218.28.233.106&SecurityKey=20251211080422&promotionId=&mvid=5900006636&mcid=500020&playurlVersion=WX-A1-8.11.2-RELEASE&userid=&jmhm=&videocodec=h264&appCode=miguvideo_android&bean=mgspad&tid=android&conFee=0&puData=76ac4c1f1206ec10372358001cc6010d&ddCalcu=d706v1aa0cd64accc11f010280563e2c7130&sv=10004&ct=android, From: subscribe, IPv_Type: ipv6, Location: 中国, ISP: 中国移动, Date: None, Delay: -1 ms, Speed: 0.00 M/s, Resolution: None
Name: CETV-1, URL: https://migu.188766.xyz/?migutoken=472390a52e908709ae6ab73b36fac06c&id=CETV1&type=yy, From: subscribe, IPv_Type: ipv6, Location: 美国, ISP: CloudFlare Inc., Date: None, Delay: -1 ms, Speed: 0.00 M/s, Resolution: None
Name: CETV-1, URL: https://migu.188766.xyz/?migutoken=b5498f1bd7f3dacba8954cfcfddea84d&id=CETV1&type=yy, From: subscribe, IPv_Type: ipv6, Location: 美国, ISP: CloudFlare Inc., Date: None, Delay: -1 ms, Speed: 0.00 M/s, Resolution: None
Name: CETV-1, URL: https://migu.188766.xyz/?migutoken=4a091c040c505c172b0ed399a66adbeb&id=CETV1&type=yy, From: subscribe, IPv_Type: ipv6, Location: 美国, ISP: CloudFlare Inc., Date: None, Delay: -1 ms, Speed: 0.00 M/s, Resolution: None
Name: CETV-1, URL: https://stream1.freetv.fun/cetv1-1.m3u8, From: subscribe, IPv_Type: ipv6, Location: 美国, ISP: CloudFlare Inc., Date: None, Delay: -1 ms, Speed: 0.00 M/s, Resolution: None
Name: CETV-1, URL: https://migu.188766.xyz/?migutoken=9e11b9335e110012e1c3deba883dc9aa&id=CETV1&type=yy, From: subscribe, IPv_Type: ipv6, Location: 美国, ISP: CloudFlare Inc., Date: None, Delay: -1 ms, Speed: 0.00 M/s, Resolution: None
Name: CETV-1, URL: https://migu.188766.xyz/?migutoken=3b96307c0a9b2d1cb77aa0d5fceeb3f5&id=CETV1&type=yy, From: subscribe, IPv_Type: ipv6, Location: 美国, ISP: CloudFlare Inc., Date: None, Delay: -1 ms, Speed: 0.00 M/s, Resolution: None
Name: CETV-1, URL: https://migu.188766.xyz/?migutoken=e11fbf7ead3e034934b615046fdf3f27&id=CETV1&type=yy, From: subscribe, IPv_Type: ipv6, Location: 美国, ISP: CloudFlare Inc., Date: None, Delay: -1 ms, Speed: 0.00 M/s, Resolution: None
Name: CETV-1, URL: https://migu.188766.xyz/?migutoken=af5596f1003e2938fee59a8ebb2a7cbb&id=CETV1&type=yy, From: subscribe, IPv_Type: ipv6, Location: 美国, ISP: CloudFlare Inc., Date: None, Delay: -1 ms, Speed: 0.00 M/s, Resolution: None
Name: CETV-1, URL: https://migu.188766.xyz/?migutoken=d1a657f6aa4acc813208c51259082f98&id=CETV1&type=yy, From: subscribe, IPv_Type: ipv6, Location: 美国, ISP: CloudFlare Inc., Date: None, Delay: -1 ms, Speed: 0.00 M/s, Resolution: None
Name: CETV-1, URL: https://migu.188766.xyz/?migutoken=9487a86604c473797d676ff6e66dcf87&id=CETV1&type=yy, From: subscribe, IPv_Type: ipv6, Location: 美国, ISP: CloudFlare Inc., Date: None, Delay: -1 ms, Speed: 0.00 M/s, Resolution: None
Name: CETV-1, URL: https://migu.188766.xyz/?migutoken=7b324b34efdcb32e7f5440a5c17a38a4&id=CETV1&type=yy, From: subscribe, IPv_Type: ipv6, Location: 美国, ISP: CloudFlare Inc., Date: None, Delay: -1 ms, Speed: 0.00 M/s, Resolution: None
Name: CETV-1, URL: https://migu.188766.xyz/?migutoken=2c873d4ebe2ca9041013985073905f41&id=CETV1&type=yy, From: subscribe, IPv_Type: ipv6, Location: 美国, ISP: CloudFlare Inc., Date: None, Delay: -1 ms, Speed: 0.00 M/s, Resolution: None
Name: CETV-1, URL: https://migu.188766.xyz/?migutoken=097fba3ba62246fb813578678f025308&id=CETV1&type=yy, From: subscribe, IPv_Type: ipv6, Location: 美国, ISP: CloudFlare Inc., Date: None, Delay: -1 ms, Speed: 0.00 M/s, Resolution: None
Name: CETV-1, URL: https://migu.188766.xyz/?migutoken=2bba2167620f51e12604ed6ce28bfc65&id=CETV1&type=yy, From: subscribe, IPv_Type: ipv6, Location: 美国, ISP: CloudFlare Inc., Date: None, Delay: -1 ms, Speed: 0.00 M/s, Resolution: None
Name: CETV-1, URL: https://migu.188766.xyz/?migutoken=4b6f8c0ab69919901bb5661082e664db&id=CETV1&type=yy, From: subscribe, IPv_Type: ipv6, Location: 美国, ISP: CloudFlare Inc., Date: None, Delay: -1 ms, Speed: 0.00 M/s, Resolution: None
Name: CETV-1, URL: https://migu.188766.xyz/?migutoken=0700b569a7a9c51c6d393ec0ee63f632&id=CETV1&type=yy, From: subscribe, IPv_Type: ipv6, Location: 美国, ISP: CloudFlare Inc., Date: None, Delay: -1 ms, Speed: 0.00 M/s, Resolution: None
Name: CETV-1, URL: https://migu.188766.xyz/?migutoken=517d0c642009a0ed90498fd1d27c511e&id=CETV1&type=yy, From: subscribe, IPv_Type: ipv6, Location: 美国, ISP: CloudFlare Inc., Date: None, Delay: -1 ms, Speed: 0.00 M/s, Resolution: None
Name: CETV-1, URL: https://migu.188766.xyz/?migutoken=bf4044ccc0e29138d8b302674c003f75&id=CETV1&type=yy, From: subscribe, IPv_Type: ipv6, Location: 美国, ISP: CloudFlare Inc., Date: None, Delay: -1 ms, Speed: 0.00 M/s, Resolution: None
Name: CETV-1, URL: https://migu.188766.xyz/?migutoken=7025fbbac417e2fb8e16c9493647325c&id=CETV1&type=yy, From: subscribe, IPv_Type: ipv6, Location: 美国, ISP: CloudFlare Inc., Date: None, Delay: -1 ms, Speed: 0.00 M/s, Resolution: None
Name: CETV-1, URL: https://migu.188766.xyz/?migutoken=36ef7f6bca62cec9abdcde133fce0012&id=CETV1&type=yy, From: subscribe, IPv_Type: ipv6, Location: 美国, ISP: CloudFlare Inc., Date: None, Delay: -1 ms, Speed: 0.00 M/s, Resolution: None
Name: CETV-1, URL: http://[2409:8087:8:21::18]:6610/otttv.bj.chinamobile.com/PLTV/88888888/224/3221226494/1.m3u8?, From: subscribe, IPv_Type: ipv6, Location: 中国, ISP: 中国移动, Date: None, Delay: -1 ms, Speed: 0.00 M/s, Resolution: None
Name: CETV-1, URL: https://migu.188766.xyz/?migutoken=ff34eee73bd188acb0749876b26b893d&id=CETV1&type=yy, From: subscribe, IPv_Type: ipv6, Location: 美国, ISP: CloudFlare Inc., Date: None, Delay: -1 ms, Speed: 0.00 M/s, Resolution: None
Name: CETV-1, URL: https://migu.188766.xyz/?migutoken=fba07572f05b80eeb134b946c9b01cf0&id=CETV1&type=yy, From: subscribe, IPv_Type: ipv6, Location: 美国, ISP: CloudFlare Inc., Date: None, Delay: -1 ms, Speed: 0.00 M/s, Resolution: None
Name: CETV-1, URL: https://migu.188766.xyz/?migutoken=23fe3b28f3e7c6ee89105ece09dd7a37&id=CETV1&type=yy, From: subscribe, IPv_Type: ipv6, Location: 美国, ISP: CloudFlare Inc., Date: None, Delay: -1 ms, Speed: 0.00 M/s, Resolution: None
Name: CETV-1, URL: https://migu.188766.xyz/?migutoken=3a98303e29d887a72722cea95b06e998&id=CETV1&type=yy, From: subscribe, IPv_Type: ipv6, Location: 美国, ISP: CloudFlare Inc., Date: None, Delay: -1 ms, Speed: 0.00 M/s, Resolution: None
Name: CETV-1, URL: https://migu.188766.xyz/?migutoken=17db988ee1ff225e93a28d2b44203eb2&id=CETV1&type=yy, From: subscribe, IPv_Type: ipv6, Location: 美国, ISP: CloudFlare Inc., Date: None, Delay: -1 ms, Speed: 0.00 M/s, Resolution: None
Name: CETV-1, URL: https://migu.188766.xyz/?migutoken=bdeae23eb363a931f9a411e252af259c&id=CETV1&type=yy, From: subscribe, IPv_Type: ipv6, Location: 美国, ISP: CloudFlare Inc., Date: None, Delay: -1 ms, Speed: 0.00 M/s, Resolution: None
Name: CETV-1, URL: https://migu.188766.xyz/?migutoken=941d1a9520e796dd28c13945c3cd5368&id=CETV1&type=yy, From: subscribe, IPv_Type: ipv6, Location: 美国, ISP: CloudFlare Inc., Date: None, Delay: -1 ms, Speed: 0.00 M/s, Resolution: None
Name: CETV-1, URL: https://migu.188766.xyz/?migutoken=7152a72fce46f02514979c8b0a30af8f&id=CETV1&type=yy, From: subscribe, IPv_Type: ipv6, Location: 美国, ISP: CloudFlare Inc., Date: None, Delay: -1 ms, Speed: 0.00 M/s, Resolution: None
Name: CETV-1, URL: http://112.254.55.106:22222/rtp/239.253.254.110:8000, From: subscribe, IPv_Type: ipv4, Location: 中国-山东-青岛, ISP: 联通, Date: None, Delay: 402 ms, Speed: 0.04 M/s, Resolution: 1920x1080
Name: CETV-2, URL: https://migu.188766.xyz/?migutoken=918c068e818b5e34db73a952cbda8799&id=CETV2&type=yy, From: subscribe, IPv_Type: ipv6, Location: 美国, ISP: CloudFlare Inc., Date: None, Delay: -1 ms, Speed: 0.00 M/s, Resolution: None
Name: CETV-2, URL: http://gslbmgsplive.miguvideo.com/migu/kailu/cetv2/50/20240709/index.m3u8?msisdn=202512090804192a0d415ed1884b02a2f7aef1e5c7060f&mdspid=&spid=699004&netType=0&sid=5910022152&pid=2028597139&timestamp=20251209080419&Channel_ID=0116_2600037000-99000-200300220100002&ProgramID=923287211&ParentNodeID=-99&assertID=5910022152&client_ip=218.28.233.106&SecurityKey=20251209080419&promotionId=&mvid=5900006638&mcid=500020&playurlVersion=WX-A1-8.11.2-RELEASE&userid=&jmhm=&videocodec=h264&appCode=miguvideo_android&bean=mgspad&tid=android&conFee=0&puData=4c485285d23c0e44c299d14008a8d7d6&ddCalcu=64dcv74ad8a85aa288050d4213dc909e24c4&sv=10004&ct=android, From: subscribe, IPv_Type: ipv6, Location: 中国, ISP: 中国移动, Date: None, Delay: -1 ms, Speed: 0.00 M/s, Resolution: None
Name: CETV-2, URL: https://migu.188766.xyz/?migutoken=4c4e9f0628296ab2c02bfb79cb9276e8&id=CETV2&type=yy, From: subscribe, IPv_Type: ipv6, Location: 美国, ISP: CloudFlare Inc., Date: None, Delay: -1 ms, Speed: 0.00 M/s, Resolution: None
Name: CETV-2, URL: http://gslbmgsplive.miguvideo.com/migu/kailu/cetv2/50/20240709/index.m3u8?msisdn=2025121018034762470194c71f4c359629e71feb5f5d76&mdspid=&spid=699004&netType=0&sid=5910022152&pid=2028597139&timestamp=20251210180347&Channel_ID=0116_2600037000-99000-200300220100002&ProgramID=923287211&ParentNodeID=-99&assertID=5910022152&client_ip=218.28.233.106&SecurityKey=20251210180347&promotionId=&mvid=5900006638&mcid=500020&playurlVersion=WX-A1-8.11.2-RELEASE&userid=&jmhm=&videocodec=h264&appCode=miguvideo_android&bean=mgspad&tid=android&conFee=0&puData=b182f5be6dfe67b86e4688af8d298d47&ddCalcu=7b41vd8a82a9fa25db8ef6ad8f8e6647eb68&sv=10004&ct=android, From: subscribe, IPv_Type: ipv6, Location: 中国, ISP: 中国移动, Date: None, Delay: -1 ms, Speed: 0.00 M/s, Resolution: None
Name: CETV-2, URL: http://gslbmgsplive.miguvideo.com/migu/kailu/cetv2/50/20240709/index.m3u8?msisdn=20251211080423a171b14fdae44620b899a8bbaf599424&mdspid=&spid=699004&netType=0&sid=5910022152&pid=2028597139&timestamp=20251211080423&Channel_ID=0116_2600037000-99000-200300220100002&ProgramID=923287211&ParentNodeID=-99&assertID=5910022152&client_ip=218.28.233.106&SecurityKey=20251211080423&promotionId=&mvid=5900006638&mcid=500020&playurlVersion=WX-A1-8.11.2-RELEASE&userid=&jmhm=&videocodec=h264&appCode=miguvideo_android&bean=mgspad&tid=android&conFee=0&puData=328c6ead08894087a7854790272b02d8&ddCalcu=83d2v28a0cab6a2e7a2d00987849548078a7&sv=10004&ct=android, From: subscribe, IPv_Type: ipv6, Location: 中国, ISP: 中国移动, Date: None, Delay: -1 ms, Speed: 0.00 M/s, Resolution: None
Name: CETV-2, URL: https://migu.188766.xyz/?migutoken=a48681026f1ab38522062720532d7a5e&id=CETV2&type=yy, From: subscribe, IPv_Type: ipv6, Location: 美国, ISP: CloudFlare Inc., Date: None, Delay: -1 ms, Speed: 0.00 M/s, Resolution: None
Name: CETV-2, URL: https://migu.188766.xyz/?migutoken=0d8d4767f9262a4b41668144f85c7428&id=CETV2&type=yy, From: subscribe, IPv_Type: ipv6, Location: 美国, ISP: CloudFlare Inc., Date: None, Delay: -1 ms, Speed: 0.00 M/s, Resolution: None
Name: CETV-2, URL: https://migu.188766.xyz/?migutoken=8de5665d629c3670df929cb410e0204e&id=CETV2&type=yy, From: subscribe, IPv_Type: ipv6, Location: 美国, ISP: CloudFlare Inc., Date: None, Delay: -1 ms, Speed: 0.00 M/s, Resolution: None
Name: CETV-2, URL: https://migu.188766.xyz/?migutoken=24d51c63fcdad67c549d2b48c2e6ca87&id=CETV2&type=yy, From: subscribe, IPv_Type: ipv6, Location: 美国, ISP: CloudFlare Inc., Date: None, Delay: -1 ms, Speed: 0.00 M/s, Resolution: None
Name: CETV-2, URL: https://migu.188766.xyz/?migutoken=586c3e07665e60be051b91cd610c1ba3&id=CETV2&type=yy, From: subscribe, IPv_Type: ipv6, Location: 美国, ISP: CloudFlare Inc., Date: None, Delay: -1 ms, Speed: 0.00 M/s, Resolution: None
Name: CETV-2, URL: https://migu.188766.xyz/?migutoken=cf60333a1c87b28c89b384e3bc71b471&id=CETV2&type=yy, From: subscribe, IPv_Type: ipv6, Location: 美国, ISP: CloudFlare Inc., Date: None, Delay: -1 ms, Speed: 0.00 M/s, Resolution: None
Name: CETV-2, URL: https://migu.188766.xyz/?migutoken=2db392bb1f9d72452e2e5788b1b76c44&id=CETV2&type=yy, From: subscribe, IPv_Type: ipv6, Location: 美国, ISP: CloudFlare Inc., Date: None, Delay: -1 ms, Speed: 0.00 M/s, Resolution: None
Name: CETV-2, URL: https://migu.188766.xyz/?migutoken=cacc343ec52dd2a4846de01bad988b27&id=CETV2&type=yy, From: subscribe, IPv_Type: ipv6, Location: 美国, ISP: CloudFlare Inc., Date: None, Delay: -1 ms, Speed: 0.00 M/s, Resolution: None
Name: CETV-2, URL: https://migu.188766.xyz/?migutoken=d3de88f14b6b17a0aee9ca4962f38780&id=CETV2&type=yy, From: subscribe, IPv_Type: ipv6, Location: 美国, ISP: CloudFlare Inc., Date: None, Delay: -1 ms, Speed: 0.00 M/s, Resolution: None
Name: CETV-2, URL: https://migu.188766.xyz/?migutoken=9f2d5e9a7b4c69749a53c1aa427ba5b2&id=CETV2&type=yy, From: subscribe, IPv_Type: ipv6, Location: 美国, ISP: CloudFlare Inc., Date: None, Delay: -1 ms, Speed: 0.00 M/s, Resolution: None
Name: CETV-2, URL: https://migu.188766.xyz/?migutoken=98d79d785dced88d1c1595bf405b8412&id=CETV2&type=yy, From: subscribe, IPv_Type: ipv6, Location: 美国, ISP: CloudFlare Inc., Date: None, Delay: -1 ms, Speed: 0.00 M/s, Resolution: None
Name: CETV-2, URL: https://migu.188766.xyz/?migutoken=fad61fa0e012b50ab5d198b29e064a4b&id=CETV2&type=yy, From: subscribe, IPv_Type: ipv6, Location: 美国, ISP: CloudFlare Inc., Date: None, Delay: -1 ms, Speed: 0.00 M/s, Resolution: None
Name: CETV-2, URL: https://migu.188766.xyz/?migutoken=970223d9fb127a12d57df92e9ecfbc8a&id=CETV2&type=yy, From: subscribe, IPv_Type: ipv6, Location: 美国, ISP: CloudFlare Inc., Date: None, Delay: -1 ms, Speed: 0.00 M/s, Resolution: None
Name: CETV-2, URL: https://migu.188766.xyz/?migutoken=662d55b2bd9b8efe7754681041733fc1&id=CETV2&type=yy, From: subscribe, IPv_Type: ipv6, Location: 美国, ISP: CloudFlare Inc., Date: None, Delay: -1 ms, Speed: 0.00 M/s, Resolution: None
Name: CETV-2, URL: https://migu.188766.xyz/?migutoken=514072f3d51bd167ac8fdd5148f0662a&id=CETV2&type=yy, From: subscribe, IPv_Type: ipv6, Location: 美国, ISP: CloudFlare Inc., Date: None, Delay: -1 ms, Speed: 0.00 M/s, Resolution: None
Name: CETV-2, URL: https://migu.188766.xyz/?migutoken=b28209c7b9cb3fb36f34b806c8a13896&id=CETV2&type=yy, From: subscribe, IPv_Type: ipv6, Location: 美国, ISP: CloudFlare Inc., Date: None, Delay: -1 ms, Speed: 0.00 M/s, Resolution: None
Name: CETV-2, URL: https://migu.188766.xyz/?migutoken=26a739e163df7481518d49bb1835b67a&id=CETV2&type=yy, From: subscribe, IPv_Type: ipv6, Location: 美国, ISP: CloudFlare Inc., Date: None, Delay: -1 ms, Speed: 0.00 M/s, Resolution: None
Name: CETV-2, URL: https://migu.188766.xyz/?migutoken=4a5c2b012be7453cdbd6e01294e9ceb7&id=CETV2&type=yy, From: subscribe, IPv_Type: ipv6, Location: 美国, ISP: CloudFlare Inc., Date: None, Delay: -1 ms, Speed: 0.00 M/s, Resolution: None
Name: CETV-2, URL: https://migu.188766.xyz/?migutoken=10de32222b3e0eaa5c2761a299af762e&id=CETV2&type=yy, From: subscribe, IPv_Type: ipv6, Location: 美国, ISP: CloudFlare Inc., Date: None, Delay: -1 ms, Speed: 0.00 M/s, Resolution: None
Name: CETV-2, URL: https://migu.188766.xyz/?migutoken=a1758d23feb454b49b204c8b28e7cb18&id=CETV2&type=yy, From: subscribe, IPv_Type: ipv6, Location: 美国, ISP: CloudFlare Inc., Date: None, Delay: -1 ms, Speed: 0.00 M/s, Resolution: None
Name: CETV-2, URL: https://migu.188766.xyz/?migutoken=6757cf21cd95be0e12bb4b428b05f151&id=CETV2&type=yy, From: subscribe, IPv_Type: ipv6, Location: 美国, ISP: CloudFlare Inc., Date: None, Delay: -1 ms, Speed: 0.00 M/s, Resolution: None
Name: CETV-2, URL: https://migu.188766.xyz/?migutoken=040ac71bd6538c2707efaf601844b84c&id=CETV2&type=yy, From: subscribe, IPv_Type: ipv6, Location: 美国, ISP: CloudFlare Inc., Date: None, Delay: -1 ms, Speed: 0.00 M/s, Resolution: None
Name: CETV-2, URL: https://migu.188766.xyz/?migutoken=abfa7e64d410c9bf2260fd7955bd4245&id=CETV2&type=yy, From: subscribe, IPv_Type: ipv6, Location: 美国, ISP: CloudFlare Inc., Date: None, Delay: -1 ms, Speed: 0.00 M/s, Resolution: None
Name: CETV-2, URL: https://migu.188766.xyz/?migutoken=79ca25a809cf7adecebab11d9427adbf&id=CETV2&type=yy, From: subscribe, IPv_Type: ipv6, Location: 美国, ISP: CloudFlare Inc., Date: None, Delay: -1 ms, Speed: 0.00 M/s, Resolution: None
Name: CETV-2, URL: https://migu.188766.xyz/?migutoken=b7ecaa1923db4ca4dadc5266bb234d15&id=CETV2&type=yy, From: subscribe, IPv_Type: ipv6, Location: 美国, ISP: CloudFlare Inc., Date: None, Delay: -1 ms, Speed: 0.00 M/s, Resolution: None
Name: CETV-2, URL: https://migu.188766.xyz/?migutoken=933375f10f59db6fe40d9315edf498e2&id=CETV2&type=yy, From: subscribe, IPv_Type: ipv6, Location: 美国, ISP: CloudFlare Inc., Date: None, Delay: -1 ms, Speed: 0.00 M/s, Resolution: None
Name: CETV-2, URL: https://migu.188766.xyz/?migutoken=ed72f5df1efc7d7c741f8a4d66efc0ce&id=CETV2&type=yy, From: subscribe, IPv_Type: ipv6, Location: 美国, ISP: CloudFlare Inc., Date: None, Delay: -1 ms, Speed: 0.00 M/s, Resolution: None
Name: CETV-3, URL: http://[2409:8087:7004:20:1000::22]:6610/yinhe/2/ch00000090990000001309/index.m3u8, From: subscribe, IPv_Type: ipv6, Location: 中国, ISP: 中国移动, Date: None, Delay: -1 ms, Speed: 0.00 M/s, Resolution: None
Name: CETV-3, URL: http://[2409:8087:8:21::18]:6610/otttv.bj.chinamobile.com/PLTV/88888888/224/3221226577/1.m3u8?GuardEncType=2&accountinfo=%7E%7EV2.0%7EhE2Z89HKgsQOlN9opVn1iw%7E_eNUbgU9sJGUcVVduOMKhafLvQUgE_zlz_7pvDimJNN03yUnk4zBVk1bynPPL3hZ%2CEND, From: subscribe, IPv_Type: ipv6, Location: 中国, ISP: 中国移动, Date: None, Delay: -1 ms, Speed: 0.00 M/s, Resolution: None
Name: CETV-3, URL: http://rrs01.hw.gmcc.net:8088/PLTV/81/224/3221226722/1.m3u8, From: subscribe, IPv_Type: ipv6, Location: 中国, ISP: 中国移动, Date: None, Delay: -1 ms, Speed: 0.00 M/s, Resolution: None
Name: CETV-3, URL: http://iptv.cdn.ha.chinamobile.com/PLTV/88888888/224/3221227352/index.m3u8, From: subscribe, IPv_Type: ipv6, Location: 中国, ISP: 中国移动, Date: None, Delay: -1 ms, Speed: 0.00 M/s, Resolution: None
Name: CETV-3, URL: http://ott.mobaibox.com/PLTV/3/224/3221227018/index.m3u8, From: subscribe, IPv_Type: ipv6, Location: 中国, ISP: 中国移动, Date: None, Delay: -1 ms, Speed: 0.00 M/s, Resolution: None
Name: CETV-3, URL: http://iptv.666230.xyz/iptv/jsyd.php/G_CETV-3, From: subscribe, IPv_Type: ipv6, Location: 美国, ISP: CloudFlare Inc., Date: None, Delay: -1 ms, Speed: 0.00 M/s, Resolution: None
Name: CETV-4, URL: https://migu.188766.xyz/?migutoken=cc1d8908e0a76bbd8e6154aedc220835&id=CETV4&type=yy, From: subscribe, IPv_Type: ipv6, Location: 美国, ISP: CloudFlare Inc., Date: None, Delay: -1 ms, Speed: 0.00 M/s, Resolution: None
Name: CETV-4, URL: http://gslbmgsplive.miguvideo.com/migu/kailu/cetv4/50/20240709/index.m3u8?msisdn=202512090804212182c0c0709445f99c5ebffd30f3b812&mdspid=&spid=699004&netType=0&sid=5910022154&pid=2028597139&timestamp=20251209080421&Channel_ID=0116_2600037000-99000-200300220100002&ProgramID=923287339&ParentNodeID=-99&assertID=5910022154&client_ip=218.28.233.106&SecurityKey=20251209080421&promotionId=&mvid=5900006640&mcid=500020&playurlVersion=WX-A1-8.11.2-RELEASE&userid=&jmhm=&videocodec=h264&appCode=miguvideo_android&bean=mgspad&tid=android&conFee=0&puData=7bac953029f8fc1d69a621b6f4d3a7b6&ddCalcu=67bbv7aaacb39ad543f062b91f286fac916d&sv=10004&ct=android, From: subscribe, IPv_Type: ipv6, Location: 中国, ISP: 中国移动, Date: None, Delay: -1 ms, Speed: 0.00 M/s, Resolution: None
Name: CETV-4, URL: https://migu.188766.xyz/?migutoken=3e51fd1ce5854ac39f6abc9b18841555&id=CETV4&type=yy, From: subscribe, IPv_Type: ipv6, Location: 美国, ISP: CloudFlare Inc., Date: None, Delay: -1 ms, Speed: 0.00 M/s, Resolution: None
Name: CETV-4, URL: http://gslbmgsplive.miguvideo.com/migu/kailu/cetv4/50/20240709/index.m3u8?msisdn=20251210180348cffd583835af423c9ba35a97a30c6c23&mdspid=&spid=699004&netType=0&sid=5910022154&pid=2028597139&timestamp=20251210180348&Channel_ID=0116_2600037000-99000-200300220100002&ProgramID=923287339&ParentNodeID=-99&assertID=5910022154&client_ip=218.28.233.106&SecurityKey=20251210180348&promotionId=&mvid=5900006640&mcid=500020&playurlVersion=WX-A1-8.11.2-RELEASE&userid=&jmhm=&videocodec=h264&appCode=miguvideo_android&bean=mgspad&tid=android&conFee=0&puData=cb0441d940295168608f22e9e0756431&ddCalcu=1c3bv40a64b54a710de994e02229f5810668&sv=10004&ct=android, From: subscribe, IPv_Type: ipv6, Location: 中国, ISP: 中国移动, Date: None, Delay: -1 ms, Speed: 0.00 M/s, Resolution: None
Name: CETV-4, URL: https://zby.130519.xyz/PLTV/11/224/3221226153/index.m3u8, From: subscribe, IPv_Type: ipv6, Location: 美国, ISP: CloudFlare Inc., Date: None, Delay: -1 ms, Speed: 0.00 M/s, Resolution: None
Name: CETV-4, URL: https://zby.130519.xyz/PLTV/11/224/3221226069/index.m3u8, From: subscribe, IPv_Type: ipv6, Location: 美国, ISP: CloudFlare Inc., Date: None, Delay: -1 ms, Speed: 0.00 M/s, Resolution: None
Name: CETV-4, URL: http://gslbmgsplive.miguvideo.com/migu/kailu/cetv4/50/20240709/index.m3u8?msisdn=20251211080425a902255de425400285694c71365b8765&mdspid=&spid=699004&netType=0&sid=5910022154&pid=2028597139&timestamp=20251211080425&Channel_ID=0116_2600037000-99000-200300220100002&ProgramID=923287339&ParentNodeID=-99&assertID=5910022154&client_ip=218.28.233.106&SecurityKey=20251211080425&promotionId=&mvid=5900006640&mcid=500020&playurlVersion=WX-A1-8.11.2-RELEASE&userid=&jmhm=&videocodec=h264&appCode=miguvideo_android&bean=mgspad&tid=android&conFee=0&puData=c6f70930d898e7b4d4cb58ea83d71ae3&ddCalcu=3ce6vafa17b70ad93380ade88958bec74bd4&sv=10004&ct=android, From: subscribe, IPv_Type: ipv6, Location: 中国, ISP: 中国移动, Date: None, Delay: -1 ms, Speed: 0.00 M/s, Resolution: None
Name: CETV-4, URL: https://migu.188766.xyz/?migutoken=d0dd3023a5d3bf2fc6bb28eb63e41216&id=CETV4&type=yy, From: subscribe, IPv_Type: ipv6, Location: 美国, ISP: CloudFlare Inc., Date: None, Delay: -1 ms, Speed: 0.00 M/s, Resolution: None
Name: CETV-4, URL: https://migu.188766.xyz/?migutoken=e940089b42fe99811be32f0e3ba92483&id=CETV4&type=yy, From: subscribe, IPv_Type: ipv6, Location: 美国, ISP: CloudFlare Inc., Date: None, Delay: -1 ms, Speed: 0.00 M/s, Resolution: None
Name: CETV-4, URL: http://[2409:8087:1e01:23::10]:8112/000000001000/5000000006000012123/1.m3u8?channel-id=bestzb&Contentid=5000000006000012123&livemode=1&stbId=m, From: subscribe, IPv_Type: ipv6, Location: 中国, ISP: 中国移动, Date: None, Delay: -1 ms, Speed: 0.00 M/s, Resolution: None
Name: CETV-4, URL: http://[2409:8087:1e01:23::10]:8112/000000001000/5000000011000031126/1.m3u8?channel-id=bestzb&Contentid=5000000011000031126&livemode=1&stbId=m, From: subscribe, IPv_Type: ipv6, Location: 中国, ISP: 中国移动, Date: None, Delay: -1 ms, Speed: 0.00 M/s, Resolution: None
Name: CETV-4, URL: https://migu.188766.xyz/?migutoken=2f92e1e32ba0a7e90476a749db7f5448&id=CETV4&type=yy, From: subscribe, IPv_Type: ipv6, Location: 美国, ISP: CloudFlare Inc., Date: None, Delay: -1 ms, Speed: 0.00 M/s, Resolution: None
Name: CETV-4, URL: https://migu.188766.xyz/?migutoken=db73a387b54647d114f87302b7f129f2&id=CETV4&type=yy, From: subscribe, IPv_Type: ipv6, Location: 美国, ISP: CloudFlare Inc., Date: None, Delay: -1 ms, Speed: 0.00 M/s, Resolution: None
Name: CETV-4, URL: https://migu.188766.xyz/?migutoken=302803158a65f8709c87ba8fb17ff0d0&id=CETV4&type=yy, From: subscribe, IPv_Type: ipv6, Location: 美国, ISP: CloudFlare Inc., Date: None, Delay: -1 ms, Speed: 0.00 M/s, Resolution: None
Name: CETV-4, URL: https://migu.188766.xyz/?migutoken=8a4a9051f0776ce6fdcf5b40a40de5db&id=CETV4&type=yy, From: subscribe, IPv_Type: ipv6, Location: 美国, ISP: CloudFlare Inc., Date: None, Delay: -1 ms, Speed: 0.00 M/s, Resolution: None
Name: CETV-4, URL: https://migu.188766.xyz/?migutoken=077dd6fc91cc1b73e1d19c575ea96c97&id=CETV4&type=yy, From: subscribe, IPv_Type: ipv6, Location: 美国, ISP: CloudFlare Inc., Date: None, Delay: -1 ms, Speed: 0.00 M/s, Resolution: None
Name: CETV-4, URL: https://migu.188766.xyz/?migutoken=9a02f9729235a8816511ba5c2028ffab&id=CETV4&type=yy, From: subscribe, IPv_Type: ipv6, Location: 美国, ISP: CloudFlare Inc., Date: None, Delay: -1 ms, Speed: 0.00 M/s, Resolution: None
Name: CETV-4, URL: https://migu.188766.xyz/?migutoken=bf826efa5428f32a0e8a55c1e8f70d3f&id=CETV4&type=yy, From: subscribe, IPv_Type: ipv6, Location: 美国, ISP: CloudFlare Inc., Date: None, Delay: -1 ms, Speed: 0.00 M/s, Resolution: None
Name: CETV-4, URL: https://migu.188766.xyz/?migutoken=a6e8d741d6193df7a9362543db53b04a&id=CETV4&type=yy, From: subscribe, IPv_Type: ipv6, Location: 美国, ISP: CloudFlare Inc., Date: None, Delay: -1 ms, Speed: 0.00 M/s, Resolution: None
Name: CETV-4, URL: https://migu.188766.xyz/?migutoken=6534ec846777fafcdfa55404fe436219&id=CETV4&type=yy, From: subscribe, IPv_Type: ipv6, Location: 美国, ISP: CloudFlare Inc., Date: None, Delay: -1 ms, Speed: 0.00 M/s, Resolution: None
Name: CETV-4, URL: https://migu.188766.xyz/?migutoken=a3f00aea95880baab15e9f5133889fbf&id=CETV4&type=yy, From: subscribe, IPv_Type: ipv6, Location: 美国, ISP: CloudFlare Inc., Date: None, Delay: -1 ms, Speed: 0.00 M/s, Resolution: None
Name: CETV-4, URL: https://migu.188766.xyz/?migutoken=48b763d8df91a38b8a397b5255ea7759&id=CETV4&type=yy, From: subscribe, IPv_Type: ipv6, Location: 美国, ISP: CloudFlare Inc., Date: None, Delay: -1 ms, Speed: 0.00 M/s, Resolution: None
Name: CETV-4, URL: https://migu.188766.xyz/?migutoken=49f8d03f2926a516dc2870ad312356bf&id=CETV4&type=yy, From: subscribe, IPv_Type: ipv6, Location: 美国, ISP: CloudFlare Inc., Date: None, Delay: -1 ms, Speed: 0.00 M/s, Resolution: None
Name: CETV-4, URL: https://migu.188766.xyz/?migutoken=1f5a75404d40f2b7c23992a8ab8cc331&id=CETV4&type=yy, From: subscribe, IPv_Type: ipv6, Location: 美国, ISP: CloudFlare Inc., Date: None, Delay: -1 ms, Speed: 0.00 M/s, Resolution: None
Name: CETV-4, URL: https://migu.188766.xyz/?migutoken=15d317a52d0200a933e93bf4e7a1ed10&id=CETV4&type=yy, From: subscribe, IPv_Type: ipv6, Location: 美国, ISP: CloudFlare Inc., Date: None, Delay: -1 ms, Speed: 0.00 M/s, Resolution: None
Name: CETV-4, URL: https://migu.188766.xyz/?migutoken=17de21f76bdb2f1755bd3e2870a23653&id=CETV4&type=yy, From: subscribe, IPv_Type: ipv6, Location: 美国, ISP: CloudFlare Inc., Date: None, Delay: -1 ms, Speed: 0.00 M/s, Resolution: None
Name: CETV-4, URL: https://migu.188766.xyz/?migutoken=b13d53d8aaf3b0080b8a0fd357235584&id=CETV4&type=yy, From: subscribe, IPv_Type: ipv6, Location: 美国, ISP: CloudFlare Inc., Date: None, Delay: -1 ms, Speed: 0.00 M/s, Resolution: None
Name: CETV-4, URL: https://migu.188766.xyz/?migutoken=8d4526a960b7bdd7a85faa29d1cc9e03&id=CETV4&type=yy, From: subscribe, IPv_Type: ipv6, Location: 美国, ISP: CloudFlare Inc., Date: None, Delay: -1 ms, Speed: 0.00 M/s, Resolution: None
Name: CETV-4, URL: https://migu.188766.xyz/?migutoken=85b4e79728e9d72f5ca240d2dffabeff&id=CETV4&type=yy, From: subscribe, IPv_Type: ipv6, Location: 美国, ISP: CloudFlare Inc., Date: None, Delay: -1 ms, Speed: 0.00 M/s, Resolution: None
Name: CETV-4, URL: https://migu.188766.xyz/?migutoken=a81629d5fea47bde910c8f98cb6c9b5d&id=CETV4&type=yy, From: subscribe, IPv_Type: ipv6, Location: 美国, ISP: CloudFlare Inc., Date: None, Delay: -1 ms, Speed: 0.00 M/s, Resolution: None
Name: CETV-4, URL: https://migu.188766.xyz/?migutoken=b3f5cf0b3981bb6403e7a23e951c78f0&id=CETV4&type=yy, From: subscribe, IPv_Type: ipv6, Location: 美国, ISP: CloudFlare Inc., Date: None, Delay: -1 ms, Speed: 0.00 M/s, Resolution: None
Name: CETV-4, URL: https://migu.188766.xyz/?migutoken=5c8ba41dfa4ffee0c48e0bfe6926afd4&id=CETV4&type=yy, From: subscribe, IPv_Type: ipv6, Location: 美国, ISP: CloudFlare Inc., Date: None, Delay: -1 ms, Speed: 0.00 M/s, Resolution: None
Name: CETV-4, URL: https://migu.188766.xyz/?migutoken=dc45439be55f170e7b1e37adca8e2b7f&id=CETV4&type=yy, From: subscribe, IPv_Type: ipv6, Location: 美国, ISP: CloudFlare Inc., Date: None, Delay: -1 ms, Speed: 0.00 M/s, Resolution: None
Name: CETV-4, URL: https://migu.188766.xyz/?migutoken=2549ccd34502f74bb6cdf1e9bdcd09a8&id=CETV4&type=yy, From: subscribe, IPv_Type: ipv6, Location: 美国, ISP: CloudFlare Inc., Date: None, Delay: -1 ms, Speed: 0.00 M/s, Resolution: None
Name: CETV-4, URL: https://migu.188766.xyz/?migutoken=e9616f7a4491b108e96f5e4c21114a35&id=CETV4&type=yy, From: subscribe, IPv_Type: ipv6, Location: 美国, ISP: CloudFlare Inc., Date: None, Delay: -1 ms, Speed: 0.00 M/s, Resolution: None
Name: CETV-4, URL: https://migu.188766.xyz/?migutoken=adc1ffb7acc32522cea827a09cd7314d&id=CETV4&type=yy, From: subscribe, IPv_Type: ipv6, Location: 美国, ISP: CloudFlare Inc., Date: None, Delay: -1 ms, Speed: 0.00 M/s, Resolution: None
Name: CETV-4, URL: http://171.83.103.119:9999/rtp/239.69.2.29:11328, From: subscribe, IPv_Type: ipv4, Location: 中国-湖北-武汉, ISP: 电信, Date: None, Delay: 1522 ms, Speed: 0.02 M/s, Resolution: 1920x1080
Name: 文化精品, URL: http://38.75.136.137:98/gslb/dsdqpub/ysjp.m3u8?auth=testpub, From: subscribe, IPv_Type: ipv4, Location: 美国-伊利诺伊州-库克, ISP: Cogent, Date: None, Delay: 397 ms, Speed: 2.78 M/s, Resolution: 1920x1080
Name: 央视台球, URL: http://38.75.136.137:98/gslb/dsdqpub/ystq.m3u8?auth=testpub, From: subscribe, IPv_Type: ipv4, Location: 美国-伊利诺伊州-库克, ISP: Cogent, Date: None, Delay: 497 ms, Speed: 4.38 M/s, Resolution: 1920x1080
Name: 风云音乐, URL: http://38.75.136.137:98/gslb/dsdqpub/fyyy.m3u8?auth=testpub, From: subscribe, IPv_Type: ipv4, Location: 美国-伊利诺伊州-库克, ISP: Cogent, Date: None, Delay: 1318 ms, Speed: 1.75 M/s, Resolution: 1920x1080
Name: 风云音乐, URL: http://171.83.103.119:9999/rtp/239.69.1.90:10180, From: subscribe, IPv_Type: ipv4, Location: 中国-湖北-武汉, ISP: 电信, Date: None, Delay: 408 ms, Speed: 0.06 M/s, Resolution: None
Name: 第一剧场, URL: https://t.freetv.fun/live/cctvdi-yi-ju-chang.m3u8, From: subscribe, IPv_Type: ipv6, Location: 美国, ISP: CloudFlare Inc., Date: None, Delay: -1 ms, Speed: 0.00 M/s, Resolution: None
Name: 第一剧场, URL: http://38.75.136.137:98/gslb/dsdqpub/dyjc.m3u8?auth=testpub, From: subscribe, IPv_Type: ipv4, Location: 美国-伊利诺伊州-库克, ISP: Cogent, Date: None, Delay: 648 ms, Speed: 6.48 M/s, Resolution: 1920x1080
Name: 风云剧场, URL: http://38.75.136.137:98/gslb/dsdqpub/fyjc.m3u8?auth=testpub, From: subscribe, IPv_Type: ipv4, Location: 美国-伊利诺伊州-库克, ISP: Cogent, Date: None, Delay: 4227 ms, Speed: 1.70 M/s, Resolution: 1920x1080
Name: 怀旧剧场, URL: http://38.75.136.137:98/gslb/dsdqpub/hjjc.m3u8?auth=testpub, From: subscribe, IPv_Type: ipv4, Location: 美国-伊利诺伊州-库克, ISP: Cogent, Date: None, Delay: 4083 ms, Speed: 1.16 M/s, Resolution: 1920x1080
Name: 女性时尚, URL: http://38.75.136.137:98/gslb/dsdqpub/nxss.m3u8?auth=testpub, From: subscribe, IPv_Type: ipv4, Location: 美国-伊利诺伊州-库克, ISP: Cogent, Date: None, Delay: 479 ms, Speed: 3.70 M/s, Resolution: 1920x1080
Name: 高尔夫网球, URL: http://38.75.136.137:98/gslb/dsdqpub/gefwq.m3u8?auth=testpub, From: subscribe, IPv_Type: ipv4, Location: 美国-伊利诺伊州-库克, ISP: Cogent, Date: None, Delay: 530 ms, Speed: 8.62 M/s, Resolution: 1920x1080
Name: 高尔夫网球, URL: http://171.83.103.119:9999/rtp/239.69.1.83:10138, From: subscribe, IPv_Type: ipv4, Location: 中国-湖北-武汉, ISP: 电信, Date: None, Delay: 435 ms, Speed: 0.02 M/s, Resolution: 1920x1080
Name: 风云足球, URL: https://live.goodiptv.club/api/yqgd.php?id=fyzq, From: subscribe, IPv_Type: ipv6, Location: 美国, ISP: CloudFlare Inc., Date: None, Delay: 457 ms, Speed: 0.23 M/s, Resolution: 1920x1080
Name: 风云足球, URL: http://38.75.136.137:98/gslb/dsdqpub/fyzq.m3u8?auth=testpub, From: subscribe, IPv_Type: ipv4, Location: 美国-伊利诺伊州-库克, ISP: Cogent, Date: None, Delay: 2258 ms, Speed: 1.70 M/s, Resolution: 1920x1080
Name: 电视指南, URL: http://38.75.136.137:98/gslb/dsdqpub/dszn.m3u8?auth=testpub, From: subscribe, IPv_Type: ipv4, Location: 美国-伊利诺伊州-库克, ISP: Cogent, Date: None, Delay: 378 ms, Speed: 2.26 M/s, Resolution: 1920x1080
Name: 世界地理, URL: http://38.75.136.137:98/gslb/dsdqpub/sjdl.m3u8?auth=testpub, From: subscribe, IPv_Type: ipv4, Location: 美国-伊利诺伊州-库克, ISP: Cogent, Date: None, Delay: 2839 ms, Speed: 2.92 M/s, Resolution: 1920x1080
Name: 兵器科技, URL: http://38.75.136.137:98/gslb/dsdqpub/gfjs.m3u8?auth=testpub, From: subscribe, IPv_Type: ipv4, Location: 美国-伊利诺伊州-库克, ISP: Cogent, Date: None, Delay: 7767 ms, Speed: 0.72 M/s, Resolution: 1920x1080
Name: 兵器科技, URL: http://171.83.103.119:9999/rtp/239.69.1.79:10114, From: subscribe, IPv_Type: ipv4, Location: 中国-湖北-武汉, ISP: 电信, Date: None, Delay: 440 ms, Speed: 0.04 M/s, Resolution: None
Name: 广东卫视, URL: https://migu.188766.xyz/?migutoken=db4cdc3062fcbf86e283d4874206f3b2&id=%E5%B9%BF%E4%B8%9C%E5%8D%AB%E8%A7%86&type=yy, From: subscribe, IPv_Type: ipv6, Location: 美国, ISP: CloudFlare Inc., Date: None, Delay: -1 ms, Speed: 0.00 M/s, Resolution: None
Name: 广东卫视, URL: https://migu.188766.xyz/?migutoken=6e53a8f6c1cc629ef5d3389f58c8fb51&id=%E5%B9%BF%E4%B8%9C%E5%8D%AB%E8%A7%86&type=yy, From: subscribe, IPv_Type: ipv6, Location: 美国, ISP: CloudFlare Inc., Date: None, Delay: -1 ms, Speed: 0.00 M/s, Resolution: None
Name: 广东卫视, URL: https://migu.188766.xyz/?migutoken=f7dcf8923b99bdd2227c6595bfed0160&id=%E5%B9%BF%E4%B8%9C%E5%8D%AB%E8%A7%86&type=yy, From: subscribe, IPv_Type: ipv6, Location: 美国, ISP: CloudFlare Inc., Date: None, Delay: -1 ms, Speed: 0.00 M/s, Resolution: None
Name: 广东卫视, URL: https://migu.188766.xyz/?migutoken=7873d1af6be09f28575992a4ecf6865d&id=%E5%B9%BF%E4%B8%9C%E5%8D%AB%E8%A7%86&type=yy, From: subscribe, IPv_Type: ipv6, Location: 美国, ISP: CloudFlare Inc., Date: None, Delay: -1 ms, Speed: 0.00 M/s, Resolution: None
Name: 广东卫视, URL: https://migu.188766.xyz/?migutoken=4c01a34de4efa339c9a69ce3ec1fc3c4&id=%E5%B9%BF%E4%B8%9C%E5%8D%AB%E8%A7%86&type=yy, From: subscribe, IPv_Type: ipv6, Location: 美国, ISP: CloudFlare Inc., Date: None, Delay: -1 ms, Speed: 0.00 M/s, Resolution: None
Name: 广东卫视, URL: https://migu.188766.xyz/?migutoken=a5d6083bc0e9927818ae376ec8cef82a&id=%E5%B9%BF%E4%B8%9C%E5%8D%AB%E8%A7%86&type=yy, From: subscribe, IPv_Type: ipv6, Location: 美国, ISP: CloudFlare Inc., Date: None, Delay: -1 ms, Speed: 0.00 M/s, Resolution: None
Name: 广东卫视, URL: https://migu.188766.xyz/?migutoken=bab8e7753b4c1c39ce920b4513e32e43&id=%E5%B9%BF%E4%B8%9C%E5%8D%AB%E8%A7%86&type=yy, From: subscribe, IPv_Type: ipv6, Location: 美国, ISP: CloudFlare Inc., Date: None, Delay: -1 ms, Speed: 0.00 M/s, Resolution: None
Name: 广东卫视, URL: https://migu.188766.xyz/?migutoken=909bfa93d12827d52946a0007e36075a&id=%E5%B9%BF%E4%B8%9C%E5%8D%AB%E8%A7%86&type=yy, From: subscribe, IPv_Type: ipv6, Location: 美国, ISP: CloudFlare Inc., Date: None, Delay: -1 ms, Speed: 0.00 M/s, Resolution: None
Name: 广东卫视, URL: https://migu.188766.xyz/?migutoken=c4f35548fad83bb4208037235839dc82&id=%E5%B9%BF%E4%B8%9C%E5%8D%AB%E8%A7%86&type=yy, From: subscribe, IPv_Type: ipv6, Location: 美国, ISP: CloudFlare Inc., Date: None, Delay: -1 ms, Speed: 0.00 M/s, Resolution: None
Name: 广东卫视, URL: https://migu.188766.xyz/?migutoken=e8e87a4f8558609e990109fee5ca77b0&id=%E5%B9%BF%E4%B8%9C%E5%8D%AB%E8%A7%86&type=yy, From: subscribe, IPv_Type: ipv6, Location: 美国, ISP: CloudFlare Inc., Date: None, Delay: -1 ms, Speed: 0.00 M/s, Resolution: None
Name: 广东卫视, URL: https://migu.188766.xyz/?migutoken=d7085527f91032ec56500a3ca792095b&id=%E5%B9%BF%E4%B8%9C%E5%8D%AB%E8%A7%86&type=yy, From: subscribe, IPv_Type: ipv6, Location: 美国, ISP: CloudFlare Inc., Date: None, Delay: -1 ms, Speed: 0.00 M/s, Resolution: None
Name: 广东卫视, URL: https://iptv.catvod.com/live.php?id=%E5%B9%BF%E4%B8%9C%E5%8D%AB%E8%A7%86%E5%8F%B0, From: subscribe, IPv_Type: ipv6, Location: 美国, ISP: CloudFlare Inc., Date: None, Delay: -1 ms, Speed: 0.00 M/s, Resolution: None
Name: 广东卫视, URL: https://migu.188766.xyz/?migutoken=d9f630c674dc42cc69ef6dd72a3f4b90&id=%E5%B9%BF%E4%B8%9C%E5%8D%AB%E8%A7%86&type=yy, From: subscribe, IPv_Type: ipv6, Location: 美国, ISP: CloudFlare Inc., Date: None, Delay: -1 ms, Speed: 0.00 M/s, Resolution: None
Name: 广东卫视, URL: https://migu.188766.xyz/?migutoken=3c5534fe04e46dc0ca96c5bb47224f3e&id=%E5%B9%BF%E4%B8%9C%E5%8D%AB%E8%A7%86&type=yy, From: subscribe, IPv_Type: ipv6, Location: 美国, ISP: CloudFlare Inc., Date: None, Delay: -1 ms, Speed: 0.00 M/s, Resolution: None
Name: 广东卫视, URL: https://migu.188766.xyz/?migutoken=c92bff49b9305692513949be4c8ed317&id=%E5%B9%BF%E4%B8%9C%E5%8D%AB%E8%A7%86&type=yy, From: subscribe, IPv_Type: ipv6, Location: 美国, ISP: CloudFlare Inc., Date: None, Delay: -1 ms, Speed: 0.00 M/s, Resolution: None
Name: 广东卫视, URL: https://migu.188766.xyz/?migutoken=1b6b5b3892394b58b777f24a07531848&id=%E5%B9%BF%E4%B8%9C%E5%8D%AB%E8%A7%86&type=yy, From: subscribe, IPv_Type: ipv6, Location: 美国, ISP: CloudFlare Inc., Date: None, Delay: -1 ms, Speed: 0.00 M/s, Resolution: None
Name: 广东卫视, URL: https://migu.188766.xyz/?migutoken=7617591fc97a43bd09459ce3a0fbfffd&id=%E5%B9%BF%E4%B8%9C%E5%8D%AB%E8%A7%86&type=yy, From: subscribe, IPv_Type: ipv6, Location: 美国, ISP: CloudFlare Inc., Date: None, Delay: -1 ms, Speed: 0.00 M/s, Resolution: None
Name: 广东卫视, URL: https://migu.188766.xyz/?migutoken=5b2227e9e959fb2f15ee22adb0ee46bb&id=%E5%B9%BF%E4%B8%9C%E5%8D%AB%E8%A7%86&type=yy, From: subscribe, IPv_Type: ipv6, Location: 美国, ISP: CloudFlare Inc., Date: None, Delay: -1 ms, Speed: 0.00 M/s, Resolution: None
Name: 广东卫视, URL: http://tvgslb.hn.chinamobile.com:8089/180000001002/00000001000000000010000000040391/main.m3u8?stbid=, From: subscribe, IPv_Type: ipv6, Location: 中国, ISP: 中国移动, Date: None, Delay: -1 ms, Speed: 0.00 M/s, Resolution: None
Name: 广东卫视, URL: http://hwltc.tv.cdn.zj.chinamobile.com/PLTV/88888888/224/3221236262/index.m3u8, From: subscribe, IPv_Type: ipv6, Location: 中国, ISP: 中国移动, Date: None, Delay: -1 ms, Speed: 0.00 M/s, Resolution: None
Name: 广东卫视, URL: http://hwottcdn.ln.chinamobile.com/PLTV/11/224/3221226878/index.m3u8, From: subscribe, IPv_Type: ipv6, Location: 中国, ISP: 中国移动, Date: None, Delay: -1 ms, Speed: 0.00 M/s, Resolution: None
Name: 广东卫视, URL: http://hwottcdn.ln.chinamobile.com/PLTV/11/224/3221226686/index.m3u8, From: subscribe, IPv_Type: ipv6, Location: 中国, ISP: 中国移动, Date: None, Delay: -1 ms, Speed: 0.00 M/s, Resolution: None
Name: 广东卫视, URL: http://hwottcdn.ln.chinamobile.com/PLTV/11/224/3221226167/index.m3u8, From: subscribe, IPv_Type: ipv6, Location: 中国, ISP: 中国移动, Date: None, Delay: -1 ms, Speed: 0.00 M/s, Resolution: None
Name: 广东卫视, URL: http://hwottcdn.ln.chinamobile.com/PLTV/11/224/3221226165/index.m3u8, From: subscribe, IPv_Type: ipv6, Location: 中国, ISP: 中国移动, Date: None, Delay: -1 ms, Speed: 0.00 M/s, Resolution: None
Name: 广东卫视, URL: http://k.061899.xyz/k.php?id=gdws, From: subscribe, IPv_Type: ipv6, Location: 新加坡, ISP: Aceville Pte.Ltd., Date: None, Delay: -1 ms, Speed: 0.00 M/s, Resolution: None
Name: 广东卫视, URL: http://hwottcdn.ln.chinamobile.com/PLTV/11/224/3221227318/index.m3u8, From: subscribe, IPv_Type: ipv6, Location: 中国, ISP: 中国移动, Date: None, Delay: -1 ms, Speed: 0.00 M/s, Resolution: None
Name: 广东卫视, URL: http://iptvrr.sh.chinamobile.com:6060/cms001/ch00000090990000001032/index.m3u8, From: subscribe, IPv_Type: ipv6, Location: 中国, ISP: 中国移动, Date: None, Delay: -1 ms, Speed: 0.00 M/s, Resolution: None
Name: 广东卫视, URL: http://tvgslb.hn.chinamobile.com:8089/180000001002/00000000000000020000000000182284/main.m3u8?stbid=, From: subscribe, IPv_Type: ipv6, Location: 中国, ISP: 中国移动, Date: None, Delay: -1 ms, Speed: 0.00 M/s, Resolution: None
Name: 广东卫视, URL: http://ott.mobaibox.com/PLTV/1/224/3221227476/index.m3u8, From: subscribe, IPv_Type: ipv6, Location: 中国, ISP: 中国移动, Date: None, Delay: -1 ms, Speed: 0.00 M/s, Resolution: None
Name: 广东卫视, URL: http://hwottcdn.ln.chinamobile.com/PLTV/11/224/3221226743/index.m3u8, From: subscribe, IPv_Type: ipv6, Location: 中国, ISP: 中国移动, Date: None, Delay: -1 ms, Speed: 0.00 M/s, Resolution: None
Name: 广东卫视, URL: https://migu.188766.xyz/?migutoken=b17a0ac9628b29fadb745c2a1ef91af2&id=%E5%B9%BF%E4%B8%9C%E5%8D%AB%E8%A7%86&type=yy, From: subscribe, IPv_Type: ipv6, Location: 美国, ISP: CloudFlare Inc., Date: None, Delay: -1 ms, Speed: 0.00 M/s, Resolution: None
Name: 广东卫视, URL: https://migu.188766.xyz/?migutoken=641b1b6211eaf2677a0fe93a5f2aa18c&id=%E5%B9%BF%E4%B8%9C%E5%8D%AB%E8%A7%86&type=yy, From: subscribe, IPv_Type: ipv6, Location: 美国, ISP: CloudFlare Inc., Date: None, Delay: -1 ms, Speed: 0.00 M/s, Resolution: None
Name: 广东卫视, URL: https://migu.188766.xyz/?migutoken=721862d0d911f1d567653131947acfb3&id=%E5%B9%BF%E4%B8%9C%E5%8D%AB%E8%A7%86&type=yy, From: subscribe, IPv_Type: ipv6, Location: 美国, ISP: CloudFlare Inc., Date: None, Delay: -1 ms, Speed: 0.00 M/s, Resolution: None
Name: 广东卫视, URL: https://migu.188766.xyz/?migutoken=f8d864ad49c290525c0b176bf696bc35&id=%E5%B9%BF%E4%B8%9C%E5%8D%AB%E8%A7%86&type=yy, From: subscribe, IPv_Type: ipv6, Location: 美国, ISP: CloudFlare Inc., Date: None, Delay: -1 ms, Speed: 0.00 M/s, Resolution: None
Name: 广东卫视, URL: https://migu.188766.xyz/?migutoken=869502ab36e68ce8a531da1020f873a1&id=%E5%B9%BF%E4%B8%9C%E5%8D%AB%E8%A7%86&type=yy, From: subscribe, IPv_Type: ipv6, Location: 美国, ISP: CloudFlare Inc., Date: None, Delay: -1 ms, Speed: 0.00 M/s, Resolution: None
Name: 广东卫视, URL: https://migu.188766.xyz/?migutoken=1b5e19217db83f10b3a8cea9d1d136fe&id=%E5%B9%BF%E4%B8%9C%E5%8D%AB%E8%A7%86&type=yy, From: subscribe, IPv_Type: ipv6, Location: 美国, ISP: CloudFlare Inc., Date: None, Delay: -1 ms, Speed: 0.00 M/s, Resolution: None
Name: 广东卫视, URL: https://migu.188766.xyz/?migutoken=cc879805fdfb63553cd05cd39cc54d1f&id=%E5%B9%BF%E4%B8%9C%E5%8D%AB%E8%A7%86&type=yy, From: subscribe, IPv_Type: ipv6, Location: 美国, ISP: CloudFlare Inc., Date: None, Delay: -1 ms, Speed: 0.00 M/s, Resolution: None
Name: 广东卫视, URL: https://migu.188766.xyz/?migutoken=569db2955822d7fe0cc613c1e2e54f95&id=%E5%B9%BF%E4%B8%9C%E5%8D%AB%E8%A7%86&type=yy, From: subscribe, IPv_Type: ipv6, Location: 美国, ISP: CloudFlare Inc., Date: None, Delay: -1 ms, Speed: 0.00 M/s, Resolution: None
Name: 广东卫视, URL: https://migu.188766.xyz/?migutoken=0ad86bbc9e2f5f31217167bd85590c7e&id=%E5%B9%BF%E4%B8%9C%E5%8D%AB%E8%A7%86&type=yy, From: subscribe, IPv_Type: ipv6, Location: 美国, ISP: CloudFlare Inc., Date: None, Delay: -1 ms, Speed: 0.00 M/s, Resolution: None
Name: 广东卫视, URL: https://migu.188766.xyz/?migutoken=f117f91227ae89ffdacc70c86b07e239&id=%E5%B9%BF%E4%B8%9C%E5%8D%AB%E8%A7%86&type=yy, From: subscribe, IPv_Type: ipv6, Location: 美国, ISP: CloudFlare Inc., Date: None, Delay: -1 ms, Speed: 0.00 M/s, Resolution: None
Name: 广东卫视, URL: https://migu.188766.xyz/?migutoken=b6145412ce73ab54b37083d813b2514d&id=%E5%B9%BF%E4%B8%9C%E5%8D%AB%E8%A7%86&type=yy, From: subscribe, IPv_Type: ipv6, Location: 美国, ISP: CloudFlare Inc., Date: None, Delay: -1 ms, Speed: 0.00 M/s, Resolution: None
Name: 广东卫视, URL: https://t.freetv.fun/live/yan-dong-wei-shi-19.m3u8, From: subscribe, IPv_Type: ipv6, Location: 美国, ISP: CloudFlare Inc., Date: None, Delay: -1 ms, Speed: 0.00 M/s, Resolution: None
Name: 广东卫视, URL: https://t.freetv.fun/live/yan-dong-wei-shi-23.m3u8, From: subscribe, IPv_Type: ipv6, Location: 美国, ISP: CloudFlare Inc., Date: None, Delay: -1 ms, Speed: 0.00 M/s, Resolution: None
Name: 广东卫视, URL: http://23.237.228.134/live6/guangdong.m3u8, From: subscribe, IPv_Type: ipv4, Location: 北美地区, ISP: , Date: None, Delay: 103 ms, Speed: 24.11 M/s, Resolution: 1920x1080
Name: 广东卫视, URL: https://iptv.catvod.com/live.php?id=%E5%B9%BF%E4%B8%9C%E5%8D%AB%E8%A7%86, From: subscribe, IPv_Type: ipv4, Location: 美国-加利福尼亚州-洛杉矶, ISP: IT7网络, Date: None, Delay: 53 ms, Speed: 19.92 M/s, Resolution: 1920x1080
Name: 广东卫视, URL: http://38.75.136.137:98/gslb/dsdqpub/gdwshd.m3u8?auth=testpub, From: subscribe, IPv_Type: ipv4, Location: 美国-伊利诺伊州-库克, ISP: Cogent, Date: None, Delay: 693 ms, Speed: 5.69 M/s, Resolution: 1920x1080
Name: 浙江卫视, URL: https://ali-m-l.cztv.com/channels/lantian/channel001/1080p.m3u8, From: subscribe, IPv_Type: ipv6, Location: 中国-广西-防城港, ISP: 电信, Date: None, Delay: 2471 ms, Speed: 0.68 M/s, Resolution: 1920x1080
Name: 浙江卫视, URL: http://l.cztvcloud.com/channels/lantian/SXpinghu3/720p.m3u8, From: subscribe, IPv_Type: ipv6, Location: 中国-江苏-常州, ISP: 电信, Date: None, Delay: 2192 ms, Speed: 0.41 M/s, Resolution: 1920x1080
Name: 浙江卫视, URL: http://ali-vl.cztv.com/channels/lantian/channel001/360p.m3u8, From: subscribe, IPv_Type: ipv6, Location: 中国, ISP: 中国电信, Date: None, Delay: 1847 ms, Speed: 0.31 M/s, Resolution: 1920x1080
Name: 浙江卫视, URL: http://ali-m-l.cztv.com/channels/lantian/channel01/1080p.m3u8, From: subscribe, IPv_Type: ipv6, Location: 中国-广西-防城港, ISP: 电信, Date: None, Delay: 1654 ms, Speed: 0.46 M/s, Resolution: 1920x1080
Name: 浙江卫视, URL: https://migu.188766.xyz/?migutoken=6619b82abf737000fd0af6277d501927&id=%E6%B5%99%E6%B1%9F%E5%8D%AB%E8%A7%86&pp=1, From: subscribe, IPv_Type: ipv6, Location: 美国, ISP: CloudFlare Inc., Date: None, Delay: -1 ms, Speed: 0.00 M/s, Resolution: None
Name: 浙江卫视, URL: https://migu.188766.xyz/?migutoken=d9bc04f3cbaaec1f4c9338a1e00391ab&id=z_jws&type=sz, From: subscribe, IPv_Type: ipv6, Location: 美国, ISP: CloudFlare Inc., Date: None, Delay: -1 ms, Speed: 0.00 M/s, Resolution: None
Name: 浙江卫视, URL: https://migu.188766.xyz/?migutoken=953366e6b41e203d2611290373466a30&id=%E6%B5%99%E6%B1%9F%E5%8D%AB%E8%A7%86&pp=1, From: subscribe, IPv_Type: ipv6, Location: 美国, ISP: CloudFlare Inc., Date: None, Delay: -1 ms, Speed: 0.00 M/s, Resolution: None
Name: 浙江卫视, URL: https://migu.188766.xyz/?migutoken=71363b7fe73e57791bae2bac46adfbbf&id=z_jws&type=sz, From: subscribe, IPv_Type: ipv6, Location: 美国, ISP: CloudFlare Inc., Date: None, Delay: -1 ms, Speed: 0.00 M/s, Resolution: None
Name: 浙江卫视, URL: https://migu.188766.xyz/?migutoken=5be6f074eaa988d0a9327d5ce0c006d3&id=%E6%B5%99%E6%B1%9F%E5%8D%AB%E8%A7%86&pp=1, From: subscribe, IPv_Type: ipv6, Location: 美国, ISP: CloudFlare Inc., Date: None, Delay: -1 ms, Speed: 0.00 M/s, Resolution: None
Name: 浙江卫视, URL: https://migu.188766.xyz/?migutoken=bb507174f6749729bca0982606d928d5&id=z_jws&type=sz, From: subscribe, IPv_Type: ipv6, Location: 美国, ISP: CloudFlare Inc., Date: None, Delay: -1 ms, Speed: 0.00 M/s, Resolution: None
Name: 浙江卫视, URL: https://migu.188766.xyz/?migutoken=92ecf0e9bc533e83a8084b81b12fd523&id=%E6%B5%99%E6%B1%9F%E5%8D%AB%E8%A7%86&pp=1, From: subscribe, IPv_Type: ipv6, Location: 美国, ISP: CloudFlare Inc., Date: None, Delay: -1 ms, Speed: 0.00 M/s, Resolution: None
Name: 浙江卫视, URL: https://migu.188766.xyz/?migutoken=14bfcc0e04cec732b01613210735a66d&id=z_jws&type=sz, From: subscribe, IPv_Type: ipv6, Location: 美国, ISP: CloudFlare Inc., Date: None, Delay: -1 ms, Speed: 0.00 M/s, Resolution: None
Name: 浙江卫视, URL: https://migu.188766.xyz/?migutoken=1ef0d63d18fb4cdc61e05a13854891c3&id=%E6%B5%99%E6%B1%9F%E5%8D%AB%E8%A7%86&pp=1, From: subscribe, IPv_Type: ipv6, Location: 美国, ISP: CloudFlare Inc., Date: None, Delay: -1 ms, Speed: 0.00 M/s, Resolution: None
Name: 浙江卫视, URL: https://migu.188766.xyz/?migutoken=1b7e007f33912dc187f93ce42458ed02&id=z_jws&type=sz, From: subscribe, IPv_Type: ipv6, Location: 美国, ISP: CloudFlare Inc., Date: None, Delay: -1 ms, Speed: 0.00 M/s, Resolution: None
Name: 浙江卫视, URL: https://migu.188766.xyz/?migutoken=406a5e1d79c5aa5c0da7548f793dd4c4&id=%E6%B5%99%E6%B1%9F%E5%8D%AB%E8%A7%86&pp=1, From: subscribe, IPv_Type: ipv6, Location: 美国, ISP: CloudFlare Inc., Date: None, Delay: -1 ms, Speed: 0.00 M/s, Resolution: None
Name: 浙江卫视, URL: https://migu.188766.xyz/?migutoken=156641e71da3ffb2a7a6b43bcd10d8a1&id=z_jws&type=sz, From: subscribe, IPv_Type: ipv6, Location: 美国, ISP: CloudFlare Inc., Date: None, Delay: -1 ms, Speed: 0.00 M/s, Resolution: None
Name: 浙江卫视, URL: https://migu.188766.xyz/?migutoken=2db109b1c3aa591f66b5f42ffb7bc3f4&id=%E6%B5%99%E6%B1%9F%E5%8D%AB%E8%A7%86&pp=1, From: subscribe, IPv_Type: ipv6, Location: 美国, ISP: CloudFlare Inc., Date: None, Delay: -1 ms, Speed: 0.00 M/s, Resolution: None
Name: 浙江卫视, URL: https://migu.188766.xyz/?migutoken=0456f78b7101071480155c321929a99f&id=z_jws&type=sz, From: subscribe, IPv_Type: ipv6, Location: 美国, ISP: CloudFlare Inc., Date: None, Delay: -1 ms, Speed: 0.00 M/s, Resolution: None
Name: 浙江卫视, URL: https://migu.188766.xyz/?migutoken=9b47031fbcbf709ffc607a69c0a399b8&id=%E6%B5%99%E6%B1%9F%E5%8D%AB%E8%A7%86&pp=1, From: subscribe, IPv_Type: ipv6, Location: 美国, ISP: CloudFlare Inc., Date: None, Delay: -1 ms, Speed: 0.00 M/s, Resolution: None
Name: 浙江卫视, URL: https://migu.188766.xyz/?migutoken=d7fc860d1b9b65bb5543cb9138caa92e&id=z_jws&type=sz, From: subscribe, IPv_Type: ipv6, Location: 美国, ISP: CloudFlare Inc., Date: None, Delay: -1 ms, Speed: 0.00 M/s, Resolution: None
Name: 浙江卫视, URL: https://iptv.catvod.com/live.php?id=%E6%B5%99%E6%B1%9F%E5%8D%AB%E8%A7%86%E5%8F%B0, From: subscribe, IPv_Type: ipv6, Location: 美国, ISP: CloudFlare Inc., Date: None, Delay: -1 ms, Speed: 0.00 M/s, Resolution: None
Name: 浙江卫视, URL: https://migu.188766.xyz/?migutoken=54a0ec09d7a06e64a7eb3b48603bb7f9&id=%E6%B5%99%E6%B1%9F%E5%8D%AB%E8%A7%86&pp=1, From: subscribe, IPv_Type: ipv6, Location: 美国, ISP: CloudFlare Inc., Date: None, Delay: -1 ms, Speed: 0.00 M/s, Resolution: None
Name: 浙江卫视, URL: https://migu.188766.xyz/?migutoken=697d5e064f43a2c5348ad8a59e1fc2e5&id=z_jws&type=sz, From: subscribe, IPv_Type: ipv6, Location: 美国, ISP: CloudFlare Inc., Date: None, Delay: -1 ms, Speed: 0.00 M/s, Resolution: None
Name: 浙江卫视, URL: https://migu.188766.xyz/?migutoken=bbe3f7ed9f7ad1f23df7d0c4b28ebd88&id=%E6%B5%99%E6%B1%9F%E5%8D%AB%E8%A7%86&pp=1, From: subscribe, IPv_Type: ipv6, Location: 美国, ISP: CloudFlare Inc., Date: None, Delay: -1 ms, Speed: 0.00 M/s, Resolution: None
Name: 浙江卫视, URL: https://migu.188766.xyz/?migutoken=3fd4b525c838e723bd75af53630d6e96&id=z_jws&type=sz, From: subscribe, IPv_Type: ipv6, Location: 美国, ISP: CloudFlare Inc., Date: None, Delay: -1 ms, Speed: 0.00 M/s, Resolution: None
Name: 浙江卫视, URL: https://migu.188766.xyz/?migutoken=2c1760ad695252f418f201f99509360b&id=%E6%B5%99%E6%B1%9F%E5%8D%AB%E8%A7%86&pp=1, From: subscribe, IPv_Type: ipv6, Location: 美国, ISP: CloudFlare Inc., Date: None, Delay: -1 ms, Speed: 0.00 M/s, Resolution: None
Name: 浙江卫视, URL: https://migu.188766.xyz/?migutoken=2ab9ebcb7ff4baa90e527b8680691647&id=z_jws&type=sz, From: subscribe, IPv_Type: ipv6, Location: 美国, ISP: CloudFlare Inc., Date: None, Delay: -1 ms, Speed: 0.00 M/s, Resolution: None
Name: 浙江卫视, URL: https://migu.188766.xyz/?migutoken=de6318d33052eeeb4c4cd2714f30b734&id=%E6%B5%99%E6%B1%9F%E5%8D%AB%E8%A7%86&pp=1, From: subscribe, IPv_Type: ipv6, Location: 美国, ISP: CloudFlare Inc., Date: None, Delay: -1 ms, Speed: 0.00 M/s, Resolution: None
Name: 浙江卫视, URL: https://migu.188766.xyz/?migutoken=2606589ff0b4e26f2040d5c6d4553155&id=z_jws&type=sz, From: subscribe, IPv_Type: ipv6, Location: 美国, ISP: CloudFlare Inc., Date: None, Delay: -1 ms, Speed: 0.00 M/s, Resolution: None
Name: 浙江卫视, URL: https://migu.188766.xyz/?migutoken=2d323a9589f37fbc690cf13b2fc35ee4&id=%E6%B5%99%E6%B1%9F%E5%8D%AB%E8%A7%86&pp=1, From: subscribe, IPv_Type: ipv6, Location: 美国, ISP: CloudFlare Inc., Date: None, Delay: -1 ms, Speed: 0.00 M/s, Resolution: None
Name: 浙江卫视, URL: https://migu.188766.xyz/?migutoken=95f39a5d4a4ae6dd8dd92c2b3daedc8e&id=z_jws&type=sz, From: subscribe, IPv_Type: ipv6, Location: 美国, ISP: CloudFlare Inc., Date: None, Delay: -1 ms, Speed: 0.00 M/s, Resolution: None
Name: 浙江卫视, URL: https://migu.188766.xyz/?migutoken=64d6bd8ee00b917d0d737506664f0771&id=%E6%B5%99%E6%B1%9F%E5%8D%AB%E8%A7%86&pp=1, From: subscribe, IPv_Type: ipv6, Location: 美国, ISP: CloudFlare Inc., Date: None, Delay: -1 ms, Speed: 0.00 M/s, Resolution: None
Name: 浙江卫视, URL: https://migu.188766.xyz/?migutoken=352cdc3e29d03f6ff148a6ca455a586f&id=z_jws&type=sz, From: subscribe, IPv_Type: ipv6, Location: 美国, ISP: CloudFlare Inc., Date: None, Delay: -1 ms, Speed: 0.00 M/s, Resolution: None
Name: 浙江卫视, URL: https://migu.188766.xyz/?migutoken=e4ca87fee6069b9043c43dde6c18d6b6&id=%E6%B5%99%E6%B1%9F%E5%8D%AB%E8%A7%86&pp=1, From: subscribe, IPv_Type: ipv6, Location: 美国, ISP: CloudFlare Inc., Date: None, Delay: -1 ms, Speed: 0.00 M/s, Resolution: None
Name: 浙江卫视, URL: https://migu.188766.xyz/?migutoken=a15ad4bec7407fe0ce0ae0e9341760e0&id=z_jws&type=sz, From: subscribe, IPv_Type: ipv6, Location: 美国, ISP: CloudFlare Inc., Date: None, Delay: -1 ms, Speed: 0.00 M/s, Resolution: None
Name: 浙江卫视, URL: https://migu.188766.xyz/?migutoken=080283a89ffe4b42a2a1a344a6e10029&id=%E6%B5%99%E6%B1%9F%E5%8D%AB%E8%A7%86&pp=1, From: subscribe, IPv_Type: ipv6, Location: 美国, ISP: CloudFlare Inc., Date: None, Delay: -1 ms, Speed: 0.00 M/s, Resolution: None
Name: 浙江卫视, URL: https://migu.188766.xyz/?migutoken=dd4fa8c5bd9d32877cc08611a43def98&id=z_jws&type=sz, From: subscribe, IPv_Type: ipv6, Location: 美国, ISP: CloudFlare Inc., Date: None, Delay: -1 ms, Speed: 0.00 M/s, Resolution: None
Name: 浙江卫视, URL: https://migu.188766.xyz/?migutoken=ff6c290806a5b74b7804b14788a378ab&id=%E6%B5%99%E6%B1%9F%E5%8D%AB%E8%A7%86&pp=1, From: subscribe, IPv_Type: ipv6, Location: 美国, ISP: CloudFlare Inc., Date: None, Delay: -1 ms, Speed: 0.00 M/s, Resolution: None
Name: 浙江卫视, URL: https://migu.188766.xyz/?migutoken=6ae17ad0e1ad191a3b574036c44c6d59&id=z_jws&type=sz, From: subscribe, IPv_Type: ipv6, Location: 美国, ISP: CloudFlare Inc., Date: None, Delay: -1 ms, Speed: 0.00 M/s, Resolution: None
Name: 浙江卫视, URL: http://hwltc.tv.cdn.zj.chinamobile.com/PLTV/88888888/224/3221236171/index.m3u8, From: subscribe, IPv_Type: ipv6, Location: 中国, ISP: 中国移动, Date: None, Delay: -1 ms, Speed: 0.00 M/s, Resolution: None
Name: 浙江卫视, URL: http://rrs01.hw.gmcc.net:8088/PLTV/81/224/3221226690/1.m3u8, From: subscribe, IPv_Type: ipv6, Location: 中国, ISP: 中国移动, Date: None, Delay: -1 ms, Speed: 0.00 M/s, Resolution: None
Name: 浙江卫视, URL: http://hwottcdn.ln.chinamobile.com/PLTV/11/224/3221226854/index.m3u8, From: subscribe, IPv_Type: ipv6, Location: 中国, ISP: 中国移动, Date: None, Delay: -1 ms, Speed: 0.00 M/s, Resolution: None
Name: 浙江卫视, URL: http://hwottcdn.ln.chinamobile.com/PLTV/11/224/3221226134/index.m3u8, From: subscribe, IPv_Type: ipv6, Location: 中国, ISP: 中国移动, Date: None, Delay: -1 ms, Speed: 0.00 M/s, Resolution: None
Name: 浙江卫视, URL: http://hwottcdn.ln.chinamobile.com/PLTV/11/224/3221226700/index.m3u8, From: subscribe, IPv_Type: ipv6, Location: 中国, ISP: 中国移动, Date: None, Delay: -1 ms, Speed: 0.00 M/s, Resolution: None
Name: 浙江卫视, URL: http://hwottcdn.ln.chinamobile.com/PLTV/11/224/3221226795/index.m3u8, From: subscribe, IPv_Type: ipv6, Location: 中国, ISP: 中国移动, Date: None, Delay: -1 ms, Speed: 0.00 M/s, Resolution: None
Name: 浙江卫视, URL: http://hwottcdn.ln.chinamobile.com/PLTV/11/224/3221227313/index.m3u8, From: subscribe, IPv_Type: ipv6, Location: 中国, ISP: 中国移动, Date: None, Delay: -1 ms, Speed: 0.00 M/s, Resolution: None
Name: 浙江卫视, URL: http://hwottcdn.ln.chinamobile.com/PLTV/11/224/3221226147/index.m3u8, From: subscribe, IPv_Type: ipv6, Location: 中国, ISP: 中国移动, Date: None, Delay: -1 ms, Speed: 0.00 M/s, Resolution: None
Name: 浙江卫视, URL: http://iptvrr.sh.chinamobile.com:6060/cms001/ch00000090990000001023/index.m3u8, From: subscribe, IPv_Type: ipv6, Location: 中国, ISP: 中国移动, Date: None, Delay: -1 ms, Speed: 0.00 M/s, Resolution: None
Name: 浙江卫视, URL: http://ott.mobaibox.com/PLTV/3/224/3221227491/index.m3u8, From: subscribe, IPv_Type: ipv6, Location: 中国, ISP: 中国移动, Date: None, Delay: -1 ms, Speed: 0.00 M/s, Resolution: None
Name: 浙江卫视, URL: http://tvgslb.hn.chinamobile.com:8089/180000001002/00000001000000000007000000001250/main.m3u8?stbid=, From: subscribe, IPv_Type: ipv6, Location: 中国, ISP: 中国移动, Date: None, Delay: -1 ms, Speed: 0.00 M/s, Resolution: None
Name: 浙江卫视, URL: http://k.061899.xyz/k.php?id=zjws, From: subscribe, IPv_Type: ipv6, Location: 新加坡, ISP: Aceville Pte.Ltd., Date: None, Delay: -1 ms, Speed: 0.00 M/s, Resolution: None
Name: 浙江卫视, URL: http://tvgslb.hn.chinamobile.com:8089/180000001002/00000000000000020000000000182563/main.m3u8?stbid=, From: subscribe, IPv_Type: ipv6, Location: 中国, ISP: 中国移动, Date: None, Delay: -1 ms, Speed: 0.00 M/s, Resolution: None
Name: 浙江卫视, URL: https://migu.188766.xyz/?migutoken=316df023372b0a404e4aa98ec527b949&id=%E6%B5%99%E6%B1%9F%E5%8D%AB%E8%A7%86&pp=1, From: subscribe, IPv_Type: ipv6, Location: 美国, ISP: CloudFlare Inc., Date: None, Delay: -1 ms, Speed: 0.00 M/s, Resolution: None
Name: 浙江卫视, URL: https://migu.188766.xyz/?migutoken=f691800010035c5b05887497ba42d18d&id=z_jws&type=sz, From: subscribe, IPv_Type: ipv6, Location: 美国, ISP: CloudFlare Inc., Date: None, Delay: -1 ms, Speed: 0.00 M/s, Resolution: None
Name: 浙江卫视, URL: https://migu.188766.xyz/?migutoken=0bd820a15e891f7bfd591e50ccf30bd2&id=%E6%B5%99%E6%B1%9F%E5%8D%AB%E8%A7%86&pp=1, From: subscribe, IPv_Type: ipv6, Location: 美国, ISP: CloudFlare Inc., Date: None, Delay: -1 ms, Speed: 0.00 M/s, Resolution: None
Name: 浙江卫视, URL: https://migu.188766.xyz/?migutoken=e451ae728e68c689610e91b6035c2332&id=z_jws&type=sz, From: subscribe, IPv_Type: ipv6, Location: 美国, ISP: CloudFlare Inc., Date: None, Delay: -1 ms, Speed: 0.00 M/s, Resolution: None
Name: 浙江卫视, URL: https://migu.188766.xyz/?migutoken=ea20ac265b5c48bc1f94d43ea4f0221e&id=%E6%B5%99%E6%B1%9F%E5%8D%AB%E8%A7%86&pp=1, From: subscribe, IPv_Type: ipv6, Location: 美国, ISP: CloudFlare Inc., Date: None, Delay: -1 ms, Speed: 0.00 M/s, Resolution: None
Name: 浙江卫视, URL: https://migu.188766.xyz/?migutoken=3c89160f0ed061d1070a439056c9f04b&id=z_jws&type=sz, From: subscribe, IPv_Type: ipv6, Location: 美国, ISP: CloudFlare Inc., Date: None, Delay: -1 ms, Speed: 0.00 M/s, Resolution: None
Name: 浙江卫视, URL: https://migu.188766.xyz/?migutoken=1512a499b2e2ca6c9ee595d7238c4da0&id=%E6%B5%99%E6%B1%9F%E5%8D%AB%E8%A7%86&pp=1, From: subscribe, IPv_Type: ipv6, Location: 美国, ISP: CloudFlare Inc., Date: None, Delay: -1 ms, Speed: 0.00 M/s, Resolution: None
Name: 浙江卫视, URL: https://migu.188766.xyz/?migutoken=ccfc4feaf40d2e99001eb27016355d02&id=z_jws&type=sz, From: subscribe, IPv_Type: ipv6, Location: 美国, ISP: CloudFlare Inc., Date: None, Delay: -1 ms, Speed: 0.00 M/s, Resolution: None
Name: 浙江卫视, URL: https://migu.188766.xyz/?migutoken=f9c2a652b32e6118df9dbc72c0459c63&id=%E6%B5%99%E6%B1%9F%E5%8D%AB%E8%A7%86&pp=1, From: subscribe, IPv_Type: ipv6, Location: 美国, ISP: CloudFlare Inc., Date: None, Delay: -1 ms, Speed: 0.00 M/s, Resolution: None
Name: 浙江卫视, URL: https://migu.188766.xyz/?migutoken=e697a144034ed2841254d6e7a10b7eb2&id=z_jws&type=sz, From: subscribe, IPv_Type: ipv6, Location: 美国, ISP: CloudFlare Inc., Date: None, Delay: -1 ms, Speed: 0.00 M/s, Resolution: None
Name: 浙江卫视, URL: https://migu.188766.xyz/?migutoken=a824bdb3539e2f5c7c9934de792baf64&id=%E6%B5%99%E6%B1%9F%E5%8D%AB%E8%A7%86&pp=1, From: subscribe, IPv_Type: ipv6, Location: 美国, ISP: CloudFlare Inc., Date: None, Delay: -1 ms, Speed: 0.00 M/s, Resolution: None
Name: 浙江卫视, URL: https://migu.188766.xyz/?migutoken=f2b6ecbaff43e2947ee49b9a5fb3712c&id=z_jws&type=sz, From: subscribe, IPv_Type: ipv6, Location: 美国, ISP: CloudFlare Inc., Date: None, Delay: -1 ms, Speed: 0.00 M/s, Resolution: None
Name: 浙江卫视, URL: https://migu.188766.xyz/?migutoken=cf837ff94a508ed6bd04aa552f97f6bf&id=%E6%B5%99%E6%B1%9F%E5%8D%AB%E8%A7%86&pp=1, From: subscribe, IPv_Type: ipv6, Location: 美国, ISP: CloudFlare Inc., Date: None, Delay: -1 ms, Speed: 0.00 M/s, Resolution: None
Name: 浙江卫视, URL: https://migu.188766.xyz/?migutoken=deb0e03f194febb37f94b434d6311cd5&id=z_jws&type=sz, From: subscribe, IPv_Type: ipv6, Location: 美国, ISP: CloudFlare Inc., Date: None, Delay: -1 ms, Speed: 0.00 M/s, Resolution: None
Name: 浙江卫视, URL: https://migu.188766.xyz/?migutoken=17af7eef2d3a7b536c9d554695b80070&id=%E6%B5%99%E6%B1%9F%E5%8D%AB%E8%A7%86&pp=1, From: subscribe, IPv_Type: ipv6, Location: 美国, ISP: CloudFlare Inc., Date: None, Delay: -1 ms, Speed: 0.00 M/s, Resolution: None
Name: 浙江卫视, URL: https://migu.188766.xyz/?migutoken=a4a53b1bfdb20304e71030188ed6f8d4&id=z_jws&type=sz, From: subscribe, IPv_Type: ipv6, Location: 美国, ISP: CloudFlare Inc., Date: None, Delay: -1 ms, Speed: 0.00 M/s, Resolution: None
Name: 浙江卫视, URL: https://migu.188766.xyz/?migutoken=3fd723b87b926c94e1e4c7f4b829f1f5&id=%E6%B5%99%E6%B1%9F%E5%8D%AB%E8%A7%86&pp=1, From: subscribe, IPv_Type: ipv6, Location: 美国, ISP: CloudFlare Inc., Date: None, Delay: -1 ms, Speed: 0.00 M/s, Resolution: None
Name: 浙江卫视, URL: https://migu.188766.xyz/?migutoken=4167c0b453295f1c015a56126a35a1f5&id=z_jws&type=sz, From: subscribe, IPv_Type: ipv6, Location: 美国, ISP: CloudFlare Inc., Date: None, Delay: -1 ms, Speed: 0.00 M/s, Resolution: None
Name: 浙江卫视, URL: https://migu.188766.xyz/?migutoken=f35be214ebb316a65c3fd0ab12fbe016&id=%E6%B5%99%E6%B1%9F%E5%8D%AB%E8%A7%86&pp=1, From: subscribe, IPv_Type: ipv6, Location: 美国, ISP: CloudFlare Inc., Date: None, Delay: -1 ms, Speed: 0.00 M/s, Resolution: None
Name: 浙江卫视, URL: https://migu.188766.xyz/?migutoken=aa5322c8e8a910830ca04223e9217079&id=z_jws&type=sz, From: subscribe, IPv_Type: ipv6, Location: 美国, ISP: CloudFlare Inc., Date: None, Delay: -1 ms, Speed: 0.00 M/s, Resolution: None
Name: 浙江卫视, URL: https://migu.188766.xyz/?migutoken=8cde00e3079832a1a6efeec1a7127095&id=%E6%B5%99%E6%B1%9F%E5%8D%AB%E8%A7%86&pp=1, From: subscribe, IPv_Type: ipv6, Location: 美国, ISP: CloudFlare Inc., Date: None, Delay: -1 ms, Speed: 0.00 M/s, Resolution: None
Name: 浙江卫视, URL: https://migu.188766.xyz/?migutoken=b79cb7055d04f68df0d0d376dd366fda&id=z_jws&type=sz, From: subscribe, IPv_Type: ipv6, Location: 美国, ISP: CloudFlare Inc., Date: None, Delay: -1 ms, Speed: 0.00 M/s, Resolution: None
Name: 浙江卫视, URL: http://ali-xwl.cztv.com/live/channel011080Plxw.m3u8, From: subscribe, IPv_Type: ipv4, Location: 美国, ISP: 阿里云, Date: None, Delay: 83 ms, Speed: 43.83 M/s, Resolution: 1920x1080
Name: 浙江卫视, URL: http://23.237.228.134/live6/zhejiang.m3u8, From: subscribe, IPv_Type: ipv4, Location: 北美地区, ISP: , Date: None, Delay: 96 ms, Speed: 23.63 M/s, Resolution: 1920x1080
Name: 浙江卫视, URL: https://play-qukan.cztv.com/live/1746687519046362.m3u8, From: subscribe, IPv_Type: ipv4, Location: 美国, ISP: 阿里云, Date: None, Delay: 770 ms, Speed: 4.08 M/s, Resolution: 1920x1080
Name: 湖南卫视, URL: https://migu.188766.xyz/?migutoken=f2b77dc3ea280a3a779501d0466b4433&id=hnws&type=sz, From: subscribe, IPv_Type: ipv6, Location: 美国, ISP: CloudFlare Inc., Date: None, Delay: -1 ms, Speed: 0.00 M/s, Resolution: None
Name: 湖南卫视, URL: https://iptv.catvod.com/live.php?id=%E6%B9%96%E5%8D%97%E5%8D%AB%E8%A7%86%E5%8F%B0, From: subscribe, IPv_Type: ipv6, Location: 美国, ISP: CloudFlare Inc., Date: None, Delay: -1 ms, Speed: 0.00 M/s, Resolution: None
Name: 湖南卫视, URL: https://tv.iill.top/migu/hnws, From: subscribe, IPv_Type: ipv6, Location: 美国, ISP: CloudFlare Inc., Date: None, Delay: -1 ms, Speed: 0.00 M/s, Resolution: None
Name: 湖南卫视, URL: https://migu.188766.xyz/?migutoken=b26dee3be10d8a098a5e5407a313cc9d&id=hnws&type=sz, From: subscribe, IPv_Type: ipv6, Location: 美国, ISP: CloudFlare Inc., Date: None, Delay: -1 ms, Speed: 0.00 M/s, Resolution: None
Name: 湖南卫视, URL: https://tv.iill.top/migu/hnws&token=7c908a370d95d78e90a9d2ba4007e5185038b0ceac7435ba90e72c77cc035ff6, From: subscribe, IPv_Type: ipv6, Location: 美国, ISP: CloudFlare Inc., Date: None, Delay: -1 ms, Speed: 0.00 M/s, Resolution: None
Name: 湖南卫视, URL: https://migu.188766.xyz/?migutoken=5469f97ceac991121365cc2387218965&id=hnws&type=sz, From: subscribe, IPv_Type: ipv6, Location: 美国, ISP: CloudFlare Inc., Date: None, Delay: -1 ms, Speed: 0.00 M/s, Resolution: None
Name: 湖南卫视, URL: https://tv.iill.top/migu/hnws&token=9214268143febfaf9cbc3e9b7f092a03c3274273c99133a780217564b2ab7896, From: subscribe, IPv_Type: ipv6, Location: 美国, ISP: CloudFlare Inc., Date: None, Delay: -1 ms, Speed: 0.00 M/s, Resolution: None
Name: 湖南卫视, URL: https://migu.188766.xyz/?migutoken=4aa75e02c7a3d909063a5c6e5a13b15b&id=hnws&type=sz, From: subscribe, IPv_Type: ipv6, Location: 美国, ISP: CloudFlare Inc., Date: None, Delay: -1 ms, Speed: 0.00 M/s, Resolution: None
Name: 湖南卫视, URL: https://migu.188766.xyz/?migutoken=d98a66de60a974abf77977c44168cc77&id=hnws&type=sz, From: subscribe, IPv_Type: ipv6, Location: 美国, ISP: CloudFlare Inc., Date: None, Delay: -1 ms, Speed: 0.00 M/s, Resolution: None
Name: 湖南卫视, URL: https://tv.iill.top/migu/hnws&token=bc76ab7564df296b4275f3dc9e3cead14dfa08c65b4ac7cd82092d502cef3a24, From: subscribe, IPv_Type: ipv6, Location: 美国, ISP: CloudFlare Inc., Date: None, Delay: -1 ms, Speed: 0.00 M/s, Resolution: None
Name: 湖南卫视, URL: https://migu.188766.xyz/?migutoken=40808875b7a8d3be9b6b22ec6b362b7d&id=hnws&type=sz, From: subscribe, IPv_Type: ipv6, Location: 美国, ISP: CloudFlare Inc., Date: None, Delay: -1 ms, Speed: 0.00 M/s, Resolution: None
Name: 湖南卫视, URL: https://migu.188766.xyz/?migutoken=27d75afac21fbab3aa19ef055c79cc69&id=hnws&type=sz, From: subscribe, IPv_Type: ipv6, Location: 美国, ISP: CloudFlare Inc., Date: None, Delay: -1 ms, Speed: 0.00 M/s, Resolution: None
Name: 湖南卫视, URL: https://migu.188766.xyz/?migutoken=ade1bcf5c2da03d8fe794750a88004ae&id=hnws&type=sz, From: subscribe, IPv_Type: ipv6, Location: 美国, ISP: CloudFlare Inc., Date: None, Delay: -1 ms, Speed: 0.00 M/s, Resolution: None
Name: 湖南卫视, URL: https://migu.188766.xyz/?migutoken=d1e258488029226e165e90c46209ec75&id=%E6%B9%96%E5%8D%97%E5%8D%AB%E8%A7%864K&pp=1, From: subscribe, IPv_Type: ipv6, Location: 美国, ISP: CloudFlare Inc., Date: None, Delay: -1 ms, Speed: 0.00 M/s, Resolution: None
Name: 湖南卫视, URL: https://migu.188766.xyz/?migutoken=51fc016797c0d786a069ba7f8af4f76c&id=hnws&type=sz, From: subscribe, IPv_Type: ipv6, Location: 美国, ISP: CloudFlare Inc., Date: None, Delay: -1 ms, Speed: 0.00 M/s, Resolution: None
Name: 湖南卫视, URL: https://migu.188766.xyz/?migutoken=118a38550a629d0ff9f42244154fd7b9&id=hnws&type=sz, From: subscribe, IPv_Type: ipv6, Location: 美国, ISP: CloudFlare Inc., Date: None, Delay: -1 ms, Speed: 0.00 M/s, Resolution: None
Name: 湖南卫视, URL: https://migu.188766.xyz/?migutoken=3bf38c9591614aaa188554e6db59e3eb&id=hnws&type=sz, From: subscribe, IPv_Type: ipv6, Location: 美国, ISP: CloudFlare Inc., Date: None, Delay: -1 ms, Speed: 0.00 M/s, Resolution: None
Name: 湖南卫视, URL: https://migu.188766.xyz/?migutoken=b3feac6e659599eab9408f632c2285cd&id=hnws&type=sz, From: subscribe, IPv_Type: ipv6, Location: 美国, ISP: CloudFlare Inc., Date: None, Delay: -1 ms, Speed: 0.00 M/s, Resolution: None
Name: 湖南卫视, URL: https://migu.188766.xyz/?migutoken=8e3b0046b3d819d0a910720719af224e&id=hnws&type=sz, From: subscribe, IPv_Type: ipv6, Location: 美国, ISP: CloudFlare Inc., Date: None, Delay: -1 ms, Speed: 0.00 M/s, Resolution: None
Name: 湖南卫视, URL: https://migu.188766.xyz/?migutoken=1db83c606ac2f324aee6eecc2d7004fa&id=hnws&type=sz, From: subscribe, IPv_Type: ipv6, Location: 美国, ISP: CloudFlare Inc., Date: None, Delay: -1 ms, Speed: 0.00 M/s, Resolution: None
Name: 湖南卫视, URL: https://migu.188766.xyz/?migutoken=a2978eea743b2a0a629d1e26982ecbda&id=hnws&type=sz, From: subscribe, IPv_Type: ipv6, Location: 美国, ISP: CloudFlare Inc., Date: None, Delay: -1 ms, Speed: 0.00 M/s, Resolution: None
Name: 湖南卫视, URL: https://migu.188766.xyz/?migutoken=1c6a39de1910a965411e7db8c3207658&id=hnws&type=sz, From: subscribe, IPv_Type: ipv6, Location: 美国, ISP: CloudFlare Inc., Date: None, Delay: -1 ms, Speed: 0.00 M/s, Resolution: None
Name: 湖南卫视, URL: https://tv.iill.top/migu/hnws&token=cc939526aed05a9c3f42c88c61fb8cb76c2acee2ebd65691e243451029eb7b84, From: subscribe, IPv_Type: ipv6, Location: 美国, ISP: CloudFlare Inc., Date: None, Delay: -1 ms, Speed: 0.00 M/s, Resolution: None
Name: 湖南卫视, URL: https://migu.188766.xyz/?migutoken=79d1f9258205c894ae0b1c3ab88605c7&id=hnws&type=sz, From: subscribe, IPv_Type: ipv6, Location: 美国, ISP: CloudFlare Inc., Date: None, Delay: -1 ms, Speed: 0.00 M/s, Resolution: None
Name: 湖南卫视, URL: http://k.061899.xyz/k.php?id=hunws, From: subscribe, IPv_Type: ipv6, Location: 新加坡, ISP: Aceville Pte.Ltd., Date: None, Delay: -1 ms, Speed: 0.00 M/s, Resolution: None
Name: 湖南卫视, URL: http://hwltc.tv.cdn.zj.chinamobile.com/PLTV/88888888/224/3221236225/index.m3u8, From: subscribe, IPv_Type: ipv6, Location: 中国, ISP: 中国移动, Date: None, Delay: -1 ms, Speed: 0.00 M/s, Resolution: None
Name: 湖南卫视, URL: http://hwottcdn.ln.chinamobile.com/PLTV/11/224/3221226144/index.m3u8, From: subscribe, IPv_Type: ipv6, Location: 中国, ISP: 中国移动, Date: None, Delay: -1 ms, Speed: 0.00 M/s, Resolution: None
Name: 湖南卫视, URL: http://iptvrr.sh.chinamobile.com:6060/cms001/ch00000090990000001026/index.m3u8, From: subscribe, IPv_Type: ipv6, Location: 中国, ISP: 中国移动, Date: None, Delay: -1 ms, Speed: 0.00 M/s, Resolution: None
Name: 湖南卫视, URL: http://hwottcdn.ln.chinamobile.com/PLTV/11/224/3221226669/index.m3u8, From: subscribe, IPv_Type: ipv6, Location: 中国, ISP: 中国移动, Date: None, Delay: -1 ms, Speed: 0.00 M/s, Resolution: None
Name: 湖南卫视, URL: http://hwottcdn.ln.chinamobile.com/PLTV/11/224/3221226727/index.m3u8, From: subscribe, IPv_Type: ipv6, Location: 中国, ISP: 中国移动, Date: None, Delay: -1 ms, Speed: 0.00 M/s, Resolution: None
Name: 湖南卫视, URL: http://hwottcdn.ln.chinamobile.com/PLTV/11/224/3221227316/index.m3u8, From: subscribe, IPv_Type: ipv6, Location: 中国, ISP: 中国移动, Date: None, Delay: -1 ms, Speed: 0.00 M/s, Resolution: None
Name: 湖南卫视, URL: http://hwottcdn.ln.chinamobile.com/PLTV/11/224/3221226161/index.m3u8, From: subscribe, IPv_Type: ipv6, Location: 中国, ISP: 中国移动, Date: None, Delay: -1 ms, Speed: 0.00 M/s, Resolution: None
Name: 湖南卫视, URL: http://hwottcdn.ln.chinamobile.com/PLTV/11/224/3221226772/index.m3u8, From: subscribe, IPv_Type: ipv6, Location: 中国, ISP: 中国移动, Date: None, Delay: -1 ms, Speed: 0.00 M/s, Resolution: None
Name: 湖南卫视, URL: http://ott.mobaibox.com/PLTV/3/224/3221227482/index.m3u8, From: subscribe, IPv_Type: ipv6, Location: 中国, ISP: 中国移动, Date: None, Delay: -1 ms, Speed: 0.00 M/s, Resolution: None
Name: 湖南卫视, URL: http://tvgslb.hn.chinamobile.com:8089/180000001002/00000001000000000099000000193885/main.m3u8?stbid=, From: subscribe, IPv_Type: ipv6, Location: 中国, ISP: 中国移动, Date: None, Delay: -1 ms, Speed: 0.00 M/s, Resolution: None
Name: 湖南卫视, URL: http://tvgslb.hn.chinamobile.com:8089/180000001002/00000001000000000010000000040382/main.m3u8?stbid=, From: subscribe, IPv_Type: ipv6, Location: 中国, ISP: 中国移动, Date: None, Delay: -1 ms, Speed: 0.00 M/s, Resolution: None
Name: 湖南卫视, URL: http://tvgslb.hn.chinamobile.com:8089/180000001002/00000001000000000064000000308827/main.m3u8?stbid=, From: subscribe, IPv_Type: ipv6, Location: 中国, ISP: 中国移动, Date: None, Delay: -1 ms, Speed: 0.00 M/s, Resolution: None
Name: 湖南卫视, URL: https://tv.iill.top/migu/hnws&token=7ce15d51da8e60be86cc1bde4d856274b2bd781528e9f64ff1d7d9370b9d7268, From: subscribe, IPv_Type: ipv6, Location: 美国, ISP: CloudFlare Inc., Date: None, Delay: -1 ms, Speed: 0.00 M/s, Resolution: None
Name: 湖南卫视, URL: https://migu.188766.xyz/?migutoken=04f0bd8d7a24f80832b352789e86fd12&id=hnws&type=sz, From: subscribe, IPv_Type: ipv6, Location: 美国, ISP: CloudFlare Inc., Date: None, Delay: -1 ms, Speed: 0.00 M/s, Resolution: None
Name: 湖南卫视, URL: https://tv.iill.top/migu/hnws&token=ea4803836ab3759697c651bbaf9b16d10a6339fab2e1a980e276b15296478409, From: subscribe, IPv_Type: ipv6, Location: 美国, ISP: CloudFlare Inc., Date: None, Delay: -1 ms, Speed: 0.00 M/s, Resolution: None
Name: 湖南卫视, URL: https://migu.188766.xyz/?migutoken=850bef4e9409ff7ffda256a07d578d83&id=hnws&type=sz, From: subscribe, IPv_Type: ipv6, Location: 美国, ISP: CloudFlare Inc., Date: None, Delay: -1 ms, Speed: 0.00 M/s, Resolution: None
Name: 湖南卫视, URL: https://tv.iill.top/migu/hnws&token=3715e56a43ff137fc781c87e8f3354f0b0b81779b6440c51e75f763fd7e1c640, From: subscribe, IPv_Type: ipv6, Location: 美国, ISP: CloudFlare Inc., Date: None, Delay: -1 ms, Speed: 0.00 M/s, Resolution: None
Name: 湖南卫视, URL: https://migu.188766.xyz/?migutoken=ed2e4204d0b2a5912f317d557335d6af&id=hnws&type=sz, From: subscribe, IPv_Type: ipv6, Location: 美国, ISP: CloudFlare Inc., Date: None, Delay: -1 ms, Speed: 0.00 M/s, Resolution: None
Name: 湖南卫视, URL: https://migu.188766.xyz/?migutoken=a0a722f08d9d1809f84bf7b94276b390&id=hnws&type=sz, From: subscribe, IPv_Type: ipv6, Location: 美国, ISP: CloudFlare Inc., Date: None, Delay: -1 ms, Speed: 0.00 M/s, Resolution: None
Name: 湖南卫视, URL: https://tv.iill.top/migu/hnws&token=7d321042b2f5789d57294578c80935696c5c1326ca57bc4bb58174e879b25dd6, From: subscribe, IPv_Type: ipv6, Location: 美国, ISP: CloudFlare Inc., Date: None, Delay: -1 ms, Speed: 0.00 M/s, Resolution: None
Name: 湖南卫视, URL: https://migu.188766.xyz/?migutoken=7068313831946affc8aff9b48a570bca&id=hnws&type=sz, From: subscribe, IPv_Type: ipv6, Location: 美国, ISP: CloudFlare Inc., Date: None, Delay: -1 ms, Speed: 0.00 M/s, Resolution: None
Name: 湖南卫视, URL: https://tv.iill.top/migu/hnws&token=d25986dec232345e7d991eb80f90d884b6037b42c12c8b793d52ff710cbe29b7, From: subscribe, IPv_Type: ipv6, Location: 美国, ISP: CloudFlare Inc., Date: None, Delay: -1 ms, Speed: 0.00 M/s, Resolution: None
Name: 湖南卫视, URL: https://migu.188766.xyz/?migutoken=f9d484cfa16de4ac0a849650ef39bdaf&id=hnws&type=sz, From: subscribe, IPv_Type: ipv6, Location: 美国, ISP: CloudFlare Inc., Date: None, Delay: -1 ms, Speed: 0.00 M/s, Resolution: None
Name: 湖南卫视, URL: https://migu.188766.xyz/?migutoken=754af6e2f756c1700606509f1a1059a2&id=hnws&type=sz, From: subscribe, IPv_Type: ipv6, Location: 美国, ISP: CloudFlare Inc., Date: None, Delay: -1 ms, Speed: 0.00 M/s, Resolution: None
Name: 湖南卫视, URL: https://migu.188766.xyz/?migutoken=40ff3fd3add8487a00578b4228637a41&id=hnws&type=sz, From: subscribe, IPv_Type: ipv6, Location: 美国, ISP: CloudFlare Inc., Date: None, Delay: -1 ms, Speed: 0.00 M/s, Resolution: None
Name: 湖南卫视, URL: https://migu.188766.xyz/?migutoken=0f84bc78157e4b5c5af5f0b1eed43967&id=hnws&type=sz, From: subscribe, IPv_Type: ipv6, Location: 美国, ISP: CloudFlare Inc., Date: None, Delay: -1 ms, Speed: 0.00 M/s, Resolution: None
Name: 湖南卫视, URL: https://migu.188766.xyz/?migutoken=07cc3a9b852278ad5fef191bf89873aa&id=hnws&type=sz, From: subscribe, IPv_Type: ipv6, Location: 美国, ISP: CloudFlare Inc., Date: None, Delay: -1 ms, Speed: 0.00 M/s, Resolution: None
Name: 湖南卫视, URL: https://migu.188766.xyz/?migutoken=46d9f169cd540f89ea0ef1093c8be071&id=hnws&type=sz, From: subscribe, IPv_Type: ipv6, Location: 美国, ISP: CloudFlare Inc., Date: None, Delay: -1 ms, Speed: 0.00 M/s, Resolution: None
Name: 湖南卫视, URL: https://t.freetv.fun/live/hu-nan-wei-shi-13.m3u8, From: subscribe, IPv_Type: ipv6, Location: 美国, ISP: CloudFlare Inc., Date: None, Delay: -1 ms, Speed: 0.00 M/s, Resolution: None
Name: 湖南卫视, URL: https://t.freetv.fun/live/hu-nan-wei-shi.m3u8, From: subscribe, IPv_Type: ipv6, Location: 美国, ISP: CloudFlare Inc., Date: None, Delay: -1 ms, Speed: 0.00 M/s, Resolution: None
Name: 湖南卫视, URL: http://hlsal-ldvt.qing.mgtv.com/nn_live/nn_x64/Y2RuZXhfaWQ9YWxfaGxzX2xkdnQmZT02OTE0NjA0JnY9MSZpZD1ITldTWkdTVCZzPTcwN2RiYTc2YzJjNmJmMTQ4MmUyZGYzOWU2NWM3YWFi/HNWSZGST.m3u8, From: subscribe, IPv_Type: ipv4, Location: 美国-加利福尼亚州-圣克拉拉, ISP: AMD公司, Date: None, Delay: 15 ms, Speed: 53.90 M/s, Resolution: 3840x2160
Name: 湖南卫视, URL: http://hlsal-ldvt.qing.mgtv.com/nn_live/nn_x64/dWlwPTEyNy4wLjAuMSZ1aWQ9cWluZy1jbXMmbm5fdGltZXpvbmU9OCZjZG5leF9pZD1hbF9obHNfbGR2dCZ1dWlkPTliODY4NmU5ZTM2YzYwMmMmZT02OTE0NjA0JnY9MSZpZD1ITldTWkdTVCZzPTcwN2RiYTc2YzJjNmJmMTQ4MmUyZGYzOWU2NWM3YWFi/HNWSZGST.m3u8, From: subscribe, IPv_Type: ipv4, Location: 美国-加利福尼亚州-圣克拉拉, ISP: AMD公司, Date: None, Delay: 23 ms, Speed: 45.79 M/s, Resolution: 3840x2160
Name: 湖南卫视, URL: http://38.75.136.137:98/gslb/dsdqbv/hnwshd.m3u8?auth=test20251009, From: subscribe, IPv_Type: ipv4, Location: 美国-伊利诺伊州-库克, ISP: Cogent, Date: None, Delay: 801 ms, Speed: 7.89 M/s, Resolution: 1920x1080
Name: 湖南卫视, URL: http://23.237.228.134/live6/hunan.m3u8, From: subscribe, IPv_Type: ipv4, Location: 北美地区, ISP: , Date: None, Delay: 1117 ms, Speed: 5.18 M/s, Resolution: 1920x1080
Name: 湖南卫视, URL: http://satellitepull.cnr.cn/live/wx32hunws/playlist.m3u8, From: subscribe, IPv_Type: ipv4, Location: 美国-伊利诺伊州-库克, ISP: 网宿CDN节点, Date: None, Delay: 27 ms, Speed: 3.80 M/s, Resolution: None
Name: 北京卫视, URL: https://migu.188766.xyz/?migutoken=bd13f64761a83da7620d8965570b9f3e&id=%E5%8C%97%E4%BA%AC%E5%8D%AB%E8%A7%86&type=yy, From: subscribe, IPv_Type: ipv6, Location: 美国, ISP: CloudFlare Inc., Date: None, Delay: -1 ms, Speed: 0.00 M/s, Resolution: None
Name: 北京卫视, URL: https://migu.188766.xyz/?migutoken=e64c6fcf74dc3b925781dc649cfb6e3a&id=%E5%8C%97%E4%BA%AC%E5%8D%AB%E8%A7%86&type=yy, From: subscribe, IPv_Type: ipv6, Location: 美国, ISP: CloudFlare Inc., Date: None, Delay: -1 ms, Speed: 0.00 M/s, Resolution: None
Name: 北京卫视, URL: https://migu.188766.xyz/?migutoken=cebea4a66351ceffcb16f9463a8a2440&id=%E5%8C%97%E4%BA%AC%E5%8D%AB%E8%A7%86&type=yy, From: subscribe, IPv_Type: ipv6, Location: 美国, ISP: CloudFlare Inc., Date: None, Delay: -1 ms, Speed: 0.00 M/s, Resolution: None
Name: 北京卫视, URL: https://migu.188766.xyz/?migutoken=02795acacdfb8a567aef332c50b97671&id=%E5%8C%97%E4%BA%AC%E5%8D%AB%E8%A7%86&type=yy, From: subscribe, IPv_Type: ipv6, Location: 美国, ISP: CloudFlare Inc., Date: None, Delay: -1 ms, Speed: 0.00 M/s, Resolution: None
Name: 北京卫视, URL: https://migu.188766.xyz/?migutoken=b01e388d029896299f411fd607740c33&id=%E5%8C%97%E4%BA%AC%E5%8D%AB%E8%A7%86&type=yy, From: subscribe, IPv_Type: ipv6, Location: 美国, ISP: CloudFlare Inc., Date: None, Delay: -1 ms, Speed: 0.00 M/s, Resolution: None
Name: 北京卫视, URL: https://migu.188766.xyz/?migutoken=8f563815874c06f6f33208f9817bb886&id=%E5%8C%97%E4%BA%AC%E5%8D%AB%E8%A7%86&type=yy, From: subscribe, IPv_Type: ipv6, Location: 美国, ISP: CloudFlare Inc., Date: None, Delay: -1 ms, Speed: 0.00 M/s, Resolution: None
Name: 北京卫视, URL: https://migu.188766.xyz/?migutoken=55f9954fd8dec9244ae12853d9654db6&id=%E5%8C%97%E4%BA%AC%E5%8D%AB%E8%A7%86&type=yy, From: subscribe, IPv_Type: ipv6, Location: 美国, ISP: CloudFlare Inc., Date: None, Delay: -1 ms, Speed: 0.00 M/s, Resolution: None
Name: 北京卫视, URL: https://migu.188766.xyz/?migutoken=b272105d3b1441290132591481def05b&id=%E5%8C%97%E4%BA%AC%E5%8D%AB%E8%A7%86&type=yy, From: subscribe, IPv_Type: ipv6, Location: 美国, ISP: CloudFlare Inc., Date: None, Delay: -1 ms, Speed: 0.00 M/s, Resolution: None
Name: 北京卫视, URL: https://migu.188766.xyz/?migutoken=14bc123b60c5cb4b7d310634a6eb9f84&id=%E5%8C%97%E4%BA%AC%E5%8D%AB%E8%A7%86&type=yy, From: subscribe, IPv_Type: ipv6, Location: 美国, ISP: CloudFlare Inc., Date: None, Delay: -1 ms, Speed: 0.00 M/s, Resolution: None
Name: 北京卫视, URL: https://migu.188766.xyz/?migutoken=b1148f9b26fb960477de21809a7f424d&id=%E5%8C%97%E4%BA%AC%E5%8D%AB%E8%A7%86&type=yy, From: subscribe, IPv_Type: ipv6, Location: 美国, ISP: CloudFlare Inc., Date: None, Delay: -1 ms, Speed: 0.00 M/s, Resolution: None
Name: 北京卫视, URL: https://migu.188766.xyz/?migutoken=dc1ada074b2938a9c14c8ee94498e485&id=%E5%8C%97%E4%BA%AC%E5%8D%AB%E8%A7%86&type=yy, From: subscribe, IPv_Type: ipv6, Location: 美国, ISP: CloudFlare Inc., Date: None, Delay: -1 ms, Speed: 0.00 M/s, Resolution: None
Name: 北京卫视, URL: https://migu.188766.xyz/?migutoken=b432f8d42afb931b41c9fbaf0de601d5&id=%E5%8C%97%E4%BA%AC%E5%8D%AB%E8%A7%86&type=yy, From: subscribe, IPv_Type: ipv6, Location: 美国, ISP: CloudFlare Inc., Date: None, Delay: -1 ms, Speed: 0.00 M/s, Resolution: None
Name: 北京卫视, URL: https://migu.188766.xyz/?migutoken=06fbfd752dea31b767d728cc31e879fb&id=%E5%8C%97%E4%BA%AC%E5%8D%AB%E8%A7%86&type=yy, From: subscribe, IPv_Type: ipv6, Location: 美国, ISP: CloudFlare Inc., Date: None, Delay: -1 ms, Speed: 0.00 M/s, Resolution: None
Name: 北京卫视, URL: https://migu.188766.xyz/?migutoken=ad65821a37ebb0654608f20412b85165&id=%E5%8C%97%E4%BA%AC%E5%8D%AB%E8%A7%86&type=yy, From: subscribe, IPv_Type: ipv6, Location: 美国, ISP: CloudFlare Inc., Date: None, Delay: -1 ms, Speed: 0.00 M/s, Resolution: None
Name: 北京卫视, URL: https://migu.188766.xyz/?migutoken=3fcfe6747e27590d5cbc2d8ab0b88bfe&id=%E5%8C%97%E4%BA%AC%E5%8D%AB%E8%A7%86&type=yy, From: subscribe, IPv_Type: ipv6, Location: 美国, ISP: CloudFlare Inc., Date: None, Delay: -1 ms, Speed: 0.00 M/s, Resolution: None
Name: 北京卫视, URL: https://migu.188766.xyz/?migutoken=65c61272d97cd518f0e80aa6205f4e6f&id=%E5%8C%97%E4%BA%AC%E5%8D%AB%E8%A7%86&type=yy, From: subscribe, IPv_Type: ipv6, Location: 美国, ISP: CloudFlare Inc., Date: None, Delay: -1 ms, Speed: 0.00 M/s, Resolution: None
Name: 北京卫视, URL: https://tv.iill.top/migu/bjws&token=cc939526aed05a9c3f42c88c61fb8cb76c2acee2ebd65691e243451029eb7b84, From: subscribe, IPv_Type: ipv6, Location: 美国, ISP: CloudFlare Inc., Date: None, Delay: -1 ms, Speed: 0.00 M/s, Resolution: None
Name: 北京卫视, URL: https://migu.188766.xyz/?migutoken=e9421ad223ceade3672fe449cf2db4c2&id=%E5%8C%97%E4%BA%AC%E5%8D%AB%E8%A7%86&type=yy, From: subscribe, IPv_Type: ipv6, Location: 美国, ISP: CloudFlare Inc., Date: None, Delay: -1 ms, Speed: 0.00 M/s, Resolution: None
Name: 北京卫视, URL: http://ott.mobaibox.com/PLTV/4/224/3221227896/index.m3u8, From: subscribe, IPv_Type: ipv6, Location: 中国, ISP: 中国移动, Date: None, Delay: -1 ms, Speed: 0.00 M/s, Resolution: None
Name: 北京卫视, URL: http://tvgslb.hn.chinamobile.com:8089/180000001002/00000000000000020000000000182564/main.m3u8?stbid=, From: subscribe, IPv_Type: ipv6, Location: 中国, ISP: 中国移动, Date: None, Delay: -1 ms, Speed: 0.00 M/s, Resolution: None
Name: 北京卫视, URL: http://tvgslb.hn.chinamobile.com:8089/180000001002/00000001000000000008000000047443/main.m3u8?stbid=, From: subscribe, IPv_Type: ipv6, Location: 中国, ISP: 中国移动, Date: None, Delay: -1 ms, Speed: 0.00 M/s, Resolution: None
Name: 北京卫视, URL: http://hwltc.tv.cdn.zj.chinamobile.com/PLTV/88888888/224/3221236241/index.m3u8, From: subscribe, IPv_Type: ipv6, Location: 中国, ISP: 中国移动, Date: None, Delay: -1 ms, Speed: 0.00 M/s, Resolution: None
Name: 北京卫视, URL: http://hwottcdn.ln.chinamobile.com/PLTV/11/224/3221226185/index.m3u8, From: subscribe, IPv_Type: ipv6, Location: 中国, ISP: 中国移动, Date: None, Delay: -1 ms, Speed: 0.00 M/s, Resolution: None
Name: 北京卫视, URL: http://hwottcdn.ln.chinamobile.com/PLTV/11/224/3221226823/index.m3u8, From: subscribe, IPv_Type: ipv6, Location: 中国, ISP: 中国移动, Date: None, Delay: -1 ms, Speed: 0.00 M/s, Resolution: None
Name: 北京卫视, URL: http://hwottcdn.ln.chinamobile.com/PLTV/11/224/3221226195/index.m3u8, From: subscribe, IPv_Type: ipv6, Location: 中国, ISP: 中国移动, Date: None, Delay: -1 ms, Speed: 0.00 M/s, Resolution: None
Name: 北京卫视, URL: http://hwottcdn.ln.chinamobile.com/PLTV/11/224/3221226666/index.m3u8, From: subscribe, IPv_Type: ipv6, Location: 中国, ISP: 中国移动, Date: None, Delay: -1 ms, Speed: 0.00 M/s, Resolution: None
Name: 北京卫视, URL: http://hwottcdn.ln.chinamobile.com/PLTV/11/224/3221226724/index.m3u8, From: subscribe, IPv_Type: ipv6, Location: 中国, ISP: 中国移动, Date: None, Delay: -1 ms, Speed: 0.00 M/s, Resolution: None
Name: 北京卫视, URL: http://hwottcdn.ln.chinamobile.com/PLTV/11/224/3221227340/index.m3u8, From: subscribe, IPv_Type: ipv6, Location: 中国, ISP: 中国移动, Date: None, Delay: -1 ms, Speed: 0.00 M/s, Resolution: None
Name: 北京卫视, URL: http://iptvrr.sh.chinamobile.com:6060/cms001/ch00000090990000001029/index.m3u8, From: subscribe, IPv_Type: ipv6, Location: 中国, ISP: 中国移动, Date: None, Delay: -1 ms, Speed: 0.00 M/s, Resolution: None
Name: 北京卫视, URL: http://k.061899.xyz/k.php?id=bjws, From: subscribe, IPv_Type: ipv6, Location: 新加坡, ISP: Aceville Pte.Ltd., Date: None, Delay: -1 ms, Speed: 0.00 M/s, Resolution: None
Name: 北京卫视, URL: http://ott.mobaibox.com/PLTV/3/224/3221227508/index.m3u8, From: subscribe, IPv_Type: ipv6, Location: 中国, ISP: 中国移动, Date: None, Delay: -1 ms, Speed: 0.00 M/s, Resolution: None
Name: 北京卫视, URL: https://tv.iill.top/migu/bjws&token=7ce15d51da8e60be86cc1bde4d856274b2bd781528e9f64ff1d7d9370b9d7268, From: subscribe, IPv_Type: ipv6, Location: 美国, ISP: CloudFlare Inc., Date: None, Delay: -1 ms, Speed: 0.00 M/s, Resolution: None
Name: 北京卫视, URL: https://migu.188766.xyz/?migutoken=cf7a6d07fa5f81e3887a0070503004f6&id=%E5%8C%97%E4%BA%AC%E5%8D%AB%E8%A7%86&type=yy, From: subscribe, IPv_Type: ipv6, Location: 美国, ISP: CloudFlare Inc., Date: None, Delay: -1 ms, Speed: 0.00 M/s, Resolution: None
Name: 北京卫视, URL: https://tv.iill.top/migu/bjws&token=ea4803836ab3759697c651bbaf9b16d10a6339fab2e1a980e276b15296478409, From: subscribe, IPv_Type: ipv6, Location: 美国, ISP: CloudFlare Inc., Date: None, Delay: -1 ms, Speed: 0.00 M/s, Resolution: None
Name: 北京卫视, URL: https://migu.188766.xyz/?migutoken=c693fa3032a2f11f2dbcc38fbfc1bea1&id=%E5%8C%97%E4%BA%AC%E5%8D%AB%E8%A7%86&type=yy, From: subscribe, IPv_Type: ipv6, Location: 美国, ISP: CloudFlare Inc., Date: None, Delay: -1 ms, Speed: 0.00 M/s, Resolution: None
Name: 北京卫视, URL: https://tv.iill.top/migu/bjws&token=3715e56a43ff137fc781c87e8f3354f0b0b81779b6440c51e75f763fd7e1c640, From: subscribe, IPv_Type: ipv6, Location: 美国, ISP: CloudFlare Inc., Date: None, Delay: -1 ms, Speed: 0.00 M/s, Resolution: None
Name: 北京卫视, URL: https://migu.188766.xyz/?migutoken=e5dce9dd0e80da54cf3887327ec71efe&id=%E5%8C%97%E4%BA%AC%E5%8D%AB%E8%A7%86&type=yy, From: subscribe, IPv_Type: ipv6, Location: 美国, ISP: CloudFlare Inc., Date: None, Delay: -1 ms, Speed: 0.00 M/s, Resolution: None
Name: 北京卫视, URL: https://migu.188766.xyz/?migutoken=b9760ec93f5733335005c7294618ef0d&id=%E5%8C%97%E4%BA%AC%E5%8D%AB%E8%A7%86&type=yy, From: subscribe, IPv_Type: ipv6, Location: 美国, ISP: CloudFlare Inc., Date: None, Delay: -1 ms, Speed: 0.00 M/s, Resolution: None
Name: 北京卫视, URL: https://tv.iill.top/migu/bjws&token=7d321042b2f5789d57294578c80935696c5c1326ca57bc4bb58174e879b25dd6, From: subscribe, IPv_Type: ipv6, Location: 美国, ISP: CloudFlare Inc., Date: None, Delay: -1 ms, Speed: 0.00 M/s, Resolution: None
Name: 北京卫视, URL: https://migu.188766.xyz/?migutoken=af72eb9240a7b0df38662575708c6f09&id=%E5%8C%97%E4%BA%AC%E5%8D%AB%E8%A7%86&type=yy, From: subscribe, IPv_Type: ipv6, Location: 美国, ISP: CloudFlare Inc., Date: None, Delay: -1 ms, Speed: 0.00 M/s, Resolution: None
Name: 北京卫视, URL: https://tv.iill.top/migu/bjws&token=d25986dec232345e7d991eb80f90d884b6037b42c12c8b793d52ff710cbe29b7, From: subscribe, IPv_Type: ipv6, Location: 美国, ISP: CloudFlare Inc., Date: None, Delay: -1 ms, Speed: 0.00 M/s, Resolution: None
Name: 北京卫视, URL: https://migu.188766.xyz/?migutoken=7456c6182aee141001192f1b2df1ffae&id=%E5%8C%97%E4%BA%AC%E5%8D%AB%E8%A7%86&type=yy, From: subscribe, IPv_Type: ipv6, Location: 美国, ISP: CloudFlare Inc., Date: None, Delay: -1 ms, Speed: 0.00 M/s, Resolution: None
Name: 北京卫视, URL: https://migu.188766.xyz/?migutoken=6df297d6e2210dccdedb707b64936d99&id=%E5%8C%97%E4%BA%AC%E5%8D%AB%E8%A7%86&type=yy, From: subscribe, IPv_Type: ipv6, Location: 美国, ISP: CloudFlare Inc., Date: None, Delay: -1 ms, Speed: 0.00 M/s, Resolution: None
Name: 北京卫视, URL: https://migu.188766.xyz/?migutoken=ac4bf4fae6115f45517415959456bcfd&id=%E5%8C%97%E4%BA%AC%E5%8D%AB%E8%A7%86&type=yy, From: subscribe, IPv_Type: ipv6, Location: 美国, ISP: CloudFlare Inc., Date: None, Delay: -1 ms, Speed: 0.00 M/s, Resolution: None
Name: 北京卫视, URL: https://migu.188766.xyz/?migutoken=b2eb520f7b9995461bf83f18e560f885&id=%E5%8C%97%E4%BA%AC%E5%8D%AB%E8%A7%86&type=yy, From: subscribe, IPv_Type: ipv6, Location: 美国, ISP: CloudFlare Inc., Date: None, Delay: -1 ms, Speed: 0.00 M/s, Resolution: None
Name: 北京卫视, URL: https://migu.188766.xyz/?migutoken=3ac720f26f41d36272731359abf8284f&id=%E5%8C%97%E4%BA%AC%E5%8D%AB%E8%A7%86&type=yy, From: subscribe, IPv_Type: ipv6, Location: 美国, ISP: CloudFlare Inc., Date: None, Delay: -1 ms, Speed: 0.00 M/s, Resolution: None
Name: 北京卫视, URL: https://migu.188766.xyz/?migutoken=413c6ccfaa783f175b856fbe48386f82&id=%E5%8C%97%E4%BA%AC%E5%8D%AB%E8%A7%86&type=yy, From: subscribe, IPv_Type: ipv6, Location: 美国, ISP: CloudFlare Inc., Date: None, Delay: -1 ms, Speed: 0.00 M/s, Resolution: None
Name: 北京卫视, URL: https://iptv.catvod.com/live.php?id=%E5%8C%97%E4%BA%AC%E5%8D%AB%E8%A7%86, From: subscribe, IPv_Type: ipv4, Location: 美国-加利福尼亚州-洛杉矶, ISP: IT7网络, Date: None, Delay: 28 ms, Speed: 33.68 M/s, Resolution: 1920x1080
Name: 北京卫视, URL: http://23.237.228.134/live3/beijing.m3u8, From: subscribe, IPv_Type: ipv4, Location: 北美地区, ISP: , Date: None, Delay: 101 ms, Speed: 21.66 M/s, Resolution: 1920x1080
Name: 北京卫视, URL: http://38.75.136.137:98/gslb/dsdqbv/bjwshd.m3u8?auth=test20251009, From: subscribe, IPv_Type: ipv4, Location: 美国-伊利诺伊州-库克, ISP: Cogent, Date: None, Delay: 880 ms, Speed: 4.38 M/s, Resolution: 1920x1080
Name: 北京卫视, URL: http://satellitepull.cnr.cn/live/wxbtv/playlist.m3u8, From: subscribe, IPv_Type: ipv4, Location: 美国-德克萨斯州-达拉斯, ISP: 网宿科技CDN节点, Date: None, Delay: 35 ms, Speed: 2.81 M/s, Resolution: None
Name: 北京卫视, URL: http://38.75.136.137:98/gslb/dsdqpub/bjwshd.m3u8?auth=testpub, From: subscribe, IPv_Type: ipv4, Location: 美国-伊利诺伊州-库克, ISP: Cogent, Date: None, Delay: 4784 ms, Speed: 0.79 M/s, Resolution: 1920x1080
Name: 湖北卫视, URL: https://www.freetv.top/migu/947472496.m3u8?migutoken=c56229d02181e89502a31fa68a1d48da87a7d6a4964ef5258a8a1d13184947ea319f3785d758e1ca848971c9971b1300f65292cde26f5cb2902c9b103ac517b75c65bb0f9261dd650e6d2eab3b, From: subscribe, IPv_Type: ipv6, Location: 美国-加利福尼亚州-圣克拉拉, ISP: DigitalOcean, Date: None, Delay: 41 ms, Speed: 10.37 M/s, Resolution: 1920x1080
Name: 湖北卫视, URL: https://www.freetv.top/migu/947472496.m3u8?migutoken=6e75d82b1b232311c23771e74b407d98c985d05aa880e338100643456110a36f1f29adbc71e79dc1f8a732de02c1b7718c9c67890b0409f2eea4bb084ad1c64ab326df0581b1d3eec95dc7e6b8, From: subscribe, IPv_Type: ipv6, Location: 美国-加利福尼亚州-圣克拉拉, ISP: DigitalOcean, Date: None, Delay: 63 ms, Speed: 7.13 M/s, Resolution: 1920x1080
Name: 湖北卫视, URL: https://migu.188766.xyz/?migutoken=425c52a7d78b552316aacff8ae8c6737&id=%E6%B9%96%E5%8C%97%E5%8D%AB%E8%A7%86&type=yy, From: subscribe, IPv_Type: ipv6, Location: 美国, ISP: CloudFlare Inc., Date: None, Delay: -1 ms, Speed: 0.00 M/s, Resolution: None
Name: 湖北卫视, URL: http://gslbmgsplive.miguvideo.com/wd_r2/2018/ocn/hubeiwshd/1000/index.m3u8?msisdn=202512090803257ea887509f714ec28b1b1512dc826781&mdspid=&spid=600633&netType=0&sid=5910022163&pid=2028597139&timestamp=20251209080325&Channel_ID=0116_2600037000-99000-200300220100002&ProgramID=947472496&ParentNodeID=-99&assertID=5910022163&client_ip=218.28.233.106&SecurityKey=20251209080325&promotionId=&mvid=5900004355&mcid=500020&playurlVersion=WX-A1-8.11.2-RELEASE&userid=&jmhm=&videocodec=h264&appCode=miguvideo_android&bean=mgspad&tid=android&conFee=0&puData=6bafe6527a599a1211645cb4a64a9ae8&ddCalcu=86ebvaaa9fyaea4665a247bac559496a1112&sv=10004&ct=android, From: subscribe, IPv_Type: ipv6, Location: 中国, ISP: 中国移动, Date: None, Delay: -1 ms, Speed: 0.00 M/s, Resolution: None
Name: 湖北卫视, URL: https://migu.188766.xyz/?migutoken=4dddd45cc22828bd089ad2690e0e4ed3&id=%E6%B9%96%E5%8C%97%E5%8D%AB%E8%A7%86&type=yy, From: subscribe, IPv_Type: ipv6, Location: 美国, ISP: CloudFlare Inc., Date: None, Delay: -1 ms, Speed: 0.00 M/s, Resolution: None
Name: 湖北卫视, URL: https://migu.188766.xyz/?migutoken=f5f7431b9659c054197996ce9238bb74&id=%E6%B9%96%E5%8C%97%E5%8D%AB%E8%A7%86&type=yy, From: subscribe, IPv_Type: ipv6, Location: 美国, ISP: CloudFlare Inc., Date: None, Delay: -1 ms, Speed: 0.00 M/s, Resolution: None
Name: 湖北卫视, URL: https://migu.188766.xyz/?migutoken=0ae68c42a706c291c947dec4643f0504&id=%E6%B9%96%E5%8C%97%E5%8D%AB%E8%A7%86&type=yy, From: subscribe, IPv_Type: ipv6, Location: 美国, ISP: CloudFlare Inc., Date: None, Delay: -1 ms, Speed: 0.00 M/s, Resolution: None
Name: 湖北卫视, URL: https://migu.188766.xyz/?migutoken=d6cbf7626aa0ad0da379aa0530c00580&id=%E6%B9%96%E5%8C%97%E5%8D%AB%E8%A7%86&type=yy, From: subscribe, IPv_Type: ipv6, Location: 美国, ISP: CloudFlare Inc., Date: None, Delay: -1 ms, Speed: 0.00 M/s, Resolution: None
Name: 湖北卫视, URL: https://migu.188766.xyz/?migutoken=3836ac0ba37b90fdee72cbdb0dc27791&id=%E6%B9%96%E5%8C%97%E5%8D%AB%E8%A7%86&type=yy, From: subscribe, IPv_Type: ipv6, Location: 美国, ISP: CloudFlare Inc., Date: None, Delay: -1 ms, Speed: 0.00 M/s, Resolution: None
Name: 湖北卫视, URL: https://migu.188766.xyz/?migutoken=e2f2344330fe598cab828f2594dc1b7f&id=%E6%B9%96%E5%8C%97%E5%8D%AB%E8%A7%86&type=yy, From: subscribe, IPv_Type: ipv6, Location: 美国, ISP: CloudFlare Inc., Date: None, Delay: -1 ms, Speed: 0.00 M/s, Resolution: None
Name: 湖北卫视, URL: https://migu.188766.xyz/?migutoken=40a3a9fd5d60074c09e142f551f0a33b&id=%E6%B9%96%E5%8C%97%E5%8D%AB%E8%A7%86&type=yy, From: subscribe, IPv_Type: ipv6, Location: 美国, ISP: CloudFlare Inc., Date: None, Delay: -1 ms, Speed: 0.00 M/s, Resolution: None
Name: 湖北卫视, URL: https://migu.188766.xyz/?migutoken=5899764909c74bae1df172144aaa00e5&id=%E6%B9%96%E5%8C%97%E5%8D%AB%E8%A7%86&type=yy, From: subscribe, IPv_Type: ipv6, Location: 美国, ISP: CloudFlare Inc., Date: None, Delay: -1 ms, Speed: 0.00 M/s, Resolution: None
Name: 湖北卫视, URL: https://migu.188766.xyz/?migutoken=bce9ab7a1c0d3e0f3607457478ed3a4e&id=%E6%B9%96%E5%8C%97%E5%8D%AB%E8%A7%86&type=yy, From: subscribe, IPv_Type: ipv6, Location: 美国, ISP: CloudFlare Inc., Date: None, Delay: -1 ms, Speed: 0.00 M/s, Resolution: None
Name: 湖北卫视, URL: https://migu.188766.xyz/?migutoken=e1c7dff05a5beb224081f27e04a4c584&id=%E6%B9%96%E5%8C%97%E5%8D%AB%E8%A7%86&type=yy, From: subscribe, IPv_Type: ipv6, Location: 美国, ISP: CloudFlare Inc., Date: None, Delay: -1 ms, Speed: 0.00 M/s, Resolution: None
Name: 湖北卫视, URL: https://migu.188766.xyz/?migutoken=3768534ca02598a3d58ac194f2ef5d81&id=%E6%B9%96%E5%8C%97%E5%8D%AB%E8%A7%86&type=yy, From: subscribe, IPv_Type: ipv6, Location: 美国, ISP: CloudFlare Inc., Date: None, Delay: -1 ms, Speed: 0.00 M/s, Resolution: None
Name: 湖北卫视, URL: https://migu.188766.xyz/?migutoken=7015216258c1817f25c2d8c1388cc1fb&id=%E6%B9%96%E5%8C%97%E5%8D%AB%E8%A7%86&type=yy, From: subscribe, IPv_Type: ipv6, Location: 美国, ISP: CloudFlare Inc., Date: None, Delay: -1 ms, Speed: 0.00 M/s, Resolution: None
Name: 湖北卫视, URL: https://migu.188766.xyz/?migutoken=163e799e467fe4a33bdc42f2439b219e&id=%E6%B9%96%E5%8C%97%E5%8D%AB%E8%A7%86&type=yy, From: subscribe, IPv_Type: ipv6, Location: 美国, ISP: CloudFlare Inc., Date: None, Delay: -1 ms, Speed: 0.00 M/s, Resolution: None
Name: 湖北卫视, URL: https://migu.188766.xyz/?migutoken=e5c2080677e9a8a4a62144ec1162455b&id=%E6%B9%96%E5%8C%97%E5%8D%AB%E8%A7%86&type=yy, From: subscribe, IPv_Type: ipv6, Location: 美国, ISP: CloudFlare Inc., Date: None, Delay: -1 ms, Speed: 0.00 M/s, Resolution: None
Name: 湖北卫视, URL: https://migu.188766.xyz/?migutoken=22034e0e3e959ea29aa92ad829b67b3a&id=%E6%B9%96%E5%8C%97%E5%8D%AB%E8%A7%86&type=yy, From: subscribe, IPv_Type: ipv6, Location: 美国, ISP: CloudFlare Inc., Date: None, Delay: -1 ms, Speed: 0.00 M/s, Resolution: None
Name: 湖北卫视, URL: https://migu.188766.xyz/?migutoken=ca1b0033399881c43ba2adb250897839&id=%E6%B9%96%E5%8C%97%E5%8D%AB%E8%A7%86&type=yy, From: subscribe, IPv_Type: ipv6, Location: 美国, ISP: CloudFlare Inc., Date: None, Delay: -1 ms, Speed: 0.00 M/s, Resolution: None
Name: 湖北卫视, URL: http://hwottcdn.ln.chinamobile.com/PLTV/11/224/3221227230/index.m3u8, From: subscribe, IPv_Type: ipv6, Location: 中国, ISP: 中国移动, Date: None, Delay: -1 ms, Speed: 0.00 M/s, Resolution: None
Name: 湖北卫视, URL: http://hwottcdn.ln.chinamobile.com/PLTV/11/224/3221226162/index.m3u8, From: subscribe, IPv_Type: ipv6, Location: 中国, ISP: 中国移动, Date: None, Delay: -1 ms, Speed: 0.00 M/s, Resolution: None
Name: 湖北卫视, URL: http://hwltc.tv.cdn.zj.chinamobile.com/PLTV/88888888/224/3221236271/index.m3u8, From: subscribe, IPv_Type: ipv6, Location: 中国, ISP: 中国移动, Date: None, Delay: -1 ms, Speed: 0.00 M/s, Resolution: None
Name: 湖北卫视, URL: http://k.061899.xyz/k.php?id=hubws, From: subscribe, IPv_Type: ipv6, Location: 新加坡, ISP: Aceville Pte.Ltd., Date: None, Delay: -1 ms, Speed: 0.00 M/s, Resolution: None
Name: 湖北卫视, URL: http://hwottcdn.ln.chinamobile.com/PLTV/11/224/3221226705/index.m3u8, From: subscribe, IPv_Type: ipv6, Location: 中国, ISP: 中国移动, Date: None, Delay: -1 ms, Speed: 0.00 M/s, Resolution: None
Name: 湖北卫视, URL: http://iptvrr.sh.chinamobile.com:6060/cms001/ch00000090990000001027/index.m3u8, From: subscribe, IPv_Type: ipv6, Location: 中国, ISP: 中国移动, Date: None, Delay: -1 ms, Speed: 0.00 M/s, Resolution: None
Name: 湖北卫视, URL: http://hwottcdn.ln.chinamobile.com/PLTV/11/224/3221226877/index.m3u8, From: subscribe, IPv_Type: ipv6, Location: 中国, ISP: 中国移动, Date: None, Delay: -1 ms, Speed: 0.00 M/s, Resolution: None
Name: 湖北卫视, URL: http://tvgslb.hn.chinamobile.com:8089/180000001002/00000000000000020000000000182285/main.m3u8?stbid=, From: subscribe, IPv_Type: ipv6, Location: 中国, ISP: 中国移动, Date: None, Delay: -1 ms, Speed: 0.00 M/s, Resolution: None
Name: 湖北卫视, URL: http://tvgslb.hn.chinamobile.com:8089/180000001002/00000001000000000008000000047447/main.m3u8?stbid=, From: subscribe, IPv_Type: ipv6, Location: 中国, ISP: 中国移动, Date: None, Delay: -1 ms, Speed: 0.00 M/s, Resolution: None
Name: 湖北卫视, URL: http://ott.mobaibox.com/PLTV/3/224/3221227479/index.m3u8, From: subscribe, IPv_Type: ipv6, Location: 中国, ISP: 中国移动, Date: None, Delay: -1 ms, Speed: 0.00 M/s, Resolution: None
Name: 湖北卫视, URL: https://migu.188766.xyz/?migutoken=b3ca91c05b39f2bd87e8a1887e917cf9&id=%E6%B9%96%E5%8C%97%E5%8D%AB%E8%A7%86&type=yy, From: subscribe, IPv_Type: ipv6, Location: 美国, ISP: CloudFlare Inc., Date: None, Delay: -1 ms, Speed: 0.00 M/s, Resolution: None
Name: 湖北卫视, URL: https://migu.188766.xyz/?migutoken=3dfd618ab90303b83d1a0192859294e0&id=%E6%B9%96%E5%8C%97%E5%8D%AB%E8%A7%86&type=yy, From: subscribe, IPv_Type: ipv6, Location: 美国, ISP: CloudFlare Inc., Date: None, Delay: -1 ms, Speed: 0.00 M/s, Resolution: None
Name: 湖北卫视, URL: https://migu.188766.xyz/?migutoken=28e3fca758da2dd2f30b6475cb965890&id=%E6%B9%96%E5%8C%97%E5%8D%AB%E8%A7%86&type=yy, From: subscribe, IPv_Type: ipv6, Location: 美国, ISP: CloudFlare Inc., Date: None, Delay: -1 ms, Speed: 0.00 M/s, Resolution: None
Name: 湖北卫视, URL: https://migu.188766.xyz/?migutoken=7d642c583b9d3204097ba740ef911a95&id=%E6%B9%96%E5%8C%97%E5%8D%AB%E8%A7%86&type=yy, From: subscribe, IPv_Type: ipv6, Location: 美国, ISP: CloudFlare Inc., Date: None, Delay: -1 ms, Speed: 0.00 M/s, Resolution: None
Name: 湖北卫视, URL: https://migu.188766.xyz/?migutoken=468efcda22526731bb02619d4ba25dde&id=%E6%B9%96%E5%8C%97%E5%8D%AB%E8%A7%86&type=yy, From: subscribe, IPv_Type: ipv6, Location: 美国, ISP: CloudFlare Inc., Date: None, Delay: -1 ms, Speed: 0.00 M/s, Resolution: None
Name: 湖北卫视, URL: https://migu.188766.xyz/?migutoken=171b32de56a5de4109d3585a04899d7b&id=%E6%B9%96%E5%8C%97%E5%8D%AB%E8%A7%86&type=yy, From: subscribe, IPv_Type: ipv6, Location: 美国, ISP: CloudFlare Inc., Date: None, Delay: -1 ms, Speed: 0.00 M/s, Resolution: None
Name: 湖北卫视, URL: https://migu.188766.xyz/?migutoken=c78c7b8b611b5bf5eb14353853cb1260&id=%E6%B9%96%E5%8C%97%E5%8D%AB%E8%A7%86&type=yy, From: subscribe, IPv_Type: ipv6, Location: 美国, ISP: CloudFlare Inc., Date: None, Delay: -1 ms, Speed: 0.00 M/s, Resolution: None
Name: 湖北卫视, URL: https://migu.188766.xyz/?migutoken=d3923a6854d71a1f3c22f63591cf3ae6&id=%E6%B9%96%E5%8C%97%E5%8D%AB%E8%A7%86&type=yy, From: subscribe, IPv_Type: ipv6, Location: 美国, ISP: CloudFlare Inc., Date: None, Delay: -1 ms, Speed: 0.00 M/s, Resolution: None
Name: 湖北卫视, URL: https://migu.188766.xyz/?migutoken=d34a364bdaf9fe64ab04e95a963621ef&id=%E6%B9%96%E5%8C%97%E5%8D%AB%E8%A7%86&type=yy, From: subscribe, IPv_Type: ipv6, Location: 美国, ISP: CloudFlare Inc., Date: None, Delay: -1 ms, Speed: 0.00 M/s, Resolution: None
Name: 湖北卫视, URL: https://migu.188766.xyz/?migutoken=0774687d59ab28edda2534483a5ce7b1&id=%E6%B9%96%E5%8C%97%E5%8D%AB%E8%A7%86&type=yy, From: subscribe, IPv_Type: ipv6, Location: 美国, ISP: CloudFlare Inc., Date: None, Delay: -1 ms, Speed: 0.00 M/s, Resolution: None
Name: 湖北卫视, URL: https://migu.188766.xyz/?migutoken=79ee4d1ebb943983db9e1c7effbbf2d2&id=%E6%B9%96%E5%8C%97%E5%8D%AB%E8%A7%86&type=yy, From: subscribe, IPv_Type: ipv6, Location: 美国, ISP: CloudFlare Inc., Date: None, Delay: -1 ms, Speed: 0.00 M/s, Resolution: None
Name: 湖北卫视, URL: https://iptv.catvod.com/live.php?id=%E6%B9%96%E5%8C%97%E5%8D%AB%E8%A7%86, From: subscribe, IPv_Type: ipv4, Location: 美国-加利福尼亚州-洛杉矶, ISP: IT7网络, Date: None, Delay: 25 ms, Speed: 41.05 M/s, Resolution: 1920x1080
Name: 湖北卫视, URL: http://23.237.228.134/live6/hubei.m3u8, From: subscribe, IPv_Type: ipv4, Location: 北美地区, ISP: , Date: None, Delay: 1320 ms, Speed: 4.63 M/s, Resolution: 1920x1080
Name: 黑龙江卫视, URL: http://l.cztvcloud.com/channels/lantian/SXyuyao3/720p.m3u8, From: subscribe, IPv_Type: ipv6, Location: 中国-江苏-常州, ISP: 电信, Date: None, Delay: 2294 ms, Speed: 0.50 M/s, Resolution: 1920x1080
Name: 黑龙江卫视, URL: http://k.061899.xyz/k.php?id=hljws, From: subscribe, IPv_Type: ipv6, Location: 新加坡, ISP: Aceville Pte.Ltd., Date: None, Delay: -1 ms, Speed: 0.00 M/s, Resolution: None
Name: 黑龙江卫视, URL: http://tvgslb.hn.chinamobile.com:8089/180000001002/00000001000000000008000000047449/main.m3u8?stbid=, From: subscribe, IPv_Type: ipv6, Location: 中国, ISP: 中国移动, Date: None, Delay: -1 ms, Speed: 0.00 M/s, Resolution: None
Name: 黑龙江卫视, URL: http://tvgslb.hn.chinamobile.com:8089/180000001002/00000000000000020000000000182571/main.m3u8?stbid=, From: subscribe, IPv_Type: ipv6, Location: 中国, ISP: 中国移动, Date: None, Delay: -1 ms, Speed: 0.00 M/s, Resolution: None
Name: 黑龙江卫视, URL: http://iptvrr.sh.chinamobile.com:6060/cms001/ch00000090990000001031/index.m3u8, From: subscribe, IPv_Type: ipv6, Location: 中国, ISP: 中国移动, Date: None, Delay: -1 ms, Speed: 0.00 M/s, Resolution: None
Name: 黑龙江卫视, URL: http://hwottcdn.ln.chinamobile.com/PLTV/11/224/3221226749/index.m3u8, From: subscribe, IPv_Type: ipv6, Location: 中国, ISP: 中国移动, Date: None, Delay: -1 ms, Speed: 0.00 M/s, Resolution: None
Name: 黑龙江卫视, URL: http://ott.mobaibox.com/PLTV/3/224/3221227514/index.m3u8, From: subscribe, IPv_Type: ipv6, Location: 中国, ISP: 中国移动, Date: None, Delay: -1 ms, Speed: 0.00 M/s, Resolution: None
Name: 黑龙江卫视, URL: http://hwottcdn.ln.chinamobile.com/PLTV/11/224/3221226145/index.m3u8, From: subscribe, IPv_Type: ipv6, Location: 中国, ISP: 中国移动, Date: None, Delay: -1 ms, Speed: 0.00 M/s, Resolution: None
Name: 黑龙江卫视, URL: http://hwottcdn.ln.chinamobile.com/PLTV/11/224/3221226881/index.m3u8, From: subscribe, IPv_Type: ipv6, Location: 中国, ISP: 中国移动, Date: None, Delay: -1 ms, Speed: 0.00 M/s, Resolution: None
Name: 黑龙江卫视, URL: http://hwltc.tv.cdn.zj.chinamobile.com/PLTV/88888888/224/3221236226/index.m3u8, From: subscribe, IPv_Type: ipv6, Location: 中国, ISP: 中国移动, Date: None, Delay: -1 ms, Speed: 0.00 M/s, Resolution: None
Name: 黑龙江卫视, URL: http://hwottcdn.ln.chinamobile.com/PLTV/11/224/3221227288/index.m3u8, From: subscribe, IPv_Type: ipv6, Location: 中国, ISP: 中国移动, Date: None, Delay: -1 ms, Speed: 0.00 M/s, Resolution: None
Name: 黑龙江卫视, URL: https://t.freetv.fun/live/hei-long-jiang-wei-shi-6.m3u8, From: subscribe, IPv_Type: ipv6, Location: 美国, ISP: CloudFlare Inc., Date: None, Delay: -1 ms, Speed: 0.00 M/s, Resolution: None
Name: 黑龙江卫视, URL: https://iptv.catvod.com/live.php?id=%E9%BB%91%E9%BE%99%E6%B1%9F%E5%8D%AB%E8%A7%86, From: subscribe, IPv_Type: ipv4, Location: 美国-加利福尼亚州-洛杉矶, ISP: IT7网络, Date: None, Delay: 38 ms, Speed: 36.17 M/s, Resolution: 1920x1080
Name: 黑龙江卫视, URL: http://38.75.136.137:98/gslb/dsdqpub/hljwshd.m3u8?auth=testpub, From: subscribe, IPv_Type: ipv4, Location: 美国-伊利诺伊州-库克, ISP: Cogent, Date: None, Delay: 24 ms, Speed: 0.00 M/s, Resolution: 1920x1080
Name: 安徽卫视, URL: http://tvgslb.hn.chinamobile.com:8089/180000001002/00000001000000000016000000007224/main.m3u8?stbid=, From: subscribe, IPv_Type: ipv6, Location: 中国, ISP: 中国移动, Date: None, Delay: -1 ms, Speed: 0.00 M/s, Resolution: None
Name: 安徽卫视, URL: http://hwottcdn.ln.chinamobile.com/PLTV/11/224/3221226746/index.m3u8, From: subscribe, IPv_Type: ipv6, Location: 中国, ISP: 中国移动, Date: None, Delay: -1 ms, Speed: 0.00 M/s, Resolution: None
Name: 安徽卫视, URL: http://rrs01.hw.gmcc.net:8088/PLTV/81/224/3221226655/1.m3u8, From: subscribe, IPv_Type: ipv6, Location: 中国, ISP: 中国移动, Date: None, Delay: -1 ms, Speed: 0.00 M/s, Resolution: None
Name: 安徽卫视, URL: http://hwottcdn.ln.chinamobile.com/PLTV/11/224/3221227233/index.m3u8, From: subscribe, IPv_Type: ipv6, Location: 中国, ISP: 中国移动, Date: None, Delay: -1 ms, Speed: 0.00 M/s, Resolution: None
Name: 安徽卫视, URL: http://ott.mobaibox.com/PLTV/3/224/3221227558/index.m3u8, From: subscribe, IPv_Type: ipv6, Location: 中国, ISP: 中国移动, Date: None, Delay: -1 ms, Speed: 0.00 M/s, Resolution: None
Name: 安徽卫视, URL: http://hwottcdn.ln.chinamobile.com/PLTV/11/224/3221226196/index.m3u8, From: subscribe, IPv_Type: ipv6, Location: 中国, ISP: 中国移动, Date: None, Delay: -1 ms, Speed: 0.00 M/s, Resolution: None
Name: 安徽卫视, URL: http://hwottcdn.ln.chinamobile.com/PLTV/11/224/3221226856/index.m3u8, From: subscribe, IPv_Type: ipv6, Location: 中国, ISP: 中国移动, Date: None, Delay: -1 ms, Speed: 0.00 M/s, Resolution: None
Name: 安徽卫视, URL: http://iptvrr.sh.chinamobile.com:6060/cms001/ch00000090990000001037/index.m3u8, From: subscribe, IPv_Type: ipv6, Location: 中国, ISP: 中国移动, Date: None, Delay: -1 ms, Speed: 0.00 M/s, Resolution: None
Name: 安徽卫视, URL: http://tvgslb.hn.chinamobile.com:8089/180000001002/00000000000000020000000000182280/main.m3u8?stbid=, From: subscribe, IPv_Type: ipv6, Location: 中国, ISP: 中国移动, Date: None, Delay: -1 ms, Speed: 0.00 M/s, Resolution: None
Name: 安徽卫视, URL: http://k.061899.xyz/k.php?id=ahws, From: subscribe, IPv_Type: ipv6, Location: 新加坡, ISP: Aceville Pte.Ltd., Date: None, Delay: -1 ms, Speed: 0.00 M/s, Resolution: None
Name: 安徽卫视, URL: http://hwltc.tv.cdn.zj.chinamobile.com/PLTV/88888888/224/3221236177/index.m3u8, From: subscribe, IPv_Type: ipv6, Location: 中国, ISP: 中国移动, Date: None, Delay: -1 ms, Speed: 0.00 M/s, Resolution: None
Name: 安徽卫视, URL: https://t.freetv.fun/live/an-hui-wei-shi.m3u8, From: subscribe, IPv_Type: ipv6, Location: 美国, ISP: CloudFlare Inc., Date: None, Delay: -1 ms, Speed: 0.00 M/s, Resolution: None
Name: 安徽卫视, URL: https://iptv.catvod.com/live.php?id=%E5%AE%89%E5%BE%BD%E5%8D%AB%E8%A7%86, From: subscribe, IPv_Type: ipv4, Location: 美国-加利福尼亚州-洛杉矶, ISP: IT7网络, Date: None, Delay: 25 ms, Speed: 41.18 M/s, Resolution: 1920x1080
Name: 安徽卫视, URL: http://23.237.228.134/live8/anhui.m3u8, From: subscribe, IPv_Type: ipv4, Location: 北美地区, ISP: , Date: None, Delay: 1670 ms, Speed: 3.26 M/s, Resolution: 1920x1080
Name: 重庆卫视, URL: http://gslbmgsplive.miguvideo.com/envivo_x/2018/SD/chongqing/1000/index.m3u8?msisdn=202512090803363f7854e5c40c4b3aae86db6fc3cabda6&mdspid=&spid=600697&netType=0&sid=5910022305&pid=2028597139&timestamp=20251209080336&Channel_ID=0116_2600037000-99000-200300220100002&ProgramID=738910914&ParentNodeID=-99&assertID=5910022305&client_ip=218.28.233.106&SecurityKey=20251209080336&promotionId=&mvid=5900004329&mcid=500020&playurlVersion=WX-A1-8.11.2-RELEASE&userid=&jmhm=&videocodec=h264&appCode=miguvideo_android&bean=mgspad&tid=android&conFee=0&puData=d179f6fe906c9c56f7ecb41a35e136a6&ddCalcu=6da1v67a39l1fae65f3ea91046bcc9ec75f6&sv=10004&ct=android, From: subscribe, IPv_Type: ipv6, Location: 中国, ISP: 中国移动, Date: None, Delay: -1 ms, Speed: 0.00 M/s, Resolution: None
Name: 重庆卫视, URL: http://tvgslb.hn.chinamobile.com:8089/180000001002/00000001000000000064000000308825/main.m3u8?stbid=, From: subscribe, IPv_Type: ipv6, Location: 中国, ISP: 中国移动, Date: None, Delay: -1 ms, Speed: 0.00 M/s, Resolution: None
Name: 重庆卫视, URL: http://tvgslb.hn.chinamobile.com:8089/180000001002/00000000000000020000000000182258/main.m3u8?stbid=, From: subscribe, IPv_Type: ipv6, Location: 中国, ISP: 中国移动, Date: None, Delay: -1 ms, Speed: 0.00 M/s, Resolution: None
Name: 重庆卫视, URL: http://iptvrr.sh.chinamobile.com:6060/cms001/ch00000090990000001129/index.m3u8, From: subscribe, IPv_Type: ipv6, Location: 中国, ISP: 中国移动, Date: None, Delay: -1 ms, Speed: 0.00 M/s, Resolution: None
Name: 重庆卫视, URL: http://hwltc.tv.cdn.zj.chinamobile.com/PLTV/88888888/224/3221236292/index.m3u8, From: subscribe, IPv_Type: ipv6, Location: 中国, ISP: 中国移动, Date: None, Delay: -1 ms, Speed: 0.00 M/s, Resolution: None
Name: 重庆卫视, URL: http://hwottcdn.ln.chinamobile.com/PLTV/11/224/3221226169/index.m3u8, From: subscribe, IPv_Type: ipv6, Location: 中国, ISP: 中国移动, Date: None, Delay: -1 ms, Speed: 0.00 M/s, Resolution: None
Name: 重庆卫视, URL: http://hwottcdn.ln.chinamobile.com/PLTV/11/224/3221226868/index.m3u8, From: subscribe, IPv_Type: ipv6, Location: 中国, ISP: 中国移动, Date: None, Delay: -1 ms, Speed: 0.00 M/s, Resolution: None
Name: 重庆卫视, URL: http://hwottcdn.ln.chinamobile.com/PLTV/11/224/3221227227/index.m3u8, From: subscribe, IPv_Type: ipv6, Location: 中国, ISP: 中国移动, Date: None, Delay: -1 ms, Speed: 0.00 M/s, Resolution: None
Name: 重庆卫视, URL: http://hwottcdn.ln.chinamobile.com/PLTV/11/224/3221226737/index.m3u8, From: subscribe, IPv_Type: ipv6, Location: 中国, ISP: 中国移动, Date: None, Delay: -1 ms, Speed: 0.00 M/s, Resolution: None
Name: 重庆卫视, URL: http://k.061899.xyz/k.php?id=cqws, From: subscribe, IPv_Type: ipv6, Location: 新加坡, ISP: Aceville Pte.Ltd., Date: None, Delay: -1 ms, Speed: 0.00 M/s, Resolution: None
Name: 重庆卫视, URL: http://ott.mobaibox.com/PLTV/3/224/3221228133/index.m3u8, From: subscribe, IPv_Type: ipv6, Location: 中国, ISP: 中国移动, Date: None, Delay: -1 ms, Speed: 0.00 M/s, Resolution: None
Name: 重庆卫视, URL: https://iptv.catvod.com/live.php?id=%E9%87%8D%E5%BA%86%E5%8D%AB%E8%A7%86, From: subscribe, IPv_Type: ipv4, Location: 美国-加利福尼亚州-洛杉矶, ISP: IT7网络, Date: None, Delay: 25 ms, Speed: 42.12 M/s, Resolution: 1920x1080
Name: 重庆卫视, URL: http://23.237.228.134/live6/chongqing.m3u8, From: subscribe, IPv_Type: ipv4, Location: 北美地区, ISP: , Date: None, Delay: 110 ms, Speed: 20.31 M/s, Resolution: 1920x1080
Name: 重庆卫视, URL: http://38.75.136.137:98/gslb/dsdqpub/cqwshd.m3u8?auth=testpub, From: subscribe, IPv_Type: ipv4, Location: 美国-伊利诺伊州-库克, ISP: Cogent, Date: None, Delay: 1138 ms, Speed: 2.17 M/s, Resolution: 1920x1080
Name: 东方卫视, URL: https://www.freetv.top/migu/651632648.m3u8?migutoken=d403039fa45cf7d529b6d60f2013bb301f0c8307f8963a33f46435ff086b28e4099cb523a6a3363b17a4f74b52c83d12b497292d07e7233384e97ebf993f7c940ec7fe4f5f2190f2a21e419ac9, From: subscribe, IPv_Type: ipv6, Location: 美国-加利福尼亚州-圣克拉拉, ISP: DigitalOcean, Date: None, Delay: 40 ms, Speed: 10.45 M/s, Resolution: 1920x1080
Name: 东方卫视, URL: https://www.freetv.top/migu/651632648.m3u8?migutoken=09c24b255d931b105b2a0e0e73a2fce2a18eee043d7a80fc7edd3f45e8733a027c9a3344cf85daf80107cb437dc0f0309e092eddf78b6e8fad23169f7600e832abe4c34f59e2db45f1ef90144c, From: subscribe, IPv_Type: ipv6, Location: 美国-加利福尼亚州-圣克拉拉, ISP: DigitalOcean, Date: None, Delay: 41 ms, Speed: 10.69 M/s, Resolution: 1920x1080
Name: 东方卫视, URL: https://www.freetv.top/migu/651632648.m3u8?migutoken=1b29e441e8d640f9f4d3b7f1798bd6cd0036bcfcab7fb7353718a02767b7d7a91bd78405a1b2ae2b5a477e2b6964c8e1c10e40b15cf06fc2a353f8968e69c78ea27ea0e65ab6eaf17ed9e0b8bc, From: subscribe, IPv_Type: ipv6, Location: 美国-加利福尼亚州-圣克拉拉, ISP: DigitalOcean, Date: None, Delay: 43 ms, Speed: 10.31 M/s, Resolution: 1920x1080
Name: 东方卫视, URL: https://www.freetv.top/migu/651632648.m3u8?migutoken=70f8eed447e228f3a56a4c95bfd1ef7936ab4f75e51e3265478e1262b62f33a7d7a4be2d80fd3585f29cd990ea0ee9d67f76f299229509e007f26ccd58641bc444d7baeccead6d0915dae8e089, From: subscribe, IPv_Type: ipv6, Location: 美国-加利福尼亚州-圣克拉拉, ISP: DigitalOcean, Date: None, Delay: 44 ms, Speed: 9.72 M/s, Resolution: 1920x1080
Name: 东方卫视, URL: https://www.freetv.top/migu/651632648.m3u8?migutoken=6c3ad966ab21a09d75cd7c650e98f47332acc033ff8b9ec4fd233dd140f355862447ef3a9137c0feed4b463f51efc8dd4d06420ea479ee57eec3b86d362afb0868f196cec548111db9f13e71ff, From: subscribe, IPv_Type: ipv6, Location: 美国-加利福尼亚州-圣克拉拉, ISP: DigitalOcean, Date: None, Delay: 44 ms, Speed: 9.63 M/s, Resolution: 1920x1080
Name: 东方卫视, URL: https://stream1.freetv.fun/dong-fang-wei-shi-gao-qing-2.m3u8, From: subscribe, IPv_Type: ipv6, Location: 美国, ISP: CloudFlare Inc., Date: None, Delay: -1 ms, Speed: 0.00 M/s, Resolution: None
Name: 东方卫视, URL: https://www.freetv.top/migu/651632648.m3u8?migutoken=e765bb663396911e0fa027f64c4378a4811b733586444461515451642f01e401c61987a7256405e562f272d4a45cf003c8974fd47f47765203988df87102570687a04fcdd402aa62918f1cad2f, From: subscribe, IPv_Type: ipv6, Location: 美国-加利福尼亚州-圣克拉拉, ISP: DigitalOcean, Date: None, Delay: 43 ms, Speed: 10.29 M/s, Resolution: 1920x1080
Name: 东方卫视, URL: https://epg.pw/stream/6aec3ea636542c53729b5c9dd290864ab04d4a69d2b9cb7864a9898779915898.m3u8, From: subscribe, IPv_Type: ipv6, Location: 美国, ISP: CloudFlare Inc., Date: None, Delay: 933 ms, Speed: 0.69 M/s, Resolution: 1920x1080
Name: 东方卫视, URL: https://migu.188766.xyz/?migutoken=ae2abd1c7fcefab17613eb2e968ed141&id=%E4%B8%9C%E6%96%B9%E5%8D%AB%E8%A7%86&type=yy, From: subscribe, IPv_Type: ipv6, Location: 美国, ISP: CloudFlare Inc., Date: None, Delay: -1 ms, Speed: 0.00 M/s, Resolution: None
Name: 东方卫视, URL: http://gslbmgsplive.miguvideo.com/wd_r4/dfl/dongfangwshd/600/index.m3u8?msisdn=202512090803198c3af90605894957bf60c580cae28333&mdspid=&spid=600697&netType=0&sid=5910022185&pid=2028597139&timestamp=20251209080319&Channel_ID=0116_2600037000-99000-200300220100002&ProgramID=651632648&ParentNodeID=-99&assertID=5910022185&client_ip=218.28.233.106&SecurityKey=20251209080319&promotionId=&mvid=5100043384&mcid=500020&playurlVersion=WX-A1-8.11.2-RELEASE&userid=&jmhm=&videocodec=h264&appCode=miguvideo_android&bean=mgspad&tid=android&conFee=0&puData=e3e4d11a48c621e4dd5d150cada88ce7&ddCalcu=7ee3vcea84w8daa1d1aac4085c16d251ded4&sv=10004&ct=android, From: subscribe, IPv_Type: ipv6, Location: 中国, ISP: 中国移动, Date: None, Delay: -1 ms, Speed: 0.00 M/s, Resolution: None
Name: 东方卫视, URL: https://migu.188766.xyz/?migutoken=ef1eb90056ca0ffedc2d05628f00c5ef&id=%E4%B8%9C%E6%96%B9%E5%8D%AB%E8%A7%86&type=yy, From: subscribe, IPv_Type: ipv6, Location: 美国, ISP: CloudFlare Inc., Date: None, Delay: -1 ms, Speed: 0.00 M/s, Resolution: None
Name: 东方卫视, URL: https://migu.188766.xyz/?migutoken=283dcbd53b68e913b0edf99da7d489f4&id=%E4%B8%9C%E6%96%B9%E5%8D%AB%E8%A7%86&type=yy, From: subscribe, IPv_Type: ipv6, Location: 美国, ISP: CloudFlare Inc., Date: None, Delay: -1 ms, Speed: 0.00 M/s, Resolution: None
Name: 东方卫视, URL: https://migu.188766.xyz/?migutoken=146017602b1a5db2ece0621d3efa654d&id=%E4%B8%9C%E6%96%B9%E5%8D%AB%E8%A7%86&type=yy, From: subscribe, IPv_Type: ipv6, Location: 美国, ISP: CloudFlare Inc., Date: None, Delay: -1 ms, Speed: 0.00 M/s, Resolution: None
Name: 东方卫视, URL: https://migu.188766.xyz/?migutoken=488cdc0ef3a7c569e1b25f795e5fab83&id=%E4%B8%9C%E6%96%B9%E5%8D%AB%E8%A7%86&type=yy, From: subscribe, IPv_Type: ipv6, Location: 美国, ISP: CloudFlare Inc., Date: None, Delay: -1 ms, Speed: 0.00 M/s, Resolution: None
Name: 东方卫视, URL: https://migu.188766.xyz/?migutoken=c709b3fe9bc3dcf366faf2c30c96e536&id=%E4%B8%9C%E6%96%B9%E5%8D%AB%E8%A7%86&type=yy, From: subscribe, IPv_Type: ipv6, Location: 美国, ISP: CloudFlare Inc., Date: None, Delay: -1 ms, Speed: 0.00 M/s, Resolution: None
Name: 东方卫视, URL: https://migu.188766.xyz/?migutoken=afcd260651c86d5571d3a6a7e03c907a&id=%E4%B8%9C%E6%96%B9%E5%8D%AB%E8%A7%86&type=yy, From: subscribe, IPv_Type: ipv6, Location: 美国, ISP: CloudFlare Inc., Date: None, Delay: -1 ms, Speed: 0.00 M/s, Resolution: None
Name: 东方卫视, URL: https://migu.188766.xyz/?migutoken=5a3b360fbc4586c55b73a6684f50c3dd&id=%E4%B8%9C%E6%96%B9%E5%8D%AB%E8%A7%86&type=yy, From: subscribe, IPv_Type: ipv6, Location: 美国, ISP: CloudFlare Inc., Date: None, Delay: -1 ms, Speed: 0.00 M/s, Resolution: None
Name: 东方卫视, URL: https://migu.188766.xyz/?migutoken=ada8b0c22568bf44bbc363792a669983&id=%E4%B8%9C%E6%96%B9%E5%8D%AB%E8%A7%86&type=yy, From: subscribe, IPv_Type: ipv6, Location: 美国, ISP: CloudFlare Inc., Date: None, Delay: -1 ms, Speed: 0.00 M/s, Resolution: None
Name: 东方卫视, URL: https://migu.188766.xyz/?migutoken=b63115b9fb80bfbdb1472e062e04556c&id=%E4%B8%9C%E6%96%B9%E5%8D%AB%E8%A7%86&type=yy, From: subscribe, IPv_Type: ipv6, Location: 美国, ISP: CloudFlare Inc., Date: None, Delay: -1 ms, Speed: 0.00 M/s, Resolution: None
Name: 东方卫视, URL: https://migu.188766.xyz/?migutoken=99028ef133b41859c0534601c0b6c5cc&id=%E4%B8%9C%E6%96%B9%E5%8D%AB%E8%A7%86&type=yy, From: subscribe, IPv_Type: ipv6, Location: 美国, ISP: CloudFlare Inc., Date: None, Delay: -1 ms, Speed: 0.00 M/s, Resolution: None
Name: 东方卫视, URL: https://iptv.catvod.com/live.php?id=%E4%B8%9C%E6%96%B9%E5%8D%AB%E8%A7%86, From: subscribe, IPv_Type: ipv6, Location: 美国, ISP: CloudFlare Inc., Date: None, Delay: -1 ms, Speed: 0.00 M/s, Resolution: None
Name: 东方卫视, URL: https://migu.188766.xyz/?migutoken=895552df7017b0610fe089f7804f629a&id=%E4%B8%9C%E6%96%B9%E5%8D%AB%E8%A7%86&type=yy, From: subscribe, IPv_Type: ipv6, Location: 美国, ISP: CloudFlare Inc., Date: None, Delay: -1 ms, Speed: 0.00 M/s, Resolution: None
Name: 东方卫视, URL: https://migu.188766.xyz/?migutoken=651a0f3b442dfdb7243321c856255d4d&id=%E4%B8%9C%E6%96%B9%E5%8D%AB%E8%A7%86&type=yy, From: subscribe, IPv_Type: ipv6, Location: 美国, ISP: CloudFlare Inc., Date: None, Delay: -1 ms, Speed: 0.00 M/s, Resolution: None
Name: 东方卫视, URL: https://migu.188766.xyz/?migutoken=fbb8b74e810c6897e133877a6442bfc5&id=%E4%B8%9C%E6%96%B9%E5%8D%AB%E8%A7%86&type=yy, From: subscribe, IPv_Type: ipv6, Location: 美国, ISP: CloudFlare Inc., Date: None, Delay: -1 ms, Speed: 0.00 M/s, Resolution: None
Name: 东方卫视, URL: https://migu.188766.xyz/?migutoken=f141f3c21c232a540ba05699c4aa0677&id=%E4%B8%9C%E6%96%B9%E5%8D%AB%E8%A7%86&type=yy, From: subscribe, IPv_Type: ipv6, Location: 美国, ISP: CloudFlare Inc., Date: None, Delay: -1 ms, Speed: 0.00 M/s, Resolution: None
Name: 东方卫视, URL: https://migu.188766.xyz/?migutoken=a41a667523450a6886123758fc0438bb&id=%E4%B8%9C%E6%96%B9%E5%8D%AB%E8%A7%86&type=yy, From: subscribe, IPv_Type: ipv6, Location: 美国, ISP: CloudFlare Inc., Date: None, Delay: -1 ms, Speed: 0.00 M/s, Resolution: None
Name: 东方卫视, URL: https://migu.188766.xyz/?migutoken=1d8b80576afb3ba7a25d2b7f57933c85&id=%E4%B8%9C%E6%96%B9%E5%8D%AB%E8%A7%86&type=yy, From: subscribe, IPv_Type: ipv6, Location: 美国, ISP: CloudFlare Inc., Date: None, Delay: -1 ms, Speed: 0.00 M/s, Resolution: None
Name: 东方卫视, URL: http://k.061899.xyz/k.php?id=dfws, From: subscribe, IPv_Type: ipv6, Location: 新加坡, ISP: Aceville Pte.Ltd., Date: None, Delay: -1 ms, Speed: 0.00 M/s, Resolution: None
Name: 东方卫视, URL: http://tvgslb.hn.chinamobile.com:8089/180000001002/00000001000000000008000000047445/main.m3u8?stbid=, From: subscribe, IPv_Type: ipv6, Location: 中国, ISP: 中国移动, Date: None, Delay: -1 ms, Speed: 0.00 M/s, Resolution: None
Name: 东方卫视, URL: http://hwottcdn.ln.chinamobile.com/PLTV/11/224/3221226697/index.m3u8, From: subscribe, IPv_Type: ipv6, Location: 中国, ISP: 中国移动, Date: None, Delay: -1 ms, Speed: 0.00 M/s, Resolution: None
Name: 东方卫视, URL: http://hwottcdn.ln.chinamobile.com/PLTV/11/224/3221226187/index.m3u8, From: subscribe, IPv_Type: ipv6, Location: 中国, ISP: 中国移动, Date: None, Delay: -1 ms, Speed: 0.00 M/s, Resolution: None
Name: 东方卫视, URL: http://hwottcdn.ln.chinamobile.com/PLTV/11/224/3221226733/index.m3u8, From: subscribe, IPv_Type: ipv6, Location: 中国, ISP: 中国移动, Date: None, Delay: -1 ms, Speed: 0.00 M/s, Resolution: None
Name: 东方卫视, URL: http://hwottcdn.ln.chinamobile.com/PLTV/11/224/3221227212/index.m3u8, From: subscribe, IPv_Type: ipv6, Location: 中国, ISP: 中国移动, Date: None, Delay: -1 ms, Speed: 0.00 M/s, Resolution: None
Name: 东方卫视, URL: http://hwltc.tv.cdn.zj.chinamobile.com/PLTV/88888888/224/3221236227/index.m3u8, From: subscribe, IPv_Type: ipv6, Location: 中国, ISP: 中国移动, Date: None, Delay: -1 ms, Speed: 0.00 M/s, Resolution: None
Name: 东方卫视, URL: http://hwottcdn.ln.chinamobile.com/PLTV/11/224/3221226168/index.m3u8, From: subscribe, IPv_Type: ipv6, Location: 中国, ISP: 中国移动, Date: None, Delay: -1 ms, Speed: 0.00 M/s, Resolution: None
Name: 东方卫视, URL: http://ott.mobaibox.com/PLTV/3/224/3221227511/index.m3u8, From: subscribe, IPv_Type: ipv6, Location: 中国, ISP: 中国移动, Date: None, Delay: -1 ms, Speed: 0.00 M/s, Resolution: None
Name: 东方卫视, URL: http://hwottcdn.ln.chinamobile.com/PLTV/11/224/3221226872/index.m3u8, From: subscribe, IPv_Type: ipv6, Location: 中国, ISP: 中国移动, Date: None, Delay: -1 ms, Speed: 0.00 M/s, Resolution: None
Name: 东方卫视, URL: http://iptvrr.sh.chinamobile.com:6060/cms001/ch00000090990000001013/index.m3u8, From: subscribe, IPv_Type: ipv6, Location: 中国, ISP: 中国移动, Date: None, Delay: -1 ms, Speed: 0.00 M/s, Resolution: None
Name: 东方卫视, URL: http://tvgslb.hn.chinamobile.com:8089/180000001002/00000000000000020000000000182568/main.m3u8?stbid=, From: subscribe, IPv_Type: ipv6, Location: 中国, ISP: 中国移动, Date: None, Delay: -1 ms, Speed: 0.00 M/s, Resolution: None
Name: 东方卫视, URL: https://migu.188766.xyz/?migutoken=ae4294491d0342fcde473012ed568855&id=%E4%B8%9C%E6%96%B9%E5%8D%AB%E8%A7%86&type=yy, From: subscribe, IPv_Type: ipv6, Location: 美国, ISP: CloudFlare Inc., Date: None, Delay: -1 ms, Speed: 0.00 M/s, Resolution: None
Name: 东方卫视, URL: https://migu.188766.xyz/?migutoken=ebc72ecf685be0b4849f2dd6a781d0d4&id=%E4%B8%9C%E6%96%B9%E5%8D%AB%E8%A7%86&type=yy, From: subscribe, IPv_Type: ipv6, Location: 美国, ISP: CloudFlare Inc., Date: None, Delay: -1 ms, Speed: 0.00 M/s, Resolution: None
Name: 东方卫视, URL: https://migu.188766.xyz/?migutoken=5f281a8a665f4367984b2ccb0b23a64d&id=%E4%B8%9C%E6%96%B9%E5%8D%AB%E8%A7%86&type=yy, From: subscribe, IPv_Type: ipv6, Location: 美国, ISP: CloudFlare Inc., Date: None, Delay: -1 ms, Speed: 0.00 M/s, Resolution: None
Name: 东方卫视, URL: https://migu.188766.xyz/?migutoken=99cfd59e399250d8c9fd60fdf6d5f688&id=%E4%B8%9C%E6%96%B9%E5%8D%AB%E8%A7%86&type=yy, From: subscribe, IPv_Type: ipv6, Location: 美国, ISP: CloudFlare Inc., Date: None, Delay: -1 ms, Speed: 0.00 M/s, Resolution: None
Name: 东方卫视, URL: https://migu.188766.xyz/?migutoken=ea4556db9a5ac8c137a0c2312177d820&id=%E4%B8%9C%E6%96%B9%E5%8D%AB%E8%A7%86&type=yy, From: subscribe, IPv_Type: ipv6, Location: 美国, ISP: CloudFlare Inc., Date: None, Delay: -1 ms, Speed: 0.00 M/s, Resolution: None
Name: 东方卫视, URL: https://migu.188766.xyz/?migutoken=36d80e7352a58e3a62f90f23beca38ae&id=%E4%B8%9C%E6%96%B9%E5%8D%AB%E8%A7%86&type=yy, From: subscribe, IPv_Type: ipv6, Location: 美国, ISP: CloudFlare Inc., Date: None, Delay: -1 ms, Speed: 0.00 M/s, Resolution: None
Name: 东方卫视, URL: https://migu.188766.xyz/?migutoken=99001f9edc6283e2d317143d8b95ecd3&id=%E4%B8%9C%E6%96%B9%E5%8D%AB%E8%A7%86&type=yy, From: subscribe, IPv_Type: ipv6, Location: 美国, ISP: CloudFlare Inc., Date: None, Delay: -1 ms, Speed: 0.00 M/s, Resolution: None
Name: 东方卫视, URL: https://migu.188766.xyz/?migutoken=98152748d979b92415c94d044c21c1f6&id=%E4%B8%9C%E6%96%B9%E5%8D%AB%E8%A7%86&type=yy, From: subscribe, IPv_Type: ipv6, Location: 美国, ISP: CloudFlare Inc., Date: None, Delay: -1 ms, Speed: 0.00 M/s, Resolution: None
Name: 东方卫视, URL: https://migu.188766.xyz/?migutoken=0cc733f1a98ec007f8ea4bb58c18844c&id=%E4%B8%9C%E6%96%B9%E5%8D%AB%E8%A7%86&type=yy, From: subscribe, IPv_Type: ipv6, Location: 美国, ISP: CloudFlare Inc., Date: None, Delay: -1 ms, Speed: 0.00 M/s, Resolution: None
Name: 东方卫视, URL: https://migu.188766.xyz/?migutoken=be19c0f4ce1e2a088a61d70f09034b32&id=%E4%B8%9C%E6%96%B9%E5%8D%AB%E8%A7%86&type=yy, From: subscribe, IPv_Type: ipv6, Location: 美国, ISP: CloudFlare Inc., Date: None, Delay: -1 ms, Speed: 0.00 M/s, Resolution: None
Name: 东方卫视, URL: https://migu.188766.xyz/?migutoken=f2df6c9b7efa2261fad2eb69910ee0f7&id=%E4%B8%9C%E6%96%B9%E5%8D%AB%E8%A7%86&type=yy, From: subscribe, IPv_Type: ipv6, Location: 美国, ISP: CloudFlare Inc., Date: None, Delay: -1 ms, Speed: 0.00 M/s, Resolution: None
Name: 东方卫视, URL: https://t.freetv.fun/live/dong-fang-wei-shi-4.m3u8, From: subscribe, IPv_Type: ipv6, Location: 美国, ISP: CloudFlare Inc., Date: None, Delay: -1 ms, Speed: 0.00 M/s, Resolution: None
Name: 东方卫视, URL: https://t.freetv.fun/live/dong-fang-wei-shi.m3u8, From: subscribe, IPv_Type: ipv6, Location: 美国, ISP: CloudFlare Inc., Date: None, Delay: -1 ms, Speed: 0.00 M/s, Resolution: None
Name: 东方卫视, URL: http://38.75.136.137:98/gslb/dsdqbv/dfwshd.m3u8?auth=test20251009, From: subscribe, IPv_Type: ipv4, Location: 美国-伊利诺伊州-库克, ISP: Cogent, Date: None, Delay: 189 ms, Speed: 17.65 M/s, Resolution: 1920x1080
Name: 东方卫视, URL: http://38.75.136.137:98/gslb/dsdqpub/dfwshd.m3u8?auth=testpub, From: subscribe, IPv_Type: ipv4, Location: 美国-伊利诺伊州-库克, ISP: Cogent, Date: None, Delay: 624 ms, Speed: 6.15 M/s, Resolution: 1920x1080
Name: 东方卫视, URL: http://23.237.228.134/live6/dongnan.m3u8, From: subscribe, IPv_Type: ipv4, Location: 北美地区, ISP: , Date: None, Delay: 887 ms, Speed: 3.42 M/s, Resolution: 1920x1080
Name: 东方卫视, URL: http://23.237.228.134/live3/dongfang.m3u8, From: subscribe, IPv_Type: ipv4, Location: 北美地区, ISP: , Date: None, Delay: 1005 ms, Speed: 3.35 M/s, Resolution: 1920x1080
Name: 东南卫视, URL: http://live.zohi.tv/video/s10001-fztv-3/index.m3u8, From: subscribe, IPv_Type: ipv6, Location: 中国, ISP: 中国电信, Date: None, Delay: 1729 ms, Speed: 0.22 M/s, Resolution: 1920x1080
Name: 东南卫视, URL: https://www.freetv.top/migu/849116810.m3u8?migutoken=ad40cfb84c6c3a70e2f36f9419fde87147081bd969b8a7c270fde9e9dee90e1aabf8472344c1316a13639f26892f03cd1807f6b81db9976a0212ada2cdc1cdf9f9c01696f6478a7484eb04e6ef, From: subscribe, IPv_Type: ipv6, Location: 美国-加利福尼亚州-圣克拉拉, ISP: DigitalOcean, Date: None, Delay: 40 ms, Speed: 10.47 M/s, Resolution: 1920x1080
Name: 东南卫视, URL: http://hwottcdn.ln.chinamobile.com/PLTV/11/224/3221227472/index.m3u8, From: subscribe, IPv_Type: ipv6, Location: 中国, ISP: 中国移动, Date: None, Delay: -1 ms, Speed: 0.00 M/s, Resolution: None
Name: 东南卫视, URL: http://rrs01.hw.gmcc.net:8088/PLTV/81/224/3221226675/1.m3u8, From: subscribe, IPv_Type: ipv6, Location: 中国, ISP: 中国移动, Date: None, Delay: -1 ms, Speed: 0.00 M/s, Resolution: None
Name: 东南卫视, URL: http://hwottcdn.ln.chinamobile.com/PLTV/11/224/3221226784/index.m3u8, From: subscribe, IPv_Type: ipv6, Location: 中国, ISP: 中国移动, Date: None, Delay: -1 ms, Speed: 0.00 M/s, Resolution: None
Name: 东南卫视, URL: http://hwottcdn.ln.chinamobile.com/PLTV/11/224/3221226186/index.m3u8, From: subscribe, IPv_Type: ipv6, Location: 中国, ISP: 中国移动, Date: None, Delay: -1 ms, Speed: 0.00 M/s, Resolution: None
Name: 东南卫视, URL: http://iptvrr.sh.chinamobile.com:6060/cms001/ch00000090990000001201/index.m3u8, From: subscribe, IPv_Type: ipv6, Location: 中国, ISP: 中国移动, Date: None, Delay: -1 ms, Speed: 0.00 M/s, Resolution: None
Name: 东南卫视, URL: http://hwltc.tv.cdn.zj.chinamobile.com/PLTV/88888888/224/3221236151/index.m3u8, From: subscribe, IPv_Type: ipv6, Location: 中国, ISP: 中国移动, Date: None, Delay: -1 ms, Speed: 0.00 M/s, Resolution: None
Name: 东南卫视, URL: http://k.061899.xyz/k.php?id=dnws, From: subscribe, IPv_Type: ipv6, Location: 新加坡, ISP: Aceville Pte.Ltd., Date: None, Delay: -1 ms, Speed: 0.00 M/s, Resolution: None
Name: 东南卫视, URL: http://tvgslb.hn.chinamobile.com:8089/180000001002/00000001000000000010000000040459/main.m3u8?stbid=, From: subscribe, IPv_Type: ipv6, Location: 中国, ISP: 中国移动, Date: None, Delay: -1 ms, Speed: 0.00 M/s, Resolution: None
Name: 东南卫视, URL: http://tvgslb.hn.chinamobile.com:8089/180000001002/00000000000000020000000000182255/main.m3u8?stbid=, From: subscribe, IPv_Type: ipv6, Location: 中国, ISP: 中国移动, Date: None, Delay: -1 ms, Speed: 0.00 M/s, Resolution: None
Name: 东南卫视, URL: http://ott.mobaibox.com/PLTV/3/224/3221227670/index.m3u8, From: subscribe, IPv_Type: ipv6, Location: 中国, ISP: 中国移动, Date: None, Delay: -1 ms, Speed: 0.00 M/s, Resolution: None
Name: 东南卫视, URL: https://t.freetv.fun/live/dong-nan-wei-shi-1.php, From: subscribe, IPv_Type: ipv6, Location: 美国, ISP: CloudFlare Inc., Date: None, Delay: -1 ms, Speed: 0.00 M/s, Resolution: None
Name: 东南卫视, URL: https://iptv.catvod.com/live.php?id=%E4%B8%9C%E5%8D%97%E5%8D%AB%E8%A7%86, From: subscribe, IPv_Type: ipv4, Location: 美国-加利福尼亚州-洛杉矶, ISP: IT7网络, Date: None, Delay: 27 ms, Speed: 37.48 M/s, Resolution: 1920x1080
Name: 东南卫视, URL: http://23.237.228.134/live8/gansu.m3u8, From: subscribe, IPv_Type: ipv4, Location: 北美地区, ISP: , Date: None, Delay: 2017 ms, Speed: 1.41 M/s, Resolution: 1920x1080
Name: 甘肃卫视, URL: http://live.zohi.tv/video/s10001-fztv-3/index.m3u8, From: subscribe, IPv_Type: ipv6, Location: 中国, ISP: 中国电信, Date: None, Delay: 0.1 ms, Speed: inf M/s, Resolution: 1920x1080
Name: 甘肃卫视, URL: http://iptvrr.sh.chinamobile.com:6060/cms001/ch00000090990000001298/index.m3u8, From: subscribe, IPv_Type: ipv6, Location: 中国, ISP: 中国移动, Date: None, Delay: -1 ms, Speed: 0.00 M/s, Resolution: None
Name: 甘肃卫视, URL: http://tvgslb.hn.chinamobile.com:8089/180000001002/00000000000000020000000000182276/main.m3u8?stbid=, From: subscribe, IPv_Type: ipv6, Location: 中国, ISP: 中国移动, Date: None, Delay: -1 ms, Speed: 0.00 M/s, Resolution: None
Name: 甘肃卫视, URL: http://k.061899.xyz/k.php?id=gsws, From: subscribe, IPv_Type: ipv6, Location: 新加坡, ISP: Aceville Pte.Ltd., Date: None, Delay: -1 ms, Speed: 0.00 M/s, Resolution: None
Name: 甘肃卫视, URL: http://hwottcdn.ln.chinamobile.com/PLTV/11/224/3221226875/index.m3u8, From: subscribe, IPv_Type: ipv6, Location: 中国, ISP: 中国移动, Date: None, Delay: -1 ms, Speed: 0.00 M/s, Resolution: None
Name: 甘肃卫视, URL: http://hwottcdn.ln.chinamobile.com/PLTV/11/224/3221226166/index.m3u8, From: subscribe, IPv_Type: ipv6, Location: 中国, ISP: 中国移动, Date: None, Delay: -1 ms, Speed: 0.00 M/s, Resolution: None
Name: 甘肃卫视, URL: http://ott.mobaibox.com/PLTV/3/224/3221227568/index.m3u8, From: subscribe, IPv_Type: ipv6, Location: 中国, ISP: 中国移动, Date: None, Delay: -1 ms, Speed: 0.00 M/s, Resolution: None
Name: 甘肃卫视, URL: http://tvgslb.hn.chinamobile.com:8089/180000001002/00000001000000000050000000133802/main.m3u8?stbid=, From: subscribe, IPv_Type: ipv6, Location: 中国, ISP: 中国移动, Date: None, Delay: -1 ms, Speed: 0.00 M/s, Resolution: None
Name: 甘肃卫视, URL: http://hwltc.tv.cdn.zj.chinamobile.com/PLTV/88888888/224/3221236201/index.m3u8, From: subscribe, IPv_Type: ipv6, Location: 中国, ISP: 中国移动, Date: None, Delay: -1 ms, Speed: 0.00 M/s, Resolution: None
Name: 甘肃卫视, URL: https://t.freetv.fun/live/gan-su-wei-shi.php, From: subscribe, IPv_Type: ipv6, Location: 美国, ISP: CloudFlare Inc., Date: None, Delay: -1 ms, Speed: 0.00 M/s, Resolution: None
Name: 甘肃卫视, URL: https://t.freetv.fun/live/gan-su-wei-shi-3.m3u8, From: subscribe, IPv_Type: ipv6, Location: 美国, ISP: CloudFlare Inc., Date: None, Delay: -1 ms, Speed: 0.00 M/s, Resolution: None
Name: 甘肃卫视, URL: https://iptv.catvod.com/live.php?id=%E7%94%98%E8%82%83%E5%8D%AB%E8%A7%86, From: subscribe, IPv_Type: ipv4, Location: 美国-加利福尼亚州-洛杉矶, ISP: IT7网络, Date: None, Delay: 27 ms, Speed: 38.23 M/s, Resolution: 1920x1080
Name: 甘肃卫视, URL: http://38.75.136.137:98/gslb/dsdqpub/gswshd.m3u8?auth=testpub, From: subscribe, IPv_Type: ipv4, Location: 美国-伊利诺伊州-库克, ISP: Cogent, Date: None, Delay: 565 ms, Speed: 5.75 M/s, Resolution: 1920x1080
Name: 广西卫视, URL: https://hlscdn.liangtv.cn/live/de0f97348eb84f62aa6b7d8cf0430770/dd505d87880c478f901f38560ca4d4e6.m3u8, From: subscribe, IPv_Type: ipv6, Location: 中国-江苏-扬州, ISP: 电信, Date: None, Delay: 534 ms, Speed: 2.33 M/s, Resolution: 1920x1080
Name: 广西卫视, URL: https://hlscdn.liangtv.cn/live/0c4ef3a44b934cacb8b47121dfada66c/d7e04258157b480dae53883cc6f8123b.m3u8, From: subscribe, IPv_Type: ipv6, Location: 中国-江苏-扬州, ISP: 电信, Date: None, Delay: 681 ms, Speed: 4.51 M/s, Resolution: 1920x1080
Name: 广西卫视, URL: https://iptv.catvod.com/live.php?id=%E5%B9%BF%E8%A5%BF%E5%8D%AB%E8%A7%86, From: subscribe, IPv_Type: ipv6, Location: 美国, ISP: CloudFlare Inc., Date: None, Delay: -1 ms, Speed: 0.00 M/s, Resolution: None
Name: 广西卫视, URL: http://tvgslb.hn.chinamobile.com:8089/180000001002/00000001000000000090000000215605/main.m3u8?stbid=, From: subscribe, IPv_Type: ipv6, Location: 中国, ISP: 中国移动, Date: None, Delay: -1 ms, Speed: 0.00 M/s, Resolution: None
Name: 广西卫视, URL: http://iptvrr.sh.chinamobile.com:6060/cms001/ch00000090990000001224/index.m3u8, From: subscribe, IPv_Type: ipv6, Location: 中国, ISP: 中国移动, Date: None, Delay: -1 ms, Speed: 0.00 M/s, Resolution: None
Name: 广西卫视, URL: http://k.061899.xyz/k.php?id=gxws, From: subscribe, IPv_Type: ipv6, Location: 新加坡, ISP: Aceville Pte.Ltd., Date: None, Delay: -1 ms, Speed: 0.00 M/s, Resolution: None
Name: 广西卫视, URL: http://tvgslb.hn.chinamobile.com:8089/180000001002/00000000000000020000000000182256/main.m3u8?stbid=, From: subscribe, IPv_Type: ipv6, Location: 中国, ISP: 中国移动, Date: None, Delay: -1 ms, Speed: 0.00 M/s, Resolution: None
Name: 广西卫视, URL: http://hwottcdn.ln.chinamobile.com/PLTV/11/224/3221226150/index.m3u8, From: subscribe, IPv_Type: ipv6, Location: 中国, ISP: 中国移动, Date: None, Delay: -1 ms, Speed: 0.00 M/s, Resolution: None
Name: 广西卫视, URL: http://hwottcdn.ln.chinamobile.com/PLTV/11/224/3221227411/index.m3u8, From: subscribe, IPv_Type: ipv6, Location: 中国, ISP: 中国移动, Date: None, Delay: -1 ms, Speed: 0.00 M/s, Resolution: None
Name: 广西卫视, URL: http://hwltc.tv.cdn.zj.chinamobile.com/PLTV/88888888/224/3221236263/index.m3u8, From: subscribe, IPv_Type: ipv6, Location: 中国, ISP: 中国移动, Date: None, Delay: -1 ms, Speed: 0.00 M/s, Resolution: None
Name: 广西卫视, URL: http://ott.mobaibox.com/PLTV/3/224/3221228183/index.m3u8, From: subscribe, IPv_Type: ipv6, Location: 中国, ISP: 中国移动, Date: None, Delay: -1 ms, Speed: 0.00 M/s, Resolution: None
Name: 广西卫视, URL: http://hwottcdn.ln.chinamobile.com/PLTV/11/224/3221226830/index.m3u8, From: subscribe, IPv_Type: ipv6, Location: 中国, ISP: 中国移动, Date: None, Delay: -1 ms, Speed: 0.00 M/s, Resolution: None
Name: 广西卫视, URL: http://23.237.228.134/live6/guangxi.m3u8, From: subscribe, IPv_Type: ipv4, Location: 北美地区, ISP: , Date: None, Delay: 419 ms, Speed: 10.60 M/s, Resolution: 1920x1080
Name: 广西卫视, URL: http://38.75.136.137:98/gslb/dsdqpub/gxwshd.m3u8?auth=testpub, From: subscribe, IPv_Type: ipv4, Location: 美国-伊利诺伊州-库克, ISP: Cogent, Date: None, Delay: 795 ms, Speed: 4.17 M/s, Resolution: 1920x1080
Name: 广西卫视, URL: http://23.237.228.134/live6/guizhou.m3u8, From: subscribe, IPv_Type: ipv4, Location: 北美地区, ISP: , Date: None, Delay: 2041 ms, Speed: 2.79 M/s, Resolution: 1920x1080
Name: 贵州卫视, URL: http://hwltc.tv.cdn.zj.chinamobile.com/PLTV/88888888/224/3221236236/index.m3u8, From: subscribe, IPv_Type: ipv6, Location: 中国, ISP: 中国移动, Date: None, Delay: -1 ms, Speed: 0.00 M/s, Resolution: None
Name: 贵州卫视, URL: http://tvgslb.hn.chinamobile.com:8089/180000001002/00000000000000020000000000182262/main.m3u8?stbid=, From: subscribe, IPv_Type: ipv6, Location: 中国, ISP: 中国移动, Date: None, Delay: -1 ms, Speed: 0.00 M/s, Resolution: None
Name: 贵州卫视, URL: http://rrs01.hw.gmcc.net:8088/PLTV/81/224/3221226676/1.m3u8, From: subscribe, IPv_Type: ipv6, Location: 中国, ISP: 中国移动, Date: None, Delay: -1 ms, Speed: 0.00 M/s, Resolution: None
Name: 贵州卫视, URL: http://tvgslb.hn.chinamobile.com:8089/180000001002/00000001000000000010000000040424/main.m3u8?stbid=, From: subscribe, IPv_Type: ipv6, Location: 中国, ISP: 中国移动, Date: None, Delay: -1 ms, Speed: 0.00 M/s, Resolution: None
Name: 贵州卫视, URL: http://hwottcdn.ln.chinamobile.com/PLTV/11/224/3221226164/index.m3u8, From: subscribe, IPv_Type: ipv6, Location: 中国, ISP: 中国移动, Date: None, Delay: -1 ms, Speed: 0.00 M/s, Resolution: None
Name: 贵州卫视, URL: http://ott.mobaibox.com/PLTV/3/224/3221228136/index.m3u8, From: subscribe, IPv_Type: ipv6, Location: 中国, ISP: 中国移动, Date: None, Delay: -1 ms, Speed: 0.00 M/s, Resolution: None
Name: 贵州卫视, URL: http://k.061899.xyz/k.php?id=gzws, From: subscribe, IPv_Type: ipv6, Location: 新加坡, ISP: Aceville Pte.Ltd., Date: None, Delay: -1 ms, Speed: 0.00 M/s, Resolution: None
Name: 贵州卫视, URL: http://hwottcdn.ln.chinamobile.com/PLTV/11/224/3221226874/index.m3u8, From: subscribe, IPv_Type: ipv6, Location: 中国, ISP: 中国移动, Date: None, Delay: -1 ms, Speed: 0.00 M/s, Resolution: None
Name: 贵州卫视, URL: http://iptvrr.sh.chinamobile.com:6060/cms001/ch00000090990000001184/index.m3u8, From: subscribe, IPv_Type: ipv6, Location: 中国, ISP: 中国移动, Date: None, Delay: -1 ms, Speed: 0.00 M/s, Resolution: None
Name: 贵州卫视, URL: https://t.freetv.fun/live/gui-zhou-wei-shi-5.m3u8, From: subscribe, IPv_Type: ipv6, Location: 美国, ISP: CloudFlare Inc., Date: None, Delay: -1 ms, Speed: 0.00 M/s, Resolution: None
Name: 贵州卫视, URL: https://iptv.catvod.com/live.php?id=%E8%B4%B5%E5%B7%9E%E5%8D%AB%E8%A7%86, From: subscribe, IPv_Type: ipv4, Location: 美国-加利福尼亚州-洛杉矶, ISP: IT7网络, Date: None, Delay: 46 ms, Speed: 31.43 M/s, Resolution: 1920x1080
Name: 贵州卫视, URL: http://38.75.136.137:98/gslb/dsdqpub/gzwshd.m3u8?auth=testpub, From: subscribe, IPv_Type: ipv4, Location: 美国-伊利诺伊州-库克, ISP: Cogent, Date: None, Delay: 1301 ms, Speed: 2.48 M/s, Resolution: 1920x1080
Name: 贵州卫视, URL: http://23.237.228.134/live6/hainan.m3u8, From: subscribe, IPv_Type: ipv4, Location: 北美地区, ISP: , Date: None, Delay: 1411 ms, Speed: 1.37 M/s, Resolution: 1920x1080
Name: 海南卫视, URL: https://migu.188766.xyz/?migutoken=81bf956821f3b53fa5268de7b28e67db&id=hn_hnws&type=sz, From: subscribe, IPv_Type: ipv6, Location: 美国, ISP: CloudFlare Inc., Date: None, Delay: -1 ms, Speed: 0.00 M/s, Resolution: None
Name: 海南卫视, URL: https://migu.188766.xyz/?migutoken=f3e641b976f34d860bab7b826f478446&id=%E6%B5%B7%E5%8D%97%E5%8D%AB%E8%A7%86&type=yy, From: subscribe, IPv_Type: ipv6, Location: 美国, ISP: CloudFlare Inc., Date: None, Delay: -1 ms, Speed: 0.00 M/s, Resolution: None
Name: 海南卫视, URL: http://gslbmgsplive.miguvideo.com/envivo_x/SD/lvyou/711/index.m3u8?msisdn=20251209080329ecd83f69a1424223af5e03e8497c0c0c&mdspid=&spid=600633&netType=0&sid=5910022165&pid=2028597139&timestamp=20251209080329&Channel_ID=0116_2600037000-99000-200300220100002&ProgramID=947472502&ParentNodeID=-99&assertID=5910022165&client_ip=218.28.233.106&SecurityKey=20251209080329&promotionId=&mvid=5900004359&mcid=500020&playurlVersion=WX-A1-8.11.2-RELEASE&userid=&jmhm=&videocodec=h264&appCode=miguvideo_android&bean=mgspad&tid=android&conFee=0&puData=87057d25ec2babdb574c44a0588a4754&ddCalcu=4857v70a45za7a8d82550eac424bca4b7d5b&sv=10004&ct=android, From: subscribe, IPv_Type: ipv6, Location: 中国, ISP: 中国移动, Date: None, Delay: -1 ms, Speed: 0.00 M/s, Resolution: None
Name: 海南卫视, URL: https://migu.188766.xyz/?migutoken=a45e237b5f1e2782b3741ad165dfb5a5&id=hn_hnws&type=sz, From: subscribe, IPv_Type: ipv6, Location: 美国, ISP: CloudFlare Inc., Date: None, Delay: -1 ms, Speed: 0.00 M/s, Resolution: None
Name: 海南卫视, URL: https://migu.188766.xyz/?migutoken=8f3ed64eaba287ec02bf7b0f1b2f4342&id=%E6%B5%B7%E5%8D%97%E5%8D%AB%E8%A7%86&type=yy, From: subscribe, IPv_Type: ipv6, Location: 美国, ISP: CloudFlare Inc., Date: None, Delay: -1 ms, Speed: 0.00 M/s, Resolution: None
Name: 海南卫视, URL: https://migu.188766.xyz/?migutoken=0a424312ac86b263351b90b00c3c5d00&id=hn_hnws&type=sz, From: subscribe, IPv_Type: ipv6, Location: 美国, ISP: CloudFlare Inc., Date: None, Delay: -1 ms, Speed: 0.00 M/s, Resolution: None
Name: 海南卫视, URL: https://migu.188766.xyz/?migutoken=f061760c8317e1058e3c9bf522fc4b77&id=%E6%B5%B7%E5%8D%97%E5%8D%AB%E8%A7%86&type=yy, From: subscribe, IPv_Type: ipv6, Location: 美国, ISP: CloudFlare Inc., Date: None, Delay: -1 ms, Speed: 0.00 M/s, Resolution: None
Name: 海南卫视, URL: https://migu.188766.xyz/?migutoken=7c04b8505d90d8e1709382eac3450a97&id=hn_hnws&type=sz, From: subscribe, IPv_Type: ipv6, Location: 美国, ISP: CloudFlare Inc., Date: None, Delay: -1 ms, Speed: 0.00 M/s, Resolution: None
Name: 海南卫视, URL: https://migu.188766.xyz/?migutoken=d2dabcac1a40ed437ed1cbf71652bbb3&id=%E6%B5%B7%E5%8D%97%E5%8D%AB%E8%A7%86&type=yy, From: subscribe, IPv_Type: ipv6, Location: 美国, ISP: CloudFlare Inc., Date: None, Delay: -1 ms, Speed: 0.00 M/s, Resolution: None
Name: 海南卫视, URL: https://migu.188766.xyz/?migutoken=ceeba0e2e4b08b5da30b68ffdbdec181&id=hn_hnws&type=sz, From: subscribe, IPv_Type: ipv6, Location: 美国, ISP: CloudFlare Inc., Date: None, Delay: -1 ms, Speed: 0.00 M/s, Resolution: None
Name: 海南卫视, URL: https://migu.188766.xyz/?migutoken=fdeb91aac6281449c967208affe46c7c&id=%E6%B5%B7%E5%8D%97%E5%8D%AB%E8%A7%86&type=yy, From: subscribe, IPv_Type: ipv6, Location: 美国, ISP: CloudFlare Inc., Date: None, Delay: -1 ms, Speed: 0.00 M/s, Resolution: None
Name: 海南卫视, URL: https://migu.188766.xyz/?migutoken=e2f6a2becd2dddb2fec86accfbfc53e6&id=hn_hnws&type=sz, From: subscribe, IPv_Type: ipv6, Location: 美国, ISP: CloudFlare Inc., Date: None, Delay: -1 ms, Speed: 0.00 M/s, Resolution: None
Name: 海南卫视, URL: https://migu.188766.xyz/?migutoken=26b71f2fe0f45141125172bc8745552d&id=%E6%B5%B7%E5%8D%97%E5%8D%AB%E8%A7%86&type=yy, From: subscribe, IPv_Type: ipv6, Location: 美国, ISP: CloudFlare Inc., Date: None, Delay: -1 ms, Speed: 0.00 M/s, Resolution: None
Name: 海南卫视, URL: https://migu.188766.xyz/?migutoken=accb7739a8a886f49c79c5ea1af58260&id=hn_hnws&type=sz, From: subscribe, IPv_Type: ipv6, Location: 美国, ISP: CloudFlare Inc., Date: None, Delay: -1 ms, Speed: 0.00 M/s, Resolution: None
Name: 海南卫视, URL: https://migu.188766.xyz/?migutoken=168730f474e01ab386bc775348a29767&id=%E6%B5%B7%E5%8D%97%E5%8D%AB%E8%A7%86&type=yy, From: subscribe, IPv_Type: ipv6, Location: 美国, ISP: CloudFlare Inc., Date: None, Delay: -1 ms, Speed: 0.00 M/s, Resolution: None
Name: 海南卫视, URL: https://migu.188766.xyz/?migutoken=16ddd4b49e73e2e38d20238757371cfe&id=hn_hnws&type=sz, From: subscribe, IPv_Type: ipv6, Location: 美国, ISP: CloudFlare Inc., Date: None, Delay: -1 ms, Speed: 0.00 M/s, Resolution: None
Name: 海南卫视, URL: https://migu.188766.xyz/?migutoken=a99baa36c58d57ba8ecbb0c9068dbb72&id=%E6%B5%B7%E5%8D%97%E5%8D%AB%E8%A7%86&type=yy, From: subscribe, IPv_Type: ipv6, Location: 美国, ISP: CloudFlare Inc., Date: None, Delay: -1 ms, Speed: 0.00 M/s, Resolution: None
Name: 海南卫视, URL: https://migu.188766.xyz/?migutoken=18681fd45049b362936e4aef868a4daf&id=hn_hnws&type=sz, From: subscribe, IPv_Type: ipv6, Location: 美国, ISP: CloudFlare Inc., Date: None, Delay: -1 ms, Speed: 0.00 M/s, Resolution: None
Name: 海南卫视, URL: https://migu.188766.xyz/?migutoken=284ca61324e63055e79ddfce6f3d5639&id=%E6%B5%B7%E5%8D%97%E5%8D%AB%E8%A7%86&type=yy, From: subscribe, IPv_Type: ipv6, Location: 美国, ISP: CloudFlare Inc., Date: None, Delay: -1 ms, Speed: 0.00 M/s, Resolution: None
Name: 海南卫视, URL: https://migu.188766.xyz/?migutoken=073c3ce3aeef35f4b595e14c20ba0af6&id=hn_hnws&type=sz, From: subscribe, IPv_Type: ipv6, Location: 美国, ISP: CloudFlare Inc., Date: None, Delay: -1 ms, Speed: 0.00 M/s, Resolution: None
Name: 海南卫视, URL: https://migu.188766.xyz/?migutoken=db137549705a37a4557f24085d52a538&id=%E6%B5%B7%E5%8D%97%E5%8D%AB%E8%A7%86&type=yy, From: subscribe, IPv_Type: ipv6, Location: 美国, ISP: CloudFlare Inc., Date: None, Delay: -1 ms, Speed: 0.00 M/s, Resolution: None
Name: 海南卫视, URL: https://migu.188766.xyz/?migutoken=893171fefe2cba3487f0ab5b47168df2&id=hn_hnws&type=sz, From: subscribe, IPv_Type: ipv6, Location: 美国, ISP: CloudFlare Inc., Date: None, Delay: -1 ms, Speed: 0.00 M/s, Resolution: None
Name: 海南卫视, URL: https://migu.188766.xyz/?migutoken=691b2ba66517c618164d2daf475e4328&id=%E6%B5%B7%E5%8D%97%E5%8D%AB%E8%A7%86&type=yy, From: subscribe, IPv_Type: ipv6, Location: 美国, ISP: CloudFlare Inc., Date: None, Delay: -1 ms, Speed: 0.00 M/s, Resolution: None
Name: 海南卫视, URL: https://migu.188766.xyz/?migutoken=10c99090273c28e9762594ea59a3204d&id=hn_hnws&type=sz, From: subscribe, IPv_Type: ipv6, Location: 美国, ISP: CloudFlare Inc., Date: None, Delay: -1 ms, Speed: 0.00 M/s, Resolution: None
Name: 海南卫视, URL: https://migu.188766.xyz/?migutoken=a6aea94867cd3d3a43e24f90082d5ee0&id=%E6%B5%B7%E5%8D%97%E5%8D%AB%E8%A7%86&type=yy, From: subscribe, IPv_Type: ipv6, Location: 美国, ISP: CloudFlare Inc., Date: None, Delay: -1 ms, Speed: 0.00 M/s, Resolution: None
Name: 海南卫视, URL: https://migu.188766.xyz/?migutoken=228316523dfe61f23c969dc86c4acf4f&id=hn_hnws&type=sz, From: subscribe, IPv_Type: ipv6, Location: 美国, ISP: CloudFlare Inc., Date: None, Delay: -1 ms, Speed: 0.00 M/s, Resolution: None
Name: 海南卫视, URL: https://migu.188766.xyz/?migutoken=5b55e12ae199fcc8ef344d0bbbc006bf&id=%E6%B5%B7%E5%8D%97%E5%8D%AB%E8%A7%86&type=yy, From: subscribe, IPv_Type: ipv6, Location: 美国, ISP: CloudFlare Inc., Date: None, Delay: -1 ms, Speed: 0.00 M/s, Resolution: None
Name: 海南卫视, URL: https://migu.188766.xyz/?migutoken=e7282ed9538e3ea86644f48faa4fd32b&id=hn_hnws&type=sz, From: subscribe, IPv_Type: ipv6, Location: 美国, ISP: CloudFlare Inc., Date: None, Delay: -1 ms, Speed: 0.00 M/s, Resolution: None
Name: 海南卫视, URL: https://migu.188766.xyz/?migutoken=d47e92ce114d684a91c11eb8a0d2089f&id=%E6%B5%B7%E5%8D%97%E5%8D%AB%E8%A7%86&type=yy, From: subscribe, IPv_Type: ipv6, Location: 美国, ISP: CloudFlare Inc., Date: None, Delay: -1 ms, Speed: 0.00 M/s, Resolution: None
Name: 海南卫视, URL: https://migu.188766.xyz/?migutoken=321a251122502985ca7d6583ffc262c9&id=hn_hnws&type=sz, From: subscribe, IPv_Type: ipv6, Location: 美国, ISP: CloudFlare Inc., Date: None, Delay: -1 ms, Speed: 0.00 M/s, Resolution: None
Name: 海南卫视, URL: https://migu.188766.xyz/?migutoken=dd44dca53659b5ae7ddb13db2d44cd92&id=%E6%B5%B7%E5%8D%97%E5%8D%AB%E8%A7%86&type=yy, From: subscribe, IPv_Type: ipv6, Location: 美国, ISP: CloudFlare Inc., Date: None, Delay: -1 ms, Speed: 0.00 M/s, Resolution: None
Name: 海南卫视, URL: https://migu.188766.xyz/?migutoken=99940a486a13ff986a7daa86389be438&id=hn_hnws&type=sz, From: subscribe, IPv_Type: ipv6, Location: 美国, ISP: CloudFlare Inc., Date: None, Delay: -1 ms, Speed: 0.00 M/s, Resolution: None
Name: 海南卫视, URL: https://migu.188766.xyz/?migutoken=6313f33ac52d3ba1d4aeacd612982279&id=%E6%B5%B7%E5%8D%97%E5%8D%AB%E8%A7%86&type=yy, From: subscribe, IPv_Type: ipv6, Location: 美国, ISP: CloudFlare Inc., Date: None, Delay: -1 ms, Speed: 0.00 M/s, Resolution: None
Name: 海南卫视, URL: https://migu.188766.xyz/?migutoken=685e691eb86d047691ae87262e9dc757&id=hn_hnws&type=sz, From: subscribe, IPv_Type: ipv6, Location: 美国, ISP: CloudFlare Inc., Date: None, Delay: -1 ms, Speed: 0.00 M/s, Resolution: None
Name: 海南卫视, URL: https://migu.188766.xyz/?migutoken=9568699b4efd92f2aa1cf1e81271569a&id=%E6%B5%B7%E5%8D%97%E5%8D%AB%E8%A7%86&type=yy, From: subscribe, IPv_Type: ipv6, Location: 美国, ISP: CloudFlare Inc., Date: None, Delay: -1 ms, Speed: 0.00 M/s, Resolution: None
Name: 海南卫视, URL: http://ott.mobaibox.com/PLTV/3/224/3221228139/index.m3u8, From: subscribe, IPv_Type: ipv6, Location: 中国, ISP: 中国移动, Date: None, Delay: -1 ms, Speed: 0.00 M/s, Resolution: None
Name: 海南卫视, URL: http://hwltc.tv.cdn.zj.chinamobile.com/PLTV/88888888/224/3221236232/index.m3u8, From: subscribe, IPv_Type: ipv6, Location: 中国, ISP: 中国移动, Date: None, Delay: -1 ms, Speed: 0.00 M/s, Resolution: None
Name: 海南卫视, URL: http://hwottcdn.ln.chinamobile.com/PLTV/11/224/3221226801/index.m3u8, From: subscribe, IPv_Type: ipv6, Location: 中国, ISP: 中国移动, Date: None, Delay: -1 ms, Speed: 0.00 M/s, Resolution: None
Name: 海南卫视, URL: http://hwottcdn.ln.chinamobile.com/PLTV/11/224/3221226140/index.m3u8, From: subscribe, IPv_Type: ipv6, Location: 中国, ISP: 中国移动, Date: None, Delay: -1 ms, Speed: 0.00 M/s, Resolution: None
Name: 海南卫视, URL: http://k.061899.xyz/k.php?id=hinws, From: subscribe, IPv_Type: ipv6, Location: 新加坡, ISP: Aceville Pte.Ltd., Date: None, Delay: -1 ms, Speed: 0.00 M/s, Resolution: None
Name: 海南卫视, URL: http://iptvrr.sh.chinamobile.com:6060/cms001/ch00000090990000001183/index.m3u8, From: subscribe, IPv_Type: ipv6, Location: 中国, ISP: 中国移动, Date: None, Delay: -1 ms, Speed: 0.00 M/s, Resolution: None
Name: 海南卫视, URL: http://tvgslb.hn.chinamobile.com:8089/180000001002/00000000000000020000000000181765/main.m3u8?stbid=, From: subscribe, IPv_Type: ipv6, Location: 中国, ISP: 中国移动, Date: None, Delay: -1 ms, Speed: 0.00 M/s, Resolution: None
Name: 海南卫视, URL: http://tvgslb.hn.chinamobile.com:8089/180000001002/00000001000000000057000000208265/main.m3u8?stbid=, From: subscribe, IPv_Type: ipv6, Location: 中国, ISP: 中国移动, Date: None, Delay: -1 ms, Speed: 0.00 M/s, Resolution: None
Name: 海南卫视, URL: https://migu.188766.xyz/?migutoken=aee8c5d6d1ef0f51af1b830943ecc659&id=hn_hnws&type=sz, From: subscribe, IPv_Type: ipv6, Location: 美国, ISP: CloudFlare Inc., Date: None, Delay: -1 ms, Speed: 0.00 M/s, Resolution: None
Name: 海南卫视, URL: https://migu.188766.xyz/?migutoken=6bbd6388f688c3f8ecb7691ab665b74e&id=%E6%B5%B7%E5%8D%97%E5%8D%AB%E8%A7%86&type=yy, From: subscribe, IPv_Type: ipv6, Location: 美国, ISP: CloudFlare Inc., Date: None, Delay: -1 ms, Speed: 0.00 M/s, Resolution: None
Name: 海南卫视, URL: https://migu.188766.xyz/?migutoken=30dd444adfe05b4f2e261d8770685772&id=hn_hnws&type=sz, From: subscribe, IPv_Type: ipv6, Location: 美国, ISP: CloudFlare Inc., Date: None, Delay: -1 ms, Speed: 0.00 M/s, Resolution: None
Name: 海南卫视, URL: https://migu.188766.xyz/?migutoken=e517670e2114fdeb3d550ab3944171bf&id=%E6%B5%B7%E5%8D%97%E5%8D%AB%E8%A7%86&type=yy, From: subscribe, IPv_Type: ipv6, Location: 美国, ISP: CloudFlare Inc., Date: None, Delay: -1 ms, Speed: 0.00 M/s, Resolution: None
Name: 海南卫视, URL: https://migu.188766.xyz/?migutoken=d87911cb21bfa5f7e46315051936aaa1&id=hn_hnws&type=sz, From: subscribe, IPv_Type: ipv6, Location: 美国, ISP: CloudFlare Inc., Date: None, Delay: -1 ms, Speed: 0.00 M/s, Resolution: None
Name: 海南卫视, URL: https://migu.188766.xyz/?migutoken=7ea329727aac999d2f12c20238766dac&id=%E6%B5%B7%E5%8D%97%E5%8D%AB%E8%A7%86&type=yy, From: subscribe, IPv_Type: ipv6, Location: 美国, ISP: CloudFlare Inc., Date: None, Delay: -1 ms, Speed: 0.00 M/s, Resolution: None
Name: 海南卫视, URL: https://migu.188766.xyz/?migutoken=d2061f4f32fe7d8fda9c2ab3bffd12ad&id=hn_hnws&type=sz, From: subscribe, IPv_Type: ipv6, Location: 美国, ISP: CloudFlare Inc., Date: None, Delay: -1 ms, Speed: 0.00 M/s, Resolution: None
Name: 海南卫视, URL: https://migu.188766.xyz/?migutoken=5562c492c5e3ed3005546c9f74113634&id=hn_hnws&type=sz, From: subscribe, IPv_Type: ipv6, Location: 美国, ISP: CloudFlare Inc., Date: None, Delay: -1 ms, Speed: 0.00 M/s, Resolution: None
Name: 海南卫视, URL: https://migu.188766.xyz/?migutoken=2f16e14b5322720025959757b0f92096&id=%E6%B5%B7%E5%8D%97%E5%8D%AB%E8%A7%86&type=yy, From: subscribe, IPv_Type: ipv6, Location: 美国, ISP: CloudFlare Inc., Date: None, Delay: -1 ms, Speed: 0.00 M/s, Resolution: None
Name: 海南卫视, URL: https://migu.188766.xyz/?migutoken=6dd36fcb01390d7b1a0e21e7c3e82b06&id=hn_hnws&type=sz, From: subscribe, IPv_Type: ipv6, Location: 美国, ISP: CloudFlare Inc., Date: None, Delay: -1 ms, Speed: 0.00 M/s, Resolution: None
Name: 海南卫视, URL: https://migu.188766.xyz/?migutoken=1e6a02bca54289915e01d7ab97bff736&id=%E6%B5%B7%E5%8D%97%E5%8D%AB%E8%A7%86&type=yy, From: subscribe, IPv_Type: ipv6, Location: 美国, ISP: CloudFlare Inc., Date: None, Delay: -1 ms, Speed: 0.00 M/s, Resolution: None
Name: 海南卫视, URL: https://migu.188766.xyz/?migutoken=20cebd593de3a4b59b7405fbfdc6876d&id=hn_hnws&type=sz, From: subscribe, IPv_Type: ipv6, Location: 美国, ISP: CloudFlare Inc., Date: None, Delay: -1 ms, Speed: 0.00 M/s, Resolution: None
Name: 海南卫视, URL: https://migu.188766.xyz/?migutoken=99b7bcb414da48713576354ee90423be&id=%E6%B5%B7%E5%8D%97%E5%8D%AB%E8%A7%86&type=yy, From: subscribe, IPv_Type: ipv6, Location: 美国, ISP: CloudFlare Inc., Date: None, Delay: -1 ms, Speed: 0.00 M/s, Resolution: None
Name: 海南卫视, URL: https://migu.188766.xyz/?migutoken=a870cd62f3e8175780856b1c3ecb5a19&id=hn_hnws&type=sz, From: subscribe, IPv_Type: ipv6, Location: 美国, ISP: CloudFlare Inc., Date: None, Delay: -1 ms, Speed: 0.00 M/s, Resolution: None
Name: 海南卫视, URL: https://migu.188766.xyz/?migutoken=28e1e9517a7c18f2d4ec77d831038d18&id=%E6%B5%B7%E5%8D%97%E5%8D%AB%E8%A7%86&type=yy, From: subscribe, IPv_Type: ipv6, Location: 美国, ISP: CloudFlare Inc., Date: None, Delay: -1 ms, Speed: 0.00 M/s, Resolution: None
Name: 海南卫视, URL: https://migu.188766.xyz/?migutoken=9bfd4cb84fd3e87e761654a96f5cb8e0&id=hn_hnws&type=sz, From: subscribe, IPv_Type: ipv6, Location: 美国, ISP: CloudFlare Inc., Date: None, Delay: -1 ms, Speed: 0.00 M/s, Resolution: None
Name: 海南卫视, URL: https://migu.188766.xyz/?migutoken=9d28485b5bd426158f42f3d880043d4b&id=%E6%B5%B7%E5%8D%97%E5%8D%AB%E8%A7%86&type=yy, From: subscribe, IPv_Type: ipv6, Location: 美国, ISP: CloudFlare Inc., Date: None, Delay: -1 ms, Speed: 0.00 M/s, Resolution: None
Name: 海南卫视, URL: https://migu.188766.xyz/?migutoken=e9b3342991bdabf0178516ba815bfbe2&id=hn_hnws&type=sz, From: subscribe, IPv_Type: ipv6, Location: 美国, ISP: CloudFlare Inc., Date: None, Delay: -1 ms, Speed: 0.00 M/s, Resolution: None
Name: 海南卫视, URL: https://migu.188766.xyz/?migutoken=cef51bf851f33bb37ce12be65d2de0db&id=%E6%B5%B7%E5%8D%97%E5%8D%AB%E8%A7%86&type=yy, From: subscribe, IPv_Type: ipv6, Location: 美国, ISP: CloudFlare Inc., Date: None, Delay: -1 ms, Speed: 0.00 M/s, Resolution: None
Name: 海南卫视, URL: https://migu.188766.xyz/?migutoken=ced453f47ec154b9fd0eeff1be94f8f1&id=hn_hnws&type=sz, From: subscribe, IPv_Type: ipv6, Location: 美国, ISP: CloudFlare Inc., Date: None, Delay: -1 ms, Speed: 0.00 M/s, Resolution: None
Name: 海南卫视, URL: https://migu.188766.xyz/?migutoken=6d8550f2b66cf7e9ea1c3cd74bab9fc6&id=%E6%B5%B7%E5%8D%97%E5%8D%AB%E8%A7%86&type=yy, From: subscribe, IPv_Type: ipv6, Location: 美国, ISP: CloudFlare Inc., Date: None, Delay: -1 ms, Speed: 0.00 M/s, Resolution: None
Name: 海南卫视, URL: https://migu.188766.xyz/?migutoken=63e5f3d85bee61640cfb3ce10ced9a63&id=hn_hnws&type=sz, From: subscribe, IPv_Type: ipv6, Location: 美国, ISP: CloudFlare Inc., Date: None, Delay: -1 ms, Speed: 0.00 M/s, Resolution: None
Name: 海南卫视, URL: https://migu.188766.xyz/?migutoken=cf1fb69ddb88b2c08143b8d9efccf4da&id=%E6%B5%B7%E5%8D%97%E5%8D%AB%E8%A7%86&type=yy, From: subscribe, IPv_Type: ipv6, Location: 美国, ISP: CloudFlare Inc., Date: None, Delay: -1 ms, Speed: 0.00 M/s, Resolution: None
Name: 河北卫视, URL: https://iptv.catvod.com/live.php?id=%E6%B2%B3%E5%8C%97%E5%8D%AB%E8%A7%86, From: subscribe, IPv_Type: ipv6, Location: 美国, ISP: CloudFlare Inc., Date: None, Delay: -1 ms, Speed: 0.00 M/s, Resolution: None
Name: 河北卫视, URL: http://event.pull.hebtv.com/jishi/weishi_tingyun.m3u8, From: subscribe, IPv_Type: ipv6, Location: 中国, ISP: 中国电信, Date: None, Delay: -1 ms, Speed: 0.00 M/s, Resolution: None
Name: 河北卫视, URL: http://tvgslb.hn.chinamobile.com:8089/180000001002/00000001000000000016000000007223/main.m3u8?stbid=, From: subscribe, IPv_Type: ipv6, Location: 中国, ISP: 中国移动, Date: None, Delay: -1 ms, Speed: 0.00 M/s, Resolution: None
Name: 河北卫视, URL: http://hwltc.tv.cdn.zj.chinamobile.com/PLTV/88888888/224/3221236242/index.m3u8, From: subscribe, IPv_Type: ipv6, Location: 中国, ISP: 中国移动, Date: None, Delay: -1 ms, Speed: 0.00 M/s, Resolution: None
Name: 河北卫视, URL: http://ott.mobaibox.com/PLTV/3/224/3221228106/index.m3u8, From: subscribe, IPv_Type: ipv6, Location: 中国, ISP: 中国移动, Date: None, Delay: -1 ms, Speed: 0.00 M/s, Resolution: None
Name: 河北卫视, URL: http://hwottcdn.ln.chinamobile.com/PLTV/11/224/3221226163/index.m3u8, From: subscribe, IPv_Type: ipv6, Location: 中国, ISP: 中国移动, Date: None, Delay: -1 ms, Speed: 0.00 M/s, Resolution: None
Name: 河北卫视, URL: http://hwottcdn.ln.chinamobile.com/PLTV/11/224/3221226774/index.m3u8, From: subscribe, IPv_Type: ipv6, Location: 中国, ISP: 中国移动, Date: None, Delay: -1 ms, Speed: 0.00 M/s, Resolution: None
Name: 河北卫视, URL: http://iptvrr.sh.chinamobile.com:6060/cms001/ch00000090990000001229/index.m3u8, From: subscribe, IPv_Type: ipv6, Location: 中国, ISP: 中国移动, Date: None, Delay: -1 ms, Speed: 0.00 M/s, Resolution: None
Name: 河北卫视, URL: http://hwottcdn.ln.chinamobile.com/PLTV/11/224/3221227408/index.m3u8, From: subscribe, IPv_Type: ipv6, Location: 中国, ISP: 中国移动, Date: None, Delay: -1 ms, Speed: 0.00 M/s, Resolution: None
Name: 河北卫视, URL: http://k.061899.xyz/k.php?id=hbws, From: subscribe, IPv_Type: ipv6, Location: 新加坡, ISP: Aceville Pte.Ltd., Date: None, Delay: -1 ms, Speed: 0.00 M/s, Resolution: None
Name: 河北卫视, URL: http://tvgslb.hn.chinamobile.com:8089/180000001002/00000000000000020000000000182263/main.m3u8?stbid=, From: subscribe, IPv_Type: ipv6, Location: 中国, ISP: 中国移动, Date: None, Delay: -1 ms, Speed: 0.00 M/s, Resolution: None
Name: 河北卫视, URL: http://rrs01.hw.gmcc.net:8088/PLTV/81/224/3221226665/1.m3u8, From: subscribe, IPv_Type: ipv6, Location: 中国, ISP: 中国移动, Date: None, Delay: -1 ms, Speed: 0.00 M/s, Resolution: None
Name: 河北卫视, URL: http://23.237.228.134/live8/hebei.m3u8, From: subscribe, IPv_Type: ipv4, Location: 北美地区, ISP: , Date: None, Delay: 1308 ms, Speed: 3.20 M/s, Resolution: 1920x1080
Name: 河北卫视, URL: http://gfr.x3322.net:9901/tsfile/live/1091_1.m3u8, From: subscribe, IPv_Type: ipv4, Location: 中国-海南, ISP: 电信, Date: None, Delay: 10666 ms, Speed: 0.03 M/s, Resolution: None
Name: 河南卫视, URL: https://www.freetv.top/migu/790187291.m3u8?migutoken=8cfda6b4bd8593bb9739434fecdd1cd097ab9b9609ed72d6de4ca14196c33fbc5ea88d4dae5a4c8a359213f9affc7ab2cf675a934561839e4060ba75bd56e43da713a62e3ebabc4ced1c770bca, From: subscribe, IPv_Type: ipv6, Location: 美国-加利福尼亚州-圣克拉拉, ISP: DigitalOcean, Date: None, Delay: 40 ms, Speed: 9.92 M/s, Resolution: 1920x1080
Name: 河南卫视, URL: https://migu.188766.xyz/?migutoken=a2ebe2fb2a3ac1ada37ca0340d38b768&id=%E6%B2%B3%E5%8D%97%E5%8D%AB%E8%A7%86%E9%AB%98%E6%B8%85&type=yy, From: subscribe, IPv_Type: ipv6, Location: 美国, ISP: CloudFlare Inc., Date: None, Delay: -1 ms, Speed: 0.00 M/s, Resolution: None
Name: 河南卫视, URL: http://gslbmgsplive.miguvideo.com/wd-henanwssd-600/index.m3u8?msisdn=202512090803225c8dc074761447ffa10b9ae6b0e548c5&mdspid=&spid=600633&netType=0&sid=5910021585&pid=2028597139&timestamp=20251209080322&Channel_ID=0116_2600037000-99000-200300220100002&ProgramID=790187291&ParentNodeID=-99&assertID=5910021585&client_ip=218.28.233.106&SecurityKey=20251209080322&promotionId=&mvid=5900005706&mcid=500020&playurlVersion=WX-A1-8.11.2-RELEASE&userid=&jmhm=&videocodec=h264&appCode=miguvideo_android&bean=mgspad&tid=android&conFee=0&puData=6c3f451caff439a40cae6b605884b84a&ddCalcu=a64cv83abfa44a85815c0a6fbf64e3a9ca04&sv=10004&ct=android, From: subscribe, IPv_Type: ipv6, Location: 中国, ISP: 中国移动, Date: None, Delay: -1 ms, Speed: 0.00 M/s, Resolution: None
Name: 河南卫视, URL: https://migu.188766.xyz/?migutoken=e7075f1c4c06187e2cf9f493e77846d5&id=%E6%B2%B3%E5%8D%97%E5%8D%AB%E8%A7%86%E9%AB%98%E6%B8%85&type=yy, From: subscribe, IPv_Type: ipv6, Location: 美国, ISP: CloudFlare Inc., Date: None, Delay: -1 ms, Speed: 0.00 M/s, Resolution: None
Name: 河南卫视, URL: https://iptv.catvod.com/live.php?id=%E6%B2%B3%E5%8D%97%E5%8D%AB%E8%A7%86, From: subscribe, IPv_Type: ipv6, Location: 美国, ISP: CloudFlare Inc., Date: None, Delay: -1 ms, Speed: 0.00 M/s, Resolution: None
Name: 河南卫视, URL: https://migu.188766.xyz/?migutoken=4d898b96bce9d79b0cc598d347211288&id=%E6%B2%B3%E5%8D%97%E5%8D%AB%E8%A7%86%E9%AB%98%E6%B8%85&type=yy, From: subscribe, IPv_Type: ipv6, Location: 美国, ISP: CloudFlare Inc., Date: None, Delay: -1 ms, Speed: 0.00 M/s, Resolution: None
Name: 河南卫视, URL: https://migu.188766.xyz/?migutoken=5a47702aa25f62cb2e7807e54ad59d7b&id=%E6%B2%B3%E5%8D%97%E5%8D%AB%E8%A7%86%E9%AB%98%E6%B8%85&type=yy, From: subscribe, IPv_Type: ipv6, Location: 美国, ISP: CloudFlare Inc., Date: None, Delay: -1 ms, Speed: 0.00 M/s, Resolution: None
Name: 河南卫视, URL: https://migu.188766.xyz/?migutoken=96271814da6011e2d5eab777ac2950e7&id=%E6%B2%B3%E5%8D%97%E5%8D%AB%E8%A7%86%E9%AB%98%E6%B8%85&type=yy, From: subscribe, IPv_Type: ipv6, Location: 美国, ISP: CloudFlare Inc., Date: None, Delay: -1 ms, Speed: 0.00 M/s, Resolution: None
Name: 河南卫视, URL: https://migu.188766.xyz/?migutoken=b3057acffba567c255101e011119834e&id=%E6%B2%B3%E5%8D%97%E5%8D%AB%E8%A7%86%E9%AB%98%E6%B8%85&type=yy, From: subscribe, IPv_Type: ipv6, Location: 美国, ISP: CloudFlare Inc., Date: None, Delay: -1 ms, Speed: 0.00 M/s, Resolution: None
Name: 河南卫视, URL: https://migu.188766.xyz/?migutoken=05d7abdedbaa17b8352408cbb7d2c3a9&id=%E6%B2%B3%E5%8D%97%E5%8D%AB%E8%A7%86%E9%AB%98%E6%B8%85&type=yy, From: subscribe, IPv_Type: ipv6, Location: 美国, ISP: CloudFlare Inc., Date: None, Delay: -1 ms, Speed: 0.00 M/s, Resolution: None
Name: 河南卫视, URL: https://migu.188766.xyz/?migutoken=f97d63f6a1f5257e6ce3460aaeb1bbe2&id=%E6%B2%B3%E5%8D%97%E5%8D%AB%E8%A7%86%E9%AB%98%E6%B8%85&type=yy, From: subscribe, IPv_Type: ipv6, Location: 美国, ISP: CloudFlare Inc., Date: None, Delay: -1 ms, Speed: 0.00 M/s, Resolution: None
Name: 河南卫视, URL: https://migu.188766.xyz/?migutoken=a4715b7808fe399212f9ab133a23ad7f&id=%E6%B2%B3%E5%8D%97%E5%8D%AB%E8%A7%86%E9%AB%98%E6%B8%85&type=yy, From: subscribe, IPv_Type: ipv6, Location: 美国, ISP: CloudFlare Inc., Date: None, Delay: -1 ms, Speed: 0.00 M/s, Resolution: None
Name: 河南卫视, URL: https://migu.188766.xyz/?migutoken=a243c8205767eec7df62bf67135c1c23&id=%E6%B2%B3%E5%8D%97%E5%8D%AB%E8%A7%86%E9%AB%98%E6%B8%85&type=yy, From: subscribe, IPv_Type: ipv6, Location: 美国, ISP: CloudFlare Inc., Date: None, Delay: -1 ms, Speed: 0.00 M/s, Resolution: None
Name: 河南卫视, URL: https://migu.188766.xyz/?migutoken=b71ad9532f8185c6521e950ba19af799&id=%E6%B2%B3%E5%8D%97%E5%8D%AB%E8%A7%86%E9%AB%98%E6%B8%85&type=yy, From: subscribe, IPv_Type: ipv6, Location: 美国, ISP: CloudFlare Inc., Date: None, Delay: -1 ms, Speed: 0.00 M/s, Resolution: None
Name: 河南卫视, URL: https://migu.188766.xyz/?migutoken=50bd7104defdd11a51037651417f5d83&id=%E6%B2%B3%E5%8D%97%E5%8D%AB%E8%A7%86%E9%AB%98%E6%B8%85&type=yy, From: subscribe, IPv_Type: ipv6, Location: 美国, ISP: CloudFlare Inc., Date: None, Delay: -1 ms, Speed: 0.00 M/s, Resolution: None
Name: 河南卫视, URL: https://migu.188766.xyz/?migutoken=8c44e01760f43e8008c7f29b0afcf0d6&id=%E6%B2%B3%E5%8D%97%E5%8D%AB%E8%A7%86%E9%AB%98%E6%B8%85&type=yy, From: subscribe, IPv_Type: ipv6, Location: 美国, ISP: CloudFlare Inc., Date: None, Delay: -1 ms, Speed: 0.00 M/s, Resolution: None
Name: 河南卫视, URL: https://migu.188766.xyz/?migutoken=f6a9914d110fc4ae16a8358ef03f8d6c&id=%E6%B2%B3%E5%8D%97%E5%8D%AB%E8%A7%86%E9%AB%98%E6%B8%85&type=yy, From: subscribe, IPv_Type: ipv6, Location: 美国, ISP: CloudFlare Inc., Date: None, Delay: -1 ms, Speed: 0.00 M/s, Resolution: None
Name: 河南卫视, URL: https://migu.188766.xyz/?migutoken=6b175df78b7089b34b5ba35496f0e564&id=%E6%B2%B3%E5%8D%97%E5%8D%AB%E8%A7%86%E9%AB%98%E6%B8%85&type=yy, From: subscribe, IPv_Type: ipv6, Location: 美国, ISP: CloudFlare Inc., Date: None, Delay: -1 ms, Speed: 0.00 M/s, Resolution: None
Name: 河南卫视, URL: https://migu.188766.xyz/?migutoken=c7e3be5370a5f2201040051ba1e0d230&id=%E6%B2%B3%E5%8D%97%E5%8D%AB%E8%A7%86%E9%AB%98%E6%B8%85&type=yy, From: subscribe, IPv_Type: ipv6, Location: 美国, ISP: CloudFlare Inc., Date: None, Delay: -1 ms, Speed: 0.00 M/s, Resolution: None
Name: 河南卫视, URL: https://migu.188766.xyz/?migutoken=505cb6533306585b0798f35222d4185b&id=%E6%B2%B3%E5%8D%97%E5%8D%AB%E8%A7%86%E9%AB%98%E6%B8%85&type=yy, From: subscribe, IPv_Type: ipv6, Location: 美国, ISP: CloudFlare Inc., Date: None, Delay: -1 ms, Speed: 0.00 M/s, Resolution: None
Name: 河南卫视, URL: http://tvgslb.hn.chinamobile.com:8089/180000001002/00000000000000020000000000182260/main.m3u8?stbid=, From: subscribe, IPv_Type: ipv6, Location: 中国, ISP: 中国移动, Date: None, Delay: -1 ms, Speed: 0.00 M/s, Resolution: None
Name: 河南卫视, URL: http://iptvrr.sh.chinamobile.com:6060/cms001/ch00000090990000001222/index.m3u8, From: subscribe, IPv_Type: ipv6, Location: 中国, ISP: 中国移动, Date: None, Delay: -1 ms, Speed: 0.00 M/s, Resolution: None
Name: 河南卫视, URL: http://k.061899.xyz/k.php?id=hnws, From: subscribe, IPv_Type: ipv6, Location: 新加坡, ISP: Aceville Pte.Ltd., Date: None, Delay: -1 ms, Speed: 0.00 M/s, Resolution: None
Name: 河南卫视, URL: http://ott.mobaibox.com/PLTV/3/224/3221228221/index.m3u8, From: subscribe, IPv_Type: ipv6, Location: 中国, ISP: 中国移动, Date: None, Delay: -1 ms, Speed: 0.00 M/s, Resolution: None
Name: 河南卫视, URL: http://hwottcdn.ln.chinamobile.com/PLTV/11/224/3221227353/index.m3u8, From: subscribe, IPv_Type: ipv6, Location: 中国, ISP: 中国移动, Date: None, Delay: -1 ms, Speed: 0.00 M/s, Resolution: None
Name: 河南卫视, URL: http://tvgslb.hn.chinamobile.com:8089/180000001002/00000001000000000057000000208264/main.m3u8?stbid=, From: subscribe, IPv_Type: ipv6, Location: 中国, ISP: 中国移动, Date: None, Delay: -1 ms, Speed: 0.00 M/s, Resolution: None
Name: 河南卫视, URL: http://rrs01.hw.gmcc.net:8088/PLTV/81/224/3221226668/1.m3u8, From: subscribe, IPv_Type: ipv6, Location: 中国, ISP: 中国移动, Date: None, Delay: -1 ms, Speed: 0.00 M/s, Resolution: None
Name: 河南卫视, URL: http://hwottcdn.ln.chinamobile.com/PLTV/11/224/3221226146/index.m3u8, From: subscribe, IPv_Type: ipv6, Location: 中国, ISP: 中国移动, Date: None, Delay: -1 ms, Speed: 0.00 M/s, Resolution: None
Name: 河南卫视, URL: http://hwottcdn.ln.chinamobile.com/PLTV/11/224/3221226791/index.m3u8, From: subscribe, IPv_Type: ipv6, Location: 中国, ISP: 中国移动, Date: None, Delay: -1 ms, Speed: 0.00 M/s, Resolution: None
Name: 河南卫视, URL: http://hwltc.tv.cdn.zj.chinamobile.com/PLTV/88888888/224/3221236218/index.m3u8, From: subscribe, IPv_Type: ipv6, Location: 中国, ISP: 中国移动, Date: None, Delay: -1 ms, Speed: 0.00 M/s, Resolution: None
Name: 河南卫视, URL: https://migu.188766.xyz/?migutoken=6db074b5e44e861c1a060b7bd2371d20&id=%E6%B2%B3%E5%8D%97%E5%8D%AB%E8%A7%86%E9%AB%98%E6%B8%85&type=yy, From: subscribe, IPv_Type: ipv6, Location: 美国, ISP: CloudFlare Inc., Date: None, Delay: -1 ms, Speed: 0.00 M/s, Resolution: None
Name: 河南卫视, URL: https://migu.188766.xyz/?migutoken=b993023b91d55c4255f382e6777f144c&id=%E6%B2%B3%E5%8D%97%E5%8D%AB%E8%A7%86%E9%AB%98%E6%B8%85&type=yy, From: subscribe, IPv_Type: ipv6, Location: 美国, ISP: CloudFlare Inc., Date: None, Delay: -1 ms, Speed: 0.00 M/s, Resolution: None
Name: 河南卫视, URL: https://migu.188766.xyz/?migutoken=a5e90e687b0771a3b383a9c2e0e3f5d9&id=%E6%B2%B3%E5%8D%97%E5%8D%AB%E8%A7%86%E9%AB%98%E6%B8%85&type=yy, From: subscribe, IPv_Type: ipv6, Location: 美国, ISP: CloudFlare Inc., Date: None, Delay: -1 ms, Speed: 0.00 M/s, Resolution: None
Name: 河南卫视, URL: https://migu.188766.xyz/?migutoken=93bd8e7b4544acefb39c72bc0b9b624f&id=%E6%B2%B3%E5%8D%97%E5%8D%AB%E8%A7%86%E9%AB%98%E6%B8%85&type=yy, From: subscribe, IPv_Type: ipv6, Location: 美国, ISP: CloudFlare Inc., Date: None, Delay: -1 ms, Speed: 0.00 M/s, Resolution: None
Name: 河南卫视, URL: https://migu.188766.xyz/?migutoken=4bc11db70071b10771b818c7e5e7fb63&id=%E6%B2%B3%E5%8D%97%E5%8D%AB%E8%A7%86%E9%AB%98%E6%B8%85&type=yy, From: subscribe, IPv_Type: ipv6, Location: 美国, ISP: CloudFlare Inc., Date: None, Delay: -1 ms, Speed: 0.00 M/s, Resolution: None
Name: 河南卫视, URL: https://migu.188766.xyz/?migutoken=f295fa124c7913e474e3b680e3d44657&id=%E6%B2%B3%E5%8D%97%E5%8D%AB%E8%A7%86%E9%AB%98%E6%B8%85&type=yy, From: subscribe, IPv_Type: ipv6, Location: 美国, ISP: CloudFlare Inc., Date: None, Delay: -1 ms, Speed: 0.00 M/s, Resolution: None
Name: 河南卫视, URL: https://migu.188766.xyz/?migutoken=468c66caa3a700fc254c30d65a1303a1&id=%E6%B2%B3%E5%8D%97%E5%8D%AB%E8%A7%86%E9%AB%98%E6%B8%85&type=yy, From: subscribe, IPv_Type: ipv6, Location: 美国, ISP: CloudFlare Inc., Date: None, Delay: -1 ms, Speed: 0.00 M/s, Resolution: None
Name: 河南卫视, URL: https://migu.188766.xyz/?migutoken=05f4e70c78817b762dc8a3078e05ae03&id=%E6%B2%B3%E5%8D%97%E5%8D%AB%E8%A7%86%E9%AB%98%E6%B8%85&type=yy, From: subscribe, IPv_Type: ipv6, Location: 美国, ISP: CloudFlare Inc., Date: None, Delay: -1 ms, Speed: 0.00 M/s, Resolution: None
Name: 河南卫视, URL: https://migu.188766.xyz/?migutoken=4ea1f349fc2676ad3068d72b4bcfcb53&id=%E6%B2%B3%E5%8D%97%E5%8D%AB%E8%A7%86%E9%AB%98%E6%B8%85&type=yy, From: subscribe, IPv_Type: ipv6, Location: 美国, ISP: CloudFlare Inc., Date: None, Delay: -1 ms, Speed: 0.00 M/s, Resolution: None
Name: 河南卫视, URL: https://migu.188766.xyz/?migutoken=1d74f2630a17a5d6b9601e6d280948ef&id=%E6%B2%B3%E5%8D%97%E5%8D%AB%E8%A7%86%E9%AB%98%E6%B8%85&type=yy, From: subscribe, IPv_Type: ipv6, Location: 美国, ISP: CloudFlare Inc., Date: None, Delay: -1 ms, Speed: 0.00 M/s, Resolution: None
Name: 河南卫视, URL: https://migu.188766.xyz/?migutoken=ecd75f010fb0cb34d82bc191c2ea4368&id=%E6%B2%B3%E5%8D%97%E5%8D%AB%E8%A7%86%E9%AB%98%E6%B8%85&type=yy, From: subscribe, IPv_Type: ipv6, Location: 美国, ISP: CloudFlare Inc., Date: None, Delay: -1 ms, Speed: 0.00 M/s, Resolution: None
Name: 河南卫视, URL: https://t.freetv.fun/live/he-nan-wei-shi-13.php, From: subscribe, IPv_Type: ipv6, Location: 美国, ISP: CloudFlare Inc., Date: None, Delay: -1 ms, Speed: 0.00 M/s, Resolution: None
Name: 河南卫视, URL: http://1.94.31.214/php/hntv.php?id=hnws, From: subscribe, IPv_Type: ipv4, Location: 中国-上海-上海, ISP: 华为云, Date: None, Delay: 109 ms, Speed: 7.79 M/s, Resolution: 1920x1080
Name: 吉林卫视, URL: https://www.freetv.top/migu/947472500.m3u8?migutoken=18d6d17bc9f6d0621b56e251449da66bb58876d41330b568d80f5262c9496615d17187c2eb3404fcf6c7110bd098cb97ef096ba5ee0db8bc36853d5e90104624843156a3bbce9cd841e94e3b54, From: subscribe, IPv_Type: ipv6, Location: 美国-加利福尼亚州-圣克拉拉, ISP: DigitalOcean, Date: None, Delay: 43 ms, Speed: 9.89 M/s, Resolution: 1920x1080
Name: 吉林卫视, URL: https://www.freetv.top/migu/947472500.m3u8?migutoken=a292c218f577586de197c309c2802e2876a0c4d88876e3c12af01684483503dd1c1a3e2137ff3bfffa8d3dc6b0d8e5b95ad98934693c2ffcc05ef7f5b37e8237aa9691b4fcb6ce0268d42fde1d, From: subscribe, IPv_Type: ipv6, Location: 美国-加利福尼亚州-圣克拉拉, ISP: DigitalOcean, Date: None, Delay: 43 ms, Speed: 10.12 M/s, Resolution: 1920x1080
Name: 吉林卫视, URL: https://www.freetv.top/migu/947472500.m3u8?migutoken=250e0383e8b670fa08b2f4aa78646ab4e9e4735bed1322cea2c819836d2dadd00594d11d905be0e507f1b6ad9c856bff9f88ecb37c73574cc468f3487c6f0a09e3d08567a7abfc02dad5cf14b7, From: subscribe, IPv_Type: ipv6, Location: 美国-加利福尼亚州-圣克拉拉, ISP: DigitalOcean, Date: None, Delay: 40 ms, Speed: 10.73 M/s, Resolution: 1920x1080
Name: 吉林卫视, URL: https://www.freetv.top/migu/947472500.m3u8?migutoken=3ea6f853b75f0ffefb45361abd4f4afde99a41c67eb1d480a3e4e1d7fb1a0dd6f93e6011475330b929d27f5b3fed5ab892298676a54c05a9741d9a11dc442899f4101d60bec353f2a25c1c2c78, From: subscribe, IPv_Type: ipv6, Location: 美国-加利福尼亚州-圣克拉拉, ISP: DigitalOcean, Date: None, Delay: 45 ms, Speed: 9.79 M/s, Resolution: 1920x1080
Name: 吉林卫视, URL: https://migu.188766.xyz/?migutoken=ca50430c532af62c97231b3677f59bf3&id=%E5%90%89%E6%9E%97%E5%8D%AB%E8%A7%86&type=yy, From: subscribe, IPv_Type: ipv6, Location: 美国, ISP: CloudFlare Inc., Date: None, Delay: -1 ms, Speed: 0.00 M/s, Resolution: None
Name: 吉林卫视, URL: http://gslbmgsplive.miguvideo.com/envivo_v/2018/SD/jilin/1000/index.m3u8?msisdn=202512090803266a5b5835a8b5465786a43436b6786409&mdspid=&spid=600633&netType=0&sid=5910022164&pid=2028597139&timestamp=20251209080326&Channel_ID=0116_2600037000-99000-200300220100002&ProgramID=947472500&ParentNodeID=-99&assertID=5910022164&client_ip=218.28.233.106&SecurityKey=20251209080326&promotionId=&mvid=5900004357&mcid=500020&playurlVersion=WX-A1-8.11.2-RELEASE&userid=&jmhm=&videocodec=h264&appCode=miguvideo_android&bean=mgspad&tid=android&conFee=0&puData=3a52874b365369d962bd422cfa3ab407&ddCalcu=730av45ab2za8a37a4fbc3262543d6b92d69&sv=10004&ct=android, From: subscribe, IPv_Type: ipv6, Location: 中国, ISP: 中国移动, Date: None, Delay: -1 ms, Speed: 0.00 M/s, Resolution: None
Name: 吉林卫视, URL: https://migu.188766.xyz/?migutoken=abb1bc0234476b6f2b589b7b5c6c34e0&id=%E5%90%89%E6%9E%97%E5%8D%AB%E8%A7%86&type=yy, From: subscribe, IPv_Type: ipv6, Location: 美国, ISP: CloudFlare Inc., Date: None, Delay: -1 ms, Speed: 0.00 M/s, Resolution: None
Name: 吉林卫视, URL: https://migu.188766.xyz/?migutoken=b800aba62fa1984af2354180c707c1e0&id=%E5%90%89%E6%9E%97%E5%8D%AB%E8%A7%86&type=yy, From: subscribe, IPv_Type: ipv6, Location: 美国, ISP: CloudFlare Inc., Date: None, Delay: -1 ms, Speed: 0.00 M/s, Resolution: None
Name: 吉林卫视, URL: https://migu.188766.xyz/?migutoken=a7998d070769a615a2a8403b455dc738&id=%E5%90%89%E6%9E%97%E5%8D%AB%E8%A7%86&type=yy, From: subscribe, IPv_Type: ipv6, Location: 美国, ISP: CloudFlare Inc., Date: None, Delay: -1 ms, Speed: 0.00 M/s, Resolution: None
Name: 吉林卫视, URL: https://migu.188766.xyz/?migutoken=456b3d65ebdbafddd19e84cbf3b59b5d&id=%E5%90%89%E6%9E%97%E5%8D%AB%E8%A7%86&type=yy, From: subscribe, IPv_Type: ipv6, Location: 美国, ISP: CloudFlare Inc., Date: None, Delay: -1 ms, Speed: 0.00 M/s, Resolution: None
Name: 吉林卫视, URL: https://migu.188766.xyz/?migutoken=b69248d77dc69c4a592195b8c50771dd&id=%E5%90%89%E6%9E%97%E5%8D%AB%E8%A7%86&type=yy, From: subscribe, IPv_Type: ipv6, Location: 美国, ISP: CloudFlare Inc., Date: None, Delay: -1 ms, Speed: 0.00 M/s, Resolution: None
Name: 吉林卫视, URL: https://migu.188766.xyz/?migutoken=552f4b11419157735082e7bd4c764400&id=%E5%90%89%E6%9E%97%E5%8D%AB%E8%A7%86&type=yy, From: subscribe, IPv_Type: ipv6, Location: 美国, ISP: CloudFlare Inc., Date: None, Delay: -1 ms, Speed: 0.00 M/s, Resolution: None
Name: 吉林卫视, URL: https://migu.188766.xyz/?migutoken=bc9d7b527a79412e22e1ec1c74e86220&id=%E5%90%89%E6%9E%97%E5%8D%AB%E8%A7%86&type=yy, From: subscribe, IPv_Type: ipv6, Location: 美国, ISP: CloudFlare Inc., Date: None, Delay: -1 ms, Speed: 0.00 M/s, Resolution: None
Name: 吉林卫视, URL: https://migu.188766.xyz/?migutoken=1a104608f2b994f0c54fa24153a3bfa1&id=%E5%90%89%E6%9E%97%E5%8D%AB%E8%A7%86&type=yy, From: subscribe, IPv_Type: ipv6, Location: 美国, ISP: CloudFlare Inc., Date: None, Delay: -1 ms, Speed: 0.00 M/s, Resolution: None
Name: 吉林卫视, URL: https://migu.188766.xyz/?migutoken=3fdd9ee0fa3d3adb66034982211331b7&id=%E5%90%89%E6%9E%97%E5%8D%AB%E8%A7%86&type=yy, From: subscribe, IPv_Type: ipv6, Location: 美国, ISP: CloudFlare Inc., Date: None, Delay: -1 ms, Speed: 0.00 M/s, Resolution: None
Name: 吉林卫视, URL: https://migu.188766.xyz/?migutoken=daf5e6bbdf18f36c1df09634e91a9234&id=%E5%90%89%E6%9E%97%E5%8D%AB%E8%A7%86&type=yy, From: subscribe, IPv_Type: ipv6, Location: 美国, ISP: CloudFlare Inc., Date: None, Delay: -1 ms, Speed: 0.00 M/s, Resolution: None
Name: 吉林卫视, URL: https://migu.188766.xyz/?migutoken=50cc84b6c4f44b7b3161066590a6fbc6&id=%E5%90%89%E6%9E%97%E5%8D%AB%E8%A7%86&type=yy, From: subscribe, IPv_Type: ipv6, Location: 美国, ISP: CloudFlare Inc., Date: None, Delay: -1 ms, Speed: 0.00 M/s, Resolution: None
Name: 吉林卫视, URL: https://migu.188766.xyz/?migutoken=7d85cb59223d5b290f38a603ccb9dacb&id=%E5%90%89%E6%9E%97%E5%8D%AB%E8%A7%86&type=yy, From: subscribe, IPv_Type: ipv6, Location: 美国, ISP: CloudFlare Inc., Date: None, Delay: -1 ms, Speed: 0.00 M/s, Resolution: None
Name: 吉林卫视, URL: https://migu.188766.xyz/?migutoken=5dca455deadf4fdeae5885c1b5adf1f0&id=%E5%90%89%E6%9E%97%E5%8D%AB%E8%A7%86&type=yy, From: subscribe, IPv_Type: ipv6, Location: 美国, ISP: CloudFlare Inc., Date: None, Delay: -1 ms, Speed: 0.00 M/s, Resolution: None
Name: 吉林卫视, URL: https://iptv.catvod.com/live.php?id=%E5%90%89%E6%9E%97%E5%8D%AB%E8%A7%86, From: subscribe, IPv_Type: ipv6, Location: 美国, ISP: CloudFlare Inc., Date: None, Delay: -1 ms, Speed: 0.00 M/s, Resolution: None
Name: 吉林卫视, URL: https://migu.188766.xyz/?migutoken=a9010441179c241d9edfff3eefe23c08&id=%E5%90%89%E6%9E%97%E5%8D%AB%E8%A7%86&type=yy, From: subscribe, IPv_Type: ipv6, Location: 美国, ISP: CloudFlare Inc., Date: None, Delay: -1 ms, Speed: 0.00 M/s, Resolution: None
Name: 吉林卫视, URL: https://migu.188766.xyz/?migutoken=ae8675389a4b126102c9f3497ee6fe32&id=%E5%90%89%E6%9E%97%E5%8D%AB%E8%A7%86&type=yy, From: subscribe, IPv_Type: ipv6, Location: 美国, ISP: CloudFlare Inc., Date: None, Delay: -1 ms, Speed: 0.00 M/s, Resolution: None
Name: 吉林卫视, URL: https://migu.188766.xyz/?migutoken=cf7cbd744afa6d6bf16456577057adee&id=%E5%90%89%E6%9E%97%E5%8D%AB%E8%A7%86&type=yy, From: subscribe, IPv_Type: ipv6, Location: 美国, ISP: CloudFlare Inc., Date: None, Delay: -1 ms, Speed: 0.00 M/s, Resolution: None
Name: 吉林卫视, URL: http://ott.mobaibox.com/PLTV/3/224/3221228130/index.m3u8, From: subscribe, IPv_Type: ipv6, Location: 中国, ISP: 中国移动, Date: None, Delay: -1 ms, Speed: 0.00 M/s, Resolution: None
Name: 吉林卫视, URL: http://k.061899.xyz/k.php?id=jlws, From: subscribe, IPv_Type: ipv6, Location: 新加坡, ISP: Aceville Pte.Ltd., Date: None, Delay: -1 ms, Speed: 0.00 M/s, Resolution: None
Name: 吉林卫视, URL: http://tvgslb.hn.chinamobile.com:8089/180000001002/00000001000000000057000000208223/main.m3u8?stbid=, From: subscribe, IPv_Type: ipv6, Location: 中国, ISP: 中国移动, Date: None, Delay: -1 ms, Speed: 0.00 M/s, Resolution: None
Name: 吉林卫视, URL: http://iptvrr.sh.chinamobile.com:6060/cms001/ch00000090990000001225/index.m3u8, From: subscribe, IPv_Type: ipv6, Location: 中国, ISP: 中国移动, Date: None, Delay: -1 ms, Speed: 0.00 M/s, Resolution: None
Name: 吉林卫视, URL: http://hwltc.tv.cdn.zj.chinamobile.com/PLTV/88888888/224/3221236268/index.m3u8, From: subscribe, IPv_Type: ipv6, Location: 中国, ISP: 中国移动, Date: None, Delay: -1 ms, Speed: 0.00 M/s, Resolution: None
Name: 吉林卫视, URL: http://hwottcdn.ln.chinamobile.com/PLTV/11/224/3221226159/index.m3u8, From: subscribe, IPv_Type: ipv6, Location: 中国, ISP: 中国移动, Date: None, Delay: -1 ms, Speed: 0.00 M/s, Resolution: None
Name: 吉林卫视, URL: http://hwottcdn.ln.chinamobile.com/PLTV/11/224/3221227310/index.m3u8, From: subscribe, IPv_Type: ipv6, Location: 中国, ISP: 中国移动, Date: None, Delay: -1 ms, Speed: 0.00 M/s, Resolution: None
Name: 吉林卫视, URL: http://hwottcdn.ln.chinamobile.com/PLTV/11/224/3221227163/index.m3u8, From: subscribe, IPv_Type: ipv6, Location: 中国, ISP: 中国移动, Date: None, Delay: -1 ms, Speed: 0.00 M/s, Resolution: None
Name: 吉林卫视, URL: http://tvgslb.hn.chinamobile.com:8089/180000001002/00000000000000020000000000182264/main.m3u8?stbid=, From: subscribe, IPv_Type: ipv6, Location: 中国, ISP: 中国移动, Date: None, Delay: -1 ms, Speed: 0.00 M/s, Resolution: None
Name: 吉林卫视, URL: https://migu.188766.xyz/?migutoken=4b4b4ce8cab12574d5221e283ee63893&id=%E5%90%89%E6%9E%97%E5%8D%AB%E8%A7%86&type=yy, From: subscribe, IPv_Type: ipv6, Location: 美国, ISP: CloudFlare Inc., Date: None, Delay: -1 ms, Speed: 0.00 M/s, Resolution: None
Name: 吉林卫视, URL: https://migu.188766.xyz/?migutoken=c148374ec4a499cbe1e1d697b70a7b00&id=%E5%90%89%E6%9E%97%E5%8D%AB%E8%A7%86&type=yy, From: subscribe, IPv_Type: ipv6, Location: 美国, ISP: CloudFlare Inc., Date: None, Delay: -1 ms, Speed: 0.00 M/s, Resolution: None
Name: 吉林卫视, URL: https://migu.188766.xyz/?migutoken=f0b6f392a48f76371ad30c1ab4fca301&id=%E5%90%89%E6%9E%97%E5%8D%AB%E8%A7%86&type=yy, From: subscribe, IPv_Type: ipv6, Location: 美国, ISP: CloudFlare Inc., Date: None, Delay: -1 ms, Speed: 0.00 M/s, Resolution: None
Name: 吉林卫视, URL: https://migu.188766.xyz/?migutoken=72d97b55ca5d208b987de31a62e8ebc6&id=%E5%90%89%E6%9E%97%E5%8D%AB%E8%A7%86&type=yy, From: subscribe, IPv_Type: ipv6, Location: 美国, ISP: CloudFlare Inc., Date: None, Delay: -1 ms, Speed: 0.00 M/s, Resolution: None
Name: 吉林卫视, URL: https://migu.188766.xyz/?migutoken=5aea389f14cbcd3e41da9e0bbe2ccfb1&id=%E5%90%89%E6%9E%97%E5%8D%AB%E8%A7%86&type=yy, From: subscribe, IPv_Type: ipv6, Location: 美国, ISP: CloudFlare Inc., Date: None, Delay: -1 ms, Speed: 0.00 M/s, Resolution: None
Name: 吉林卫视, URL: https://migu.188766.xyz/?migutoken=36d81c9be1230a300f63df815e6b733c&id=%E5%90%89%E6%9E%97%E5%8D%AB%E8%A7%86&type=yy, From: subscribe, IPv_Type: ipv6, Location: 美国, ISP: CloudFlare Inc., Date: None, Delay: -1 ms, Speed: 0.00 M/s, Resolution: None
Name: 吉林卫视, URL: https://migu.188766.xyz/?migutoken=a9b0729208a419e095ffc2ed25883def&id=%E5%90%89%E6%9E%97%E5%8D%AB%E8%A7%86&type=yy, From: subscribe, IPv_Type: ipv6, Location: 美国, ISP: CloudFlare Inc., Date: None, Delay: -1 ms, Speed: 0.00 M/s, Resolution: None
Name: 吉林卫视, URL: https://migu.188766.xyz/?migutoken=63b95d9af73176381b8d9b0020931587&id=%E5%90%89%E6%9E%97%E5%8D%AB%E8%A7%86&type=yy, From: subscribe, IPv_Type: ipv6, Location: 美国, ISP: CloudFlare Inc., Date: None, Delay: -1 ms, Speed: 0.00 M/s, Resolution: None
Name: 吉林卫视, URL: https://migu.188766.xyz/?migutoken=0a5f3846c8a279080ef231ffec71bf47&id=%E5%90%89%E6%9E%97%E5%8D%AB%E8%A7%86&type=yy, From: subscribe, IPv_Type: ipv6, Location: 美国, ISP: CloudFlare Inc., Date: None, Delay: -1 ms, Speed: 0.00 M/s, Resolution: None
Name: 吉林卫视, URL: https://migu.188766.xyz/?migutoken=1b2d024a36b22e3cd54e32d8ee87f335&id=%E5%90%89%E6%9E%97%E5%8D%AB%E8%A7%86&type=yy, From: subscribe, IPv_Type: ipv6, Location: 美国, ISP: CloudFlare Inc., Date: None, Delay: -1 ms, Speed: 0.00 M/s, Resolution: None
Name: 吉林卫视, URL: https://migu.188766.xyz/?migutoken=0d4be8eb60b55dad1dcf3b62db1e52b2&id=%E5%90%89%E6%9E%97%E5%8D%AB%E8%A7%86&type=yy, From: subscribe, IPv_Type: ipv6, Location: 美国, ISP: CloudFlare Inc., Date: None, Delay: -1 ms, Speed: 0.00 M/s, Resolution: None
Name: 吉林卫视, URL: http://23.237.228.134/live8/jilin.m3u8, From: subscribe, IPv_Type: ipv4, Location: 北美地区, ISP: , Date: None, Delay: 157 ms, Speed: 12.89 M/s, Resolution: 1920x1080
Name: 吉林卫视, URL: http://38.75.136.137:98/gslb/dsdqpub/jlwshd.m3u8?auth=testpub, From: subscribe, IPv_Type: ipv4, Location: 美国-伊利诺伊州-库克, ISP: Cogent, Date: None, Delay: 2429 ms, Speed: 2.53 M/s, Resolution: 1920x1080
Name: 江苏卫视, URL: https://www.freetv.top/migu/623899368.m3u8?migutoken=3ec7add32f2108ed670e526f58207033f492fc81ffe6044df4e04bf88bca3cfbe3f1af7bd4fa10e5a6663f276475985da275dfa9a568feed08fbc90f40838156a2167089cb6b35aaaf231e8ae8, From: subscribe, IPv_Type: ipv6, Location: 美国-加利福尼亚州-圣克拉拉, ISP: DigitalOcean, Date: None, Delay: 39 ms, Speed: 10.71 M/s, Resolution: 1920x1080
Name: 江苏卫视, URL: https://www.freetv.top/migu/623899368.m3u8?migutoken=97c7334488eebe10f8c7b70518971ba643de7407f32f3bb9fa0a6ece2bce6efb9942dee16dfb87de86df53f96ada93dc655f3c7535b19ffce4a9f67172ff587bbab11924238b04bf91959f0cc5, From: subscribe, IPv_Type: ipv6, Location: 美国-加利福尼亚州-圣克拉拉, ISP: DigitalOcean, Date: None, Delay: 45 ms, Speed: 10.15 M/s, Resolution: 1920x1080
Name: 江苏卫视, URL: https://www.freetv.top/migu/623899368.m3u8?migutoken=ca66e6b352790e26cafbf18eb7d18109977a8f44afcc9fafcfd79a7a68f6edd137bb91043c772fd9a42724999781eff4c9ccb62eb6457e260348f7b8f07926845ccf51ebc2fc10b4fecea8272d, From: subscribe, IPv_Type: ipv6, Location: 美国-加利福尼亚州-圣克拉拉, ISP: DigitalOcean, Date: None, Delay: 46 ms, Speed: 9.89 M/s, Resolution: 1920x1080
Name: 江苏卫视, URL: https://www.freetv.top/migu/623899368.m3u8?migutoken=f1cd269b0915b27f2f0df129140c45e31211c441e8ec295cf566305c2c1d9f490e8e306f275eb4c59d97f3f033a2c75d35acaee85d3c81095ef1399e7c55e0351c61f40a24aaa0a52ccffa9041, From: subscribe, IPv_Type: ipv6, Location: 美国-加利福尼亚州-圣克拉拉, ISP: DigitalOcean, Date: None, Delay: 43 ms, Speed: 10.39 M/s, Resolution: 1920x1080
Name: 江苏卫视, URL: https://www.freetv.top/migu/623899368.m3u8?migutoken=49a45b3ba8201aca65a6b8be298982e4b5c80abded17ae9a45d43f576e0fabc24f849a21fff1e9653aace2fa93b5a1b13bb115f1ea22af88d87707910500a29b49881a6a8a76610a5c7c479903, From: subscribe, IPv_Type: ipv6, Location: 美国-加利福尼亚州-圣克拉拉, ISP: DigitalOcean, Date: None, Delay: 45 ms, Speed: 10.56 M/s, Resolution: 1920x1080
Name: 江苏卫视, URL: https://migu.188766.xyz/?migutoken=2eff64aeb71fd7944423da5a943563c2&id=%E6%B1%9F%E8%8B%8F%E5%8D%AB%E8%A7%86&type=yy, From: subscribe, IPv_Type: ipv6, Location: 美国, ISP: CloudFlare Inc., Date: None, Delay: -1 ms, Speed: 0.00 M/s, Resolution: None
Name: 江苏卫视, URL: http://gslbmgsplive.miguvideo.com/wd_r2/cctv/jiangsuhd/600/index.m3u8?msisdn=20251209080320b784edbc73854b8787fec7707b28771f&mdspid=&spid=699067&netType=0&sid=5500199408&pid=2028597139&timestamp=20251209080320&Channel_ID=0116_2600037000-99000-200300220100002&ProgramID=623899368&ParentNodeID=-99&assertID=5500199408&client_ip=218.28.233.106&SecurityKey=20251209080320&promotionId=&mvid=5100156802&mcid=500020&playurlVersion=WX-A1-8.11.2-RELEASE&userid=&jmhm=&videocodec=h264&appCode=miguvideo_android&bean=mgspad&tid=android&conFee=0&puData=f702519001547feba33f2874379706ea&ddCalcu=afe7v60a02b75a91793040718524f73f3eab&sv=10004&ct=android, From: subscribe, IPv_Type: ipv6, Location: 中国, ISP: 中国移动, Date: None, Delay: -1 ms, Speed: 0.00 M/s, Resolution: None
Name: 江苏卫视, URL: https://migu.188766.xyz/?migutoken=5d39f8fda834dd51d5e394e8f699c1d7&id=%E6%B1%9F%E8%8B%8F%E5%8D%AB%E8%A7%86&type=yy, From: subscribe, IPv_Type: ipv6, Location: 美国, ISP: CloudFlare Inc., Date: None, Delay: -1 ms, Speed: 0.00 M/s, Resolution: None
Name: 江苏卫视, URL: https://migu.188766.xyz/?migutoken=99db2edb9948ff30353ec29f82ca5546&id=%E6%B1%9F%E8%8B%8F%E5%8D%AB%E8%A7%86&type=yy, From: subscribe, IPv_Type: ipv6, Location: 美国, ISP: CloudFlare Inc., Date: None, Delay: -1 ms, Speed: 0.00 M/s, Resolution: None
Name: 江苏卫视, URL: https://migu.188766.xyz/?migutoken=21441e02d657de4aacbb518ad72bf529&id=%E6%B1%9F%E8%8B%8F%E5%8D%AB%E8%A7%86&type=yy, From: subscribe, IPv_Type: ipv6, Location: 美国, ISP: CloudFlare Inc., Date: None, Delay: -1 ms, Speed: 0.00 M/s, Resolution: None
Name: 江苏卫视, URL: https://migu.188766.xyz/?migutoken=91df9d2a17d987c24d3cf86361a28fd8&id=%E6%B1%9F%E8%8B%8F%E5%8D%AB%E8%A7%86&type=yy, From: subscribe, IPv_Type: ipv6, Location: 美国, ISP: CloudFlare Inc., Date: None, Delay: -1 ms, Speed: 0.00 M/s, Resolution: None
Name: 江苏卫视, URL: https://migu.188766.xyz/?migutoken=fa1129febccc948ff5d8b36ff51921b2&id=%E6%B1%9F%E8%8B%8F%E5%8D%AB%E8%A7%86&type=yy, From: subscribe, IPv_Type: ipv6, Location: 美国, ISP: CloudFlare Inc., Date: None, Delay: -1 ms, Speed: 0.00 M/s, Resolution: None
Name: 江苏卫视, URL: https://migu.188766.xyz/?migutoken=e7fe0934809135f21fe0d1bc2c01d2d9&id=%E6%B1%9F%E8%8B%8F%E5%8D%AB%E8%A7%86&type=yy, From: subscribe, IPv_Type: ipv6, Location: 美国, ISP: CloudFlare Inc., Date: None, Delay: -1 ms, Speed: 0.00 M/s, Resolution: None
Name: 江苏卫视, URL: https://migu.188766.xyz/?migutoken=0ee86a388b0b2c66c0119b221162d6bd&id=%E6%B1%9F%E8%8B%8F%E5%8D%AB%E8%A7%86&type=yy, From: subscribe, IPv_Type: ipv6, Location: 美国, ISP: CloudFlare Inc., Date: None, Delay: -1 ms, Speed: 0.00 M/s, Resolution: None
Name: 江苏卫视, URL: https://migu.188766.xyz/?migutoken=538fccd8296e7f6e949e4d82405a4018&id=%E6%B1%9F%E8%8B%8F%E5%8D%AB%E8%A7%86&type=yy, From: subscribe, IPv_Type: ipv6, Location: 美国, ISP: CloudFlare Inc., Date: None, Delay: -1 ms, Speed: 0.00 M/s, Resolution: None
Name: 江苏卫视, URL: https://migu.188766.xyz/?migutoken=81b11a849284d2d2d4a9ad0791163061&id=%E6%B1%9F%E8%8B%8F%E5%8D%AB%E8%A7%86&type=yy, From: subscribe, IPv_Type: ipv6, Location: 美国, ISP: CloudFlare Inc., Date: None, Delay: -1 ms, Speed: 0.00 M/s, Resolution: None
Name: 江苏卫视, URL: https://migu.188766.xyz/?migutoken=bb57257901e893cb075485be3eadca6b&id=%E6%B1%9F%E8%8B%8F%E5%8D%AB%E8%A7%86&type=yy, From: subscribe, IPv_Type: ipv6, Location: 美国, ISP: CloudFlare Inc., Date: None, Delay: -1 ms, Speed: 0.00 M/s, Resolution: None
Name: 江苏卫视, URL: https://migu.188766.xyz/?migutoken=2556c381b5cfdfbd0a90454bb0c5672a&id=%E6%B1%9F%E8%8B%8F%E5%8D%AB%E8%A7%86&type=yy, From: subscribe, IPv_Type: ipv6, Location: 美国, ISP: CloudFlare Inc., Date: None, Delay: -1 ms, Speed: 0.00 M/s, Resolution: None
Name: 江苏卫视, URL: https://migu.188766.xyz/?migutoken=fd64baa1838b012f4fd200184647e36f&id=%E6%B1%9F%E8%8B%8F%E5%8D%AB%E8%A7%86&type=yy, From: subscribe, IPv_Type: ipv6, Location: 美国, ISP: CloudFlare Inc., Date: None, Delay: -1 ms, Speed: 0.00 M/s, Resolution: None
Name: 江苏卫视, URL: https://migu.188766.xyz/?migutoken=05141b2fbcc05b80e38abf7bd3214503&id=%E6%B1%9F%E8%8B%8F%E5%8D%AB%E8%A7%86&type=yy, From: subscribe, IPv_Type: ipv6, Location: 美国, ISP: CloudFlare Inc., Date: None, Delay: -1 ms, Speed: 0.00 M/s, Resolution: None
Name: 江苏卫视, URL: https://migu.188766.xyz/?migutoken=0f877f215fb87097652cf0293f01e0c9&id=%E6%B1%9F%E8%8B%8F%E5%8D%AB%E8%A7%86&type=yy, From: subscribe, IPv_Type: ipv6, Location: 美国, ISP: CloudFlare Inc., Date: None, Delay: -1 ms, Speed: 0.00 M/s, Resolution: None
Name: 江苏卫视, URL: https://migu.188766.xyz/?migutoken=1951e3f9d28445aab3bfdbfb40fc2f4e&id=%E6%B1%9F%E8%8B%8F%E5%8D%AB%E8%A7%86&type=yy, From: subscribe, IPv_Type: ipv6, Location: 美国, ISP: CloudFlare Inc., Date: None, Delay: -1 ms, Speed: 0.00 M/s, Resolution: None
Name: 江苏卫视, URL: https://migu.188766.xyz/?migutoken=4e6d72bb411418cd63d92cad785e0f89&id=%E6%B1%9F%E8%8B%8F%E5%8D%AB%E8%A7%86&type=yy, From: subscribe, IPv_Type: ipv6, Location: 美国, ISP: CloudFlare Inc., Date: None, Delay: -1 ms, Speed: 0.00 M/s, Resolution: None
Name: 江苏卫视, URL: http://hwottcdn.ln.chinamobile.com/PLTV/11/224/3221226781/index.m3u8, From: subscribe, IPv_Type: ipv6, Location: 中国, ISP: 中国移动, Date: None, Delay: -1 ms, Speed: 0.00 M/s, Resolution: None
Name: 江苏卫视, URL: http://hwottcdn.ln.chinamobile.com/PLTV/11/224/3221226143/index.m3u8, From: subscribe, IPv_Type: ipv6, Location: 中国, ISP: 中国移动, Date: None, Delay: -1 ms, Speed: 0.00 M/s, Resolution: None
Name: 江苏卫视, URL: http://iptvrr.sh.chinamobile.com:6060/cms001/ch00000090990000001033/index.m3u8, From: subscribe, IPv_Type: ipv6, Location: 中国, ISP: 中国移动, Date: None, Delay: -1 ms, Speed: 0.00 M/s, Resolution: None
Name: 江苏卫视, URL: http://k.061899.xyz/k.php?id=jsws, From: subscribe, IPv_Type: ipv6, Location: 新加坡, ISP: Aceville Pte.Ltd., Date: None, Delay: -1 ms, Speed: 0.00 M/s, Resolution: None
Name: 江苏卫视, URL: http://tvgslb.hn.chinamobile.com:8089/180000001002/00000001000000000099000000197694/main.m3u8?stbid=, From: subscribe, IPv_Type: ipv6, Location: 中国, ISP: 中国移动, Date: None, Delay: -1 ms, Speed: 0.00 M/s, Resolution: None
Name: 江苏卫视, URL: http://hwltc.tv.cdn.zj.chinamobile.com/PLTV/88888888/224/3221236221/index.m3u8, From: subscribe, IPv_Type: ipv6, Location: 中国, ISP: 中国移动, Date: None, Delay: -1 ms, Speed: 0.00 M/s, Resolution: None
Name: 江苏卫视, URL: http://tvgslb.hn.chinamobile.com:8089/180000001002/00000000000000020000000000182569/main.m3u8?stbid=, From: subscribe, IPv_Type: ipv6, Location: 中国, ISP: 中国移动, Date: None, Delay: -1 ms, Speed: 0.00 M/s, Resolution: None
Name: 江苏卫视, URL: http://hwottcdn.ln.chinamobile.com/PLTV/11/224/3221226902/index.m3u8, From: subscribe, IPv_Type: ipv6, Location: 中国, ISP: 中国移动, Date: None, Delay: -1 ms, Speed: 0.00 M/s, Resolution: None
Name: 江苏卫视, URL: http://hwottcdn.ln.chinamobile.com/PLTV/11/224/3221226672/index.m3u8, From: subscribe, IPv_Type: ipv6, Location: 中国, ISP: 中国移动, Date: None, Delay: -1 ms, Speed: 0.00 M/s, Resolution: None
Name: 江苏卫视, URL: http://hwottcdn.ln.chinamobile.com/PLTV/11/224/3221226160/index.m3u8, From: subscribe, IPv_Type: ipv6, Location: 中国, ISP: 中国移动, Date: None, Delay: -1 ms, Speed: 0.00 M/s, Resolution: None
Name: 江苏卫视, URL: http://ott.mobaibox.com/PLTV/3/224/3221228097/index.m3u8, From: subscribe, IPv_Type: ipv6, Location: 中国, ISP: 中国移动, Date: None, Delay: -1 ms, Speed: 0.00 M/s, Resolution: None
Name: 江苏卫视, URL: http://hwottcdn.ln.chinamobile.com/PLTV/11/224/3221227303/index.m3u8, From: subscribe, IPv_Type: ipv6, Location: 中国, ISP: 中国移动, Date: None, Delay: -1 ms, Speed: 0.00 M/s, Resolution: None
Name: 江苏卫视, URL: https://migu.188766.xyz/?migutoken=1a72612c470c9ea498cc41956e652be2&id=%E6%B1%9F%E8%8B%8F%E5%8D%AB%E8%A7%86&type=yy, From: subscribe, IPv_Type: ipv6, Location: 美国, ISP: CloudFlare Inc., Date: None, Delay: -1 ms, Speed: 0.00 M/s, Resolution: None
Name: 江苏卫视, URL: https://migu.188766.xyz/?migutoken=18a688a655dd03509424137a6979a8f3&id=%E6%B1%9F%E8%8B%8F%E5%8D%AB%E8%A7%86&type=yy, From: subscribe, IPv_Type: ipv6, Location: 美国, ISP: CloudFlare Inc., Date: None, Delay: -1 ms, Speed: 0.00 M/s, Resolution: None
Name: 江苏卫视, URL: https://migu.188766.xyz/?migutoken=7188277c41298adc8d158152f79d5ee1&id=%E6%B1%9F%E8%8B%8F%E5%8D%AB%E8%A7%86&type=yy, From: subscribe, IPv_Type: ipv6, Location: 美国, ISP: CloudFlare Inc., Date: None, Delay: -1 ms, Speed: 0.00 M/s, Resolution: None
Name: 江苏卫视, URL: https://migu.188766.xyz/?migutoken=ef63a7c2a0fc825feee538b99d5859d2&id=%E6%B1%9F%E8%8B%8F%E5%8D%AB%E8%A7%86&type=yy, From: subscribe, IPv_Type: ipv6, Location: 美国, ISP: CloudFlare Inc., Date: None, Delay: -1 ms, Speed: 0.00 M/s, Resolution: None
Name: 江苏卫视, URL: https://migu.188766.xyz/?migutoken=0e360ac712387d55d7de0f5ba22fc3b8&id=%E6%B1%9F%E8%8B%8F%E5%8D%AB%E8%A7%86&type=yy, From: subscribe, IPv_Type: ipv6, Location: 美国, ISP: CloudFlare Inc., Date: None, Delay: -1 ms, Speed: 0.00 M/s, Resolution: None
Name: 江苏卫视, URL: https://migu.188766.xyz/?migutoken=e766720d05cce476089fd8ef2ed9bae7&id=%E6%B1%9F%E8%8B%8F%E5%8D%AB%E8%A7%86&type=yy, From: subscribe, IPv_Type: ipv6, Location: 美国, ISP: CloudFlare Inc., Date: None, Delay: -1 ms, Speed: 0.00 M/s, Resolution: None
Name: 江苏卫视, URL: https://migu.188766.xyz/?migutoken=a186f02ed2a8327dc3b7656a53d269b2&id=%E6%B1%9F%E8%8B%8F%E5%8D%AB%E8%A7%86&type=yy, From: subscribe, IPv_Type: ipv6, Location: 美国, ISP: CloudFlare Inc., Date: None, Delay: -1 ms, Speed: 0.00 M/s, Resolution: None
Name: 江苏卫视, URL: https://migu.188766.xyz/?migutoken=e71d30462e7ab97d2c2d7189944a6084&id=%E6%B1%9F%E8%8B%8F%E5%8D%AB%E8%A7%86&type=yy, From: subscribe, IPv_Type: ipv6, Location: 美国, ISP: CloudFlare Inc., Date: None, Delay: -1 ms, Speed: 0.00 M/s, Resolution: None
Name: 江苏卫视, URL: https://migu.188766.xyz/?migutoken=1b92cad25d2fe20125fe0352651b26e4&id=%E6%B1%9F%E8%8B%8F%E5%8D%AB%E8%A7%86&type=yy, From: subscribe, IPv_Type: ipv6, Location: 美国, ISP: CloudFlare Inc., Date: None, Delay: -1 ms, Speed: 0.00 M/s, Resolution: None
Name: 江苏卫视, URL: https://migu.188766.xyz/?migutoken=22279426befb05b49ff3d90874c7b97a&id=%E6%B1%9F%E8%8B%8F%E5%8D%AB%E8%A7%86&type=yy, From: subscribe, IPv_Type: ipv6, Location: 美国, ISP: CloudFlare Inc., Date: None, Delay: -1 ms, Speed: 0.00 M/s, Resolution: None
Name: 江苏卫视, URL: https://migu.188766.xyz/?migutoken=c238b44dcc8d4a41f591319bbb18c3b1&id=%E6%B1%9F%E8%8B%8F%E5%8D%AB%E8%A7%86&type=yy, From: subscribe, IPv_Type: ipv6, Location: 美国, ISP: CloudFlare Inc., Date: None, Delay: -1 ms, Speed: 0.00 M/s, Resolution: None
Name: 江苏卫视, URL: https://t.freetv.fun/live/jiang-su-wei-shi-5.m3u8, From: subscribe, IPv_Type: ipv6, Location: 美国, ISP: CloudFlare Inc., Date: None, Delay: -1 ms, Speed: 0.00 M/s, Resolution: None
Name: 江苏卫视, URL: http://23.237.228.134/live3/jiangsu.m3u8, From: subscribe, IPv_Type: ipv4, Location: 北美地区, ISP: , Date: None, Delay: 657 ms, Speed: 5.08 M/s, Resolution: 1920x1080
Name: 江苏卫视, URL: http://38.75.136.137:98/gslb/dsdqpub/jswshd.m3u8?auth=testpub, From: subscribe, IPv_Type: ipv4, Location: 美国-伊利诺伊州-库克, ISP: Cogent, Date: None, Delay: 1070 ms, Speed: 3.03 M/s, Resolution: 1920x1080
Name: 江西卫视, URL: https://www.freetv.top/migu/783847495.m3u8?migutoken=fddcc05dc0245329d3208607a5b1f5a1980bc31a7ced510e345af6cc68f5b86d2d9178b45706a0b6a0ceddc82ce06e53375cfedbc96fd0b00c12195c7d77b6f23811a67970bcfeb47629aa5aa6, From: subscribe, IPv_Type: ipv6, Location: 美国-加利福尼亚州-圣克拉拉, ISP: DigitalOcean, Date: None, Delay: 38 ms, Speed: 10.31 M/s, Resolution: 1920x1080
Name: 江西卫视, URL: https://www.freetv.top/migu/783847495.m3u8?migutoken=9eed7f0bec5b296058f4a9a7f44f9d5eedc6bffe7c64bc47808571ddfa75d617964a3f0bda631c7909d74535a8eaf0c94af1c4bd1b23411584a243b787c98a912c20f1bc402f28a2dc0643ff42, From: subscribe, IPv_Type: ipv6, Location: 美国-加利福尼亚州-圣克拉拉, ISP: DigitalOcean, Date: None, Delay: 52 ms, Speed: 9.06 M/s, Resolution: 1920x1080
Name: 江西卫视, URL: https://www.freetv.top/migu/783847495.m3u8?migutoken=1396615ba32d01d6e6392c1f7673e2f7fa104cab1eb91ddb1891f3e3f0f0278d0391e4de3696a19b8c865d4e2187f070eb215e9aa50bd155530fa7af15a33ede7b50d2021e40f91a75835e73c6, From: subscribe, IPv_Type: ipv6, Location: 美国-加利福尼亚州-圣克拉拉, ISP: DigitalOcean, Date: None, Delay: 50 ms, Speed: 9.44 M/s, Resolution: 1920x1080
Name: 江西卫视, URL: https://www.freetv.top/migu/783847495.m3u8?migutoken=e68adbe9de75b7e99dc3afe5aa965084775127e61b76140d0760b54c646a00fb202501f7efbf1cacd66da45725dac5db44885e0bc19831a43d79de05ef08a25bb2a4dc2d09810eb44a95952d05, From: subscribe, IPv_Type: ipv6, Location: 美国-加利福尼亚州-圣克拉拉, ISP: DigitalOcean, Date: None, Delay: 49 ms, Speed: 9.74 M/s, Resolution: 1920x1080
Name: 江西卫视, URL: https://migu.188766.xyz/?migutoken=0533cb953e18673d96e84100dcfdaf64&id=%E6%B1%9F%E8%A5%BF%E5%8D%AB%E8%A7%86&type=yy, From: subscribe, IPv_Type: ipv6, Location: 美国, ISP: CloudFlare Inc., Date: None, Delay: -1 ms, Speed: 0.00 M/s, Resolution: None
Name: 江西卫视, URL: http://gslbmgsplive.miguvideo.com/migu/kailu/jxwshd/50/20190820/index.m3u8?msisdn=20251209080321268b0e669acb4f49bc42438f557b6afc&mdspid=&spid=600633&netType=0&sid=5910021492&pid=2028597139&timestamp=20251209080321&Channel_ID=0116_2600037000-99000-200300220100002&ProgramID=783847495&ParentNodeID=-99&assertID=5910021492&client_ip=218.28.233.106&SecurityKey=20251209080321&promotionId=&mvid=5900004351&mcid=500020&playurlVersion=WX-A1-8.11.2-RELEASE&userid=&jmhm=&videocodec=h264&appCode=miguvideo_android&bean=mgspad&tid=android&conFee=0&puData=fe57d84ff684dc38f22bb51e5afdceb8&ddCalcu=8fbeve5ac7yddaf8a45fef1658b4bd2c23f8&sv=10004&ct=android, From: subscribe, IPv_Type: ipv6, Location: 中国, ISP: 中国移动, Date: None, Delay: -1 ms, Speed: 0.00 M/s, Resolution: None
Name: 江西卫视, URL: https://migu.188766.xyz/?migutoken=2b0f5c580abaeb48e822a3794fcf3410&id=%E6%B1%9F%E8%A5%BF%E5%8D%AB%E8%A7%86&type=yy, From: subscribe, IPv_Type: ipv6, Location: 美国, ISP: CloudFlare Inc., Date: None, Delay: -1 ms, Speed: 0.00 M/s, Resolution: None
Name: 江西卫视, URL: https://iptv.catvod.com/live.php?id=%E6%B1%9F%E8%A5%BF%E5%8D%AB%E8%A7%86%E5%8F%B0, From: subscribe, IPv_Type: ipv6, Location: 美国, ISP: CloudFlare Inc., Date: None, Delay: -1 ms, Speed: 0.00 M/s, Resolution: None
Name: 江西卫视, URL: https://migu.188766.xyz/?migutoken=7813519621bdaa0a2afc3f38e5c792b2&id=%E6%B1%9F%E8%A5%BF%E5%8D%AB%E8%A7%86&type=yy, From: subscribe, IPv_Type: ipv6, Location: 美国, ISP: CloudFlare Inc., Date: None, Delay: -1 ms, Speed: 0.00 M/s, Resolution: None
Name: 江西卫视, URL: https://migu.188766.xyz/?migutoken=2115d8debf6cc53bc29d7f151a4a92c0&id=%E6%B1%9F%E8%A5%BF%E5%8D%AB%E8%A7%86&type=yy, From: subscribe, IPv_Type: ipv6, Location: 美国, ISP: CloudFlare Inc., Date: None, Delay: -1 ms, Speed: 0.00 M/s, Resolution: None
Name: 江西卫视, URL: https://migu.188766.xyz/?migutoken=c433f29c2795649181790f711088db01&id=%E6%B1%9F%E8%A5%BF%E5%8D%AB%E8%A7%86&type=yy, From: subscribe, IPv_Type: ipv6, Location: 美国, ISP: CloudFlare Inc., Date: None, Delay: -1 ms, Speed: 0.00 M/s, Resolution: None
Name: 江西卫视, URL: https://migu.188766.xyz/?migutoken=0b1df832640d448471b8ff271a941587&id=%E6%B1%9F%E8%A5%BF%E5%8D%AB%E8%A7%86&type=yy, From: subscribe, IPv_Type: ipv6, Location: 美国, ISP: CloudFlare Inc., Date: None, Delay: -1 ms, Speed: 0.00 M/s, Resolution: None
Name: 江西卫视, URL: https://migu.188766.xyz/?migutoken=e26f5889b33d80832d3e20f39d482ccc&id=%E6%B1%9F%E8%A5%BF%E5%8D%AB%E8%A7%86&type=yy, From: subscribe, IPv_Type: ipv6, Location: 美国, ISP: CloudFlare Inc., Date: None, Delay: -1 ms, Speed: 0.00 M/s, Resolution: None
Name: 江西卫视, URL: https://migu.188766.xyz/?migutoken=1839fc0b52d6ff7c01ca795cfaf9db2d&id=%E6%B1%9F%E8%A5%BF%E5%8D%AB%E8%A7%86&type=yy, From: subscribe, IPv_Type: ipv6, Location: 美国, ISP: CloudFlare Inc., Date: None, Delay: -1 ms, Speed: 0.00 M/s, Resolution: None
Name: 江西卫视, URL: https://migu.188766.xyz/?migutoken=3c9f9f3a17eb33a4eb9399ff0614b036&id=%E6%B1%9F%E8%A5%BF%E5%8D%AB%E8%A7%86&type=yy, From: subscribe, IPv_Type: ipv6, Location: 美国, ISP: CloudFlare Inc., Date: None, Delay: -1 ms, Speed: 0.00 M/s, Resolution: None
Name: 江西卫视, URL: https://migu.188766.xyz/?migutoken=caef5a6e7648246680537402499ae714&id=%E6%B1%9F%E8%A5%BF%E5%8D%AB%E8%A7%86&type=yy, From: subscribe, IPv_Type: ipv6, Location: 美国, ISP: CloudFlare Inc., Date: None, Delay: -1 ms, Speed: 0.00 M/s, Resolution: None
Name: 江西卫视, URL: https://migu.188766.xyz/?migutoken=0149ef3cb8d3fc69ef79e47f8a839684&id=%E6%B1%9F%E8%A5%BF%E5%8D%AB%E8%A7%86&type=yy, From: subscribe, IPv_Type: ipv6, Location: 美国, ISP: CloudFlare Inc., Date: None, Delay: -1 ms, Speed: 0.00 M/s, Resolution: None
Name: 江西卫视, URL: https://iptv.catvod.com/live.php?id=%E6%B1%9F%E8%A5%BF%E5%8D%AB%E8%A7%86, From: subscribe, IPv_Type: ipv6, Location: 美国, ISP: CloudFlare Inc., Date: None, Delay: -1 ms, Speed: 0.00 M/s, Resolution: None
Name: 江西卫视, URL: https://migu.188766.xyz/?migutoken=57a8d04d587ce6b00c1589b3c130a864&id=%E6%B1%9F%E8%A5%BF%E5%8D%AB%E8%A7%86&type=yy, From: subscribe, IPv_Type: ipv6, Location: 美国, ISP: CloudFlare Inc., Date: None, Delay: -1 ms, Speed: 0.00 M/s, Resolution: None
Name: 江西卫视, URL: https://migu.188766.xyz/?migutoken=2ff9cf8c9429b14e86ac2c3645c3a92d&id=%E6%B1%9F%E8%A5%BF%E5%8D%AB%E8%A7%86&type=yy, From: subscribe, IPv_Type: ipv6, Location: 美国, ISP: CloudFlare Inc., Date: None, Delay: -1 ms, Speed: 0.00 M/s, Resolution: None
Name: 江西卫视, URL: https://migu.188766.xyz/?migutoken=ac80bbb04177a8ce4a3b6e70957d5814&id=%E6%B1%9F%E8%A5%BF%E5%8D%AB%E8%A7%86&type=yy, From: subscribe, IPv_Type: ipv6, Location: 美国, ISP: CloudFlare Inc., Date: None, Delay: -1 ms, Speed: 0.00 M/s, Resolution: None
Name: 江西卫视, URL: https://migu.188766.xyz/?migutoken=61d02694a739b8ea6a35472e3b3961b6&id=%E6%B1%9F%E8%A5%BF%E5%8D%AB%E8%A7%86&type=yy, From: subscribe, IPv_Type: ipv6, Location: 美国, ISP: CloudFlare Inc., Date: None, Delay: -1 ms, Speed: 0.00 M/s, Resolution: None
Name: 江西卫视, URL: https://migu.188766.xyz/?migutoken=e52b388c2ffeb87b439c19a42dbf16e5&id=%E6%B1%9F%E8%A5%BF%E5%8D%AB%E8%A7%86&type=yy, From: subscribe, IPv_Type: ipv6, Location: 美国, ISP: CloudFlare Inc., Date: None, Delay: -1 ms, Speed: 0.00 M/s, Resolution: None
Name: 江西卫视, URL: https://migu.188766.xyz/?migutoken=0e5b31fc301517f1aad3f40a3cabc820&id=%E6%B1%9F%E8%A5%BF%E5%8D%AB%E8%A7%86&type=yy, From: subscribe, IPv_Type: ipv6, Location: 美国, ISP: CloudFlare Inc., Date: None, Delay: -1 ms, Speed: 0.00 M/s, Resolution: None
Name: 江西卫视, URL: http://tvgslb.hn.chinamobile.com:8089/180000001002/00000000000000020000000000182287/main.m3u8?stbid=, From: subscribe, IPv_Type: ipv6, Location: 中国, ISP: 中国移动, Date: None, Delay: -1 ms, Speed: 0.00 M/s, Resolution: None
Name: 江西卫视, URL: http://iptvrr.sh.chinamobile.com:6060/cms001/ch00000090990000001034/index.m3u8, From: subscribe, IPv_Type: ipv6, Location: 中国, ISP: 中国移动, Date: None, Delay: -1 ms, Speed: 0.00 M/s, Resolution: None
Name: 江西卫视, URL: http://hwottcdn.ln.chinamobile.com/PLTV/11/224/3221227475/index.m3u8, From: subscribe, IPv_Type: ipv6, Location: 中国, ISP: 中国移动, Date: None, Delay: -1 ms, Speed: 0.00 M/s, Resolution: None
Name: 江西卫视, URL: http://hwltc.tv.cdn.zj.chinamobile.com/PLTV/88888888/224/3221236212/index.m3u8, From: subscribe, IPv_Type: ipv6, Location: 中国, ISP: 中国移动, Date: None, Delay: -1 ms, Speed: 0.00 M/s, Resolution: None
Name: 江西卫视, URL: http://tvgslb.hn.chinamobile.com:8089/180000001002/00000001000000000064000000308822/main.m3u8?stbid=, From: subscribe, IPv_Type: ipv6, Location: 中国, ISP: 中国移动, Date: None, Delay: -1 ms, Speed: 0.00 M/s, Resolution: None
Name: 江西卫视, URL: http://hwottcdn.ln.chinamobile.com/PLTV/11/224/3221226788/index.m3u8, From: subscribe, IPv_Type: ipv6, Location: 中国, ISP: 中国移动, Date: None, Delay: -1 ms, Speed: 0.00 M/s, Resolution: None
Name: 江西卫视, URL: http://ott.mobaibox.com/PLTV/3/224/3221228109/index.m3u8, From: subscribe, IPv_Type: ipv6, Location: 中国, ISP: 中国移动, Date: None, Delay: -1 ms, Speed: 0.00 M/s, Resolution: None
Name: 江西卫视, URL: http://hwottcdn.ln.chinamobile.com/PLTV/11/224/3221226142/index.m3u8, From: subscribe, IPv_Type: ipv6, Location: 中国, ISP: 中国移动, Date: None, Delay: -1 ms, Speed: 0.00 M/s, Resolution: None
Name: 江西卫视, URL: http://k.061899.xyz/k.php?id=jxws, From: subscribe, IPv_Type: ipv6, Location: 新加坡, ISP: Aceville Pte.Ltd., Date: None, Delay: -1 ms, Speed: 0.00 M/s, Resolution: None
Name: 江西卫视, URL: http://rrs01.hw.gmcc.net:8088/PLTV/81/224/3221226682/1.m3u8, From: subscribe, IPv_Type: ipv6, Location: 中国, ISP: 中国移动, Date: None, Delay: -1 ms, Speed: 0.00 M/s, Resolution: None
Name: 江西卫视, URL: https://migu.188766.xyz/?migutoken=c99f2815833fdbc7131209f1f0fd8181&id=%E6%B1%9F%E8%A5%BF%E5%8D%AB%E8%A7%86&type=yy, From: subscribe, IPv_Type: ipv6, Location: 美国, ISP: CloudFlare Inc., Date: None, Delay: -1 ms, Speed: 0.00 M/s, Resolution: None
Name: 江西卫视, URL: https://migu.188766.xyz/?migutoken=a161bee9c6f32be7bd22bdf697d7e6a6&id=%E6%B1%9F%E8%A5%BF%E5%8D%AB%E8%A7%86&type=yy, From: subscribe, IPv_Type: ipv6, Location: 美国, ISP: CloudFlare Inc., Date: None, Delay: -1 ms, Speed: 0.00 M/s, Resolution: None
Name: 江西卫视, URL: https://migu.188766.xyz/?migutoken=4d71c8bb7ff0c4ff06eac7fda6e7924e&id=%E6%B1%9F%E8%A5%BF%E5%8D%AB%E8%A7%86&type=yy, From: subscribe, IPv_Type: ipv6, Location: 美国, ISP: CloudFlare Inc., Date: None, Delay: -1 ms, Speed: 0.00 M/s, Resolution: None
Name: 江西卫视, URL: https://migu.188766.xyz/?migutoken=abbbc7b2c05b7986ddc35e6835c4e83c&id=%E6%B1%9F%E8%A5%BF%E5%8D%AB%E8%A7%86&type=yy, From: subscribe, IPv_Type: ipv6, Location: 美国, ISP: CloudFlare Inc., Date: None, Delay: -1 ms, Speed: 0.00 M/s, Resolution: None
Name: 江西卫视, URL: https://migu.188766.xyz/?migutoken=8b69820c57b04ba9ecb1d4d89f391e1b&id=%E6%B1%9F%E8%A5%BF%E5%8D%AB%E8%A7%86&type=yy, From: subscribe, IPv_Type: ipv6, Location: 美国, ISP: CloudFlare Inc., Date: None, Delay: -1 ms, Speed: 0.00 M/s, Resolution: None
Name: 江西卫视, URL: https://migu.188766.xyz/?migutoken=bb3e3136db50563ed8d94fa5208556be&id=%E6%B1%9F%E8%A5%BF%E5%8D%AB%E8%A7%86&type=yy, From: subscribe, IPv_Type: ipv6, Location: 美国, ISP: CloudFlare Inc., Date: None, Delay: -1 ms, Speed: 0.00 M/s, Resolution: None
Name: 江西卫视, URL: https://migu.188766.xyz/?migutoken=f694149286863b19476a5f79955bb53a&id=%E6%B1%9F%E8%A5%BF%E5%8D%AB%E8%A7%86&type=yy, From: subscribe, IPv_Type: ipv6, Location: 美国, ISP: CloudFlare Inc., Date: None, Delay: -1 ms, Speed: 0.00 M/s, Resolution: None
Name: 江西卫视, URL: https://migu.188766.xyz/?migutoken=b0869448f0bc70a51f9c9f02130dd24b&id=%E6%B1%9F%E8%A5%BF%E5%8D%AB%E8%A7%86&type=yy, From: subscribe, IPv_Type: ipv6, Location: 美国, ISP: CloudFlare Inc., Date: None, Delay: -1 ms, Speed: 0.00 M/s, Resolution: None
Name: 江西卫视, URL: https://migu.188766.xyz/?migutoken=0328b5ace56ae92c5225493a4cdfe978&id=%E6%B1%9F%E8%A5%BF%E5%8D%AB%E8%A7%86&type=yy, From: subscribe, IPv_Type: ipv6, Location: 美国, ISP: CloudFlare Inc., Date: None, Delay: -1 ms, Speed: 0.00 M/s, Resolution: None
Name: 江西卫视, URL: https://migu.188766.xyz/?migutoken=a6fcfdb3e28adb6c9345679c67ed1eb5&id=%E6%B1%9F%E8%A5%BF%E5%8D%AB%E8%A7%86&type=yy, From: subscribe, IPv_Type: ipv6, Location: 美国, ISP: CloudFlare Inc., Date: None, Delay: -1 ms, Speed: 0.00 M/s, Resolution: None
Name: 江西卫视, URL: https://migu.188766.xyz/?migutoken=5e8dea48ae0feda9ae0e9f1e6d067359&id=%E6%B1%9F%E8%A5%BF%E5%8D%AB%E8%A7%86&type=yy, From: subscribe, IPv_Type: ipv6, Location: 美国, ISP: CloudFlare Inc., Date: None, Delay: -1 ms, Speed: 0.00 M/s, Resolution: None
Name: 江西卫视, URL: http://23.237.228.134/live8/jiangxi.m3u8, From: subscribe, IPv_Type: ipv4, Location: 北美地区, ISP: , Date: None, Delay: 1146 ms, Speed: 5.72 M/s, Resolution: 1920x1080
Name: 辽宁卫视, URL: https://migu.188766.xyz/?migutoken=43e825e9124ddce18eed51ab1b83d665&id=%E8%BE%BD%E5%AE%81%E5%8D%AB%E8%A7%86&type=yy, From: subscribe, IPv_Type: ipv6, Location: 美国, ISP: CloudFlare Inc., Date: None, Delay: -1 ms, Speed: 0.00 M/s, Resolution: None
Name: 辽宁卫视, URL: http://gslbmgsplive.miguvideo.com/wd_r2/2018/ocn/liaoningwshd/1000/index.m3u8?msisdn=20251209080333032259335ef44c97bfec7096e839d99f&mdspid=&spid=600572&netType=0&sid=5910022198&pid=2028597139&timestamp=20251209080333&Channel_ID=0116_2600037000-99000-200300220100002&ProgramID=630291707&ParentNodeID=-99&assertID=5910022198&client_ip=218.28.233.106&SecurityKey=20251209080333&promotionId=&mvid=5101043014&mcid=500020&playurlVersion=WX-A1-8.11.2-RELEASE&userid=&jmhm=&videocodec=h264&appCode=miguvideo_android&bean=mgspad&tid=android&conFee=0&puData=082a738fba952ac7a9bd8d0271d92c7b&ddCalcu=b078vc2a2ax97ad3187f2b0ad985d2ba9ca7&sv=10004&ct=android, From: subscribe, IPv_Type: ipv6, Location: 中国, ISP: 中国移动, Date: None, Delay: -1 ms, Speed: 0.00 M/s, Resolution: None
Name: 辽宁卫视, URL: https://migu.188766.xyz/?migutoken=297f10672c9d2111131b856dba0cd17e&id=%E8%BE%BD%E5%AE%81%E5%8D%AB%E8%A7%86&type=yy, From: subscribe, IPv_Type: ipv6, Location: 美国, ISP: CloudFlare Inc., Date: None, Delay: -1 ms, Speed: 0.00 M/s, Resolution: None
Name: 辽宁卫视, URL: https://migu.188766.xyz/?migutoken=9b7fa6f266779a6fb9a98d00830522cf&id=%E8%BE%BD%E5%AE%81%E5%8D%AB%E8%A7%86&type=yy, From: subscribe, IPv_Type: ipv6, Location: 美国, ISP: CloudFlare Inc., Date: None, Delay: -1 ms, Speed: 0.00 M/s, Resolution: None
Name: 辽宁卫视, URL: https://migu.188766.xyz/?migutoken=328c5dd423daa81c204d7496f5ca80ff&id=%E8%BE%BD%E5%AE%81%E5%8D%AB%E8%A7%86&type=yy, From: subscribe, IPv_Type: ipv6, Location: 美国, ISP: CloudFlare Inc., Date: None, Delay: -1 ms, Speed: 0.00 M/s, Resolution: None
Name: 辽宁卫视, URL: https://migu.188766.xyz/?migutoken=bda00b6442a22bc0de14ee842f07da58&id=%E8%BE%BD%E5%AE%81%E5%8D%AB%E8%A7%86&type=yy, From: subscribe, IPv_Type: ipv6, Location: 美国, ISP: CloudFlare Inc., Date: None, Delay: -1 ms, Speed: 0.00 M/s, Resolution: None
Name: 辽宁卫视, URL: https://migu.188766.xyz/?migutoken=b14836946c6934396a41ffc7606a5a1b&id=%E8%BE%BD%E5%AE%81%E5%8D%AB%E8%A7%86&type=yy, From: subscribe, IPv_Type: ipv6, Location: 美国, ISP: CloudFlare Inc., Date: None, Delay: -1 ms, Speed: 0.00 M/s, Resolution: None
Name: 辽宁卫视, URL: https://migu.188766.xyz/?migutoken=e7f05e9ae9aca996a0a38ca9b4f98b35&id=%E8%BE%BD%E5%AE%81%E5%8D%AB%E8%A7%86&type=yy, From: subscribe, IPv_Type: ipv6, Location: 美国, ISP: CloudFlare Inc., Date: None, Delay: -1 ms, Speed: 0.00 M/s, Resolution: None
Name: 辽宁卫视, URL: https://migu.188766.xyz/?migutoken=9a10d8bd2cfedc4a7437bcb56992428b&id=%E8%BE%BD%E5%AE%81%E5%8D%AB%E8%A7%86&type=yy, From: subscribe, IPv_Type: ipv6, Location: 美国, ISP: CloudFlare Inc., Date: None, Delay: -1 ms, Speed: 0.00 M/s, Resolution: None
Name: 辽宁卫视, URL: https://migu.188766.xyz/?migutoken=e201b71c2f80a5119353e9330ed8d006&id=%E8%BE%BD%E5%AE%81%E5%8D%AB%E8%A7%86&type=yy, From: subscribe, IPv_Type: ipv6, Location: 美国, ISP: CloudFlare Inc., Date: None, Delay: -1 ms, Speed: 0.00 M/s, Resolution: None
Name: 辽宁卫视, URL: https://migu.188766.xyz/?migutoken=49f4fd5aec10175a45157be8258ed65f&id=%E8%BE%BD%E5%AE%81%E5%8D%AB%E8%A7%86&type=yy, From: subscribe, IPv_Type: ipv6, Location: 美国, ISP: CloudFlare Inc., Date: None, Delay: -1 ms, Speed: 0.00 M/s, Resolution: None
Name: 辽宁卫视, URL: https://migu.188766.xyz/?migutoken=59dda4fb6566fc5bd1dea943350ddfcb&id=%E8%BE%BD%E5%AE%81%E5%8D%AB%E8%A7%86&type=yy, From: subscribe, IPv_Type: ipv6, Location: 美国, ISP: CloudFlare Inc., Date: None, Delay: -1 ms, Speed: 0.00 M/s, Resolution: None
Name: 辽宁卫视, URL: https://migu.188766.xyz/?migutoken=fc984dd3210af4b67d426d0b263794ec&id=%E8%BE%BD%E5%AE%81%E5%8D%AB%E8%A7%86&type=yy, From: subscribe, IPv_Type: ipv6, Location: 美国, ISP: CloudFlare Inc., Date: None, Delay: -1 ms, Speed: 0.00 M/s, Resolution: None
Name: 辽宁卫视, URL: https://migu.188766.xyz/?migutoken=01b58142989fa72f265dad29d1fe3960&id=%E8%BE%BD%E5%AE%81%E5%8D%AB%E8%A7%86&type=yy, From: subscribe, IPv_Type: ipv6, Location: 美国, ISP: CloudFlare Inc., Date: None, Delay: -1 ms, Speed: 0.00 M/s, Resolution: None
Name: 辽宁卫视, URL: https://migu.188766.xyz/?migutoken=9a297a3d132ec5ce9ce5db70289c9996&id=%E8%BE%BD%E5%AE%81%E5%8D%AB%E8%A7%86&type=yy, From: subscribe, IPv_Type: ipv6, Location: 美国, ISP: CloudFlare Inc., Date: None, Delay: -1 ms, Speed: 0.00 M/s, Resolution: None
Name: 辽宁卫视, URL: https://migu.188766.xyz/?migutoken=4400a6ec6aa739ef940ebed79bee554c&id=%E8%BE%BD%E5%AE%81%E5%8D%AB%E8%A7%86&type=yy, From: subscribe, IPv_Type: ipv6, Location: 美国, ISP: CloudFlare Inc., Date: None, Delay: -1 ms, Speed: 0.00 M/s, Resolution: None
Name: 辽宁卫视, URL: https://migu.188766.xyz/?migutoken=cb348614b011c1b5ce94404f560a84f7&id=%E8%BE%BD%E5%AE%81%E5%8D%AB%E8%A7%86&type=yy, From: subscribe, IPv_Type: ipv6, Location: 美国, ISP: CloudFlare Inc., Date: None, Delay: -1 ms, Speed: 0.00 M/s, Resolution: None
Name: 辽宁卫视, URL: https://migu.188766.xyz/?migutoken=38bf2b7fdce86f979a45f20820e3f87d&id=%E8%BE%BD%E5%AE%81%E5%8D%AB%E8%A7%86&type=yy, From: subscribe, IPv_Type: ipv6, Location: 美国, ISP: CloudFlare Inc., Date: None, Delay: -1 ms, Speed: 0.00 M/s, Resolution: None
Name: 辽宁卫视, URL: http://iptvrr.sh.chinamobile.com:6060/cms001/ch00000090990000001035/index.m3u8, From: subscribe, IPv_Type: ipv6, Location: 中国, ISP: 中国移动, Date: None, Delay: -1 ms, Speed: 0.00 M/s, Resolution: None
Name: 辽宁卫视, URL: http://tvgslb.hn.chinamobile.com:8089/180000001002/00000001000000000016000000007225/main.m3u8?stbid=, From: subscribe, IPv_Type: ipv6, Location: 中国, ISP: 中国移动, Date: None, Delay: -1 ms, Speed: 0.00 M/s, Resolution: None
Name: 辽宁卫视, URL: http://hwottcdn.ln.chinamobile.com/PLTV/11/224/3221226767/index.m3u8, From: subscribe, IPv_Type: ipv6, Location: 中国, ISP: 中国移动, Date: None, Delay: -1 ms, Speed: 0.00 M/s, Resolution: None
Name: 辽宁卫视, URL: http://hwottcdn.ln.chinamobile.com/PLTV/11/224/3221226141/index.m3u8, From: subscribe, IPv_Type: ipv6, Location: 中国, ISP: 中国移动, Date: None, Delay: -1 ms, Speed: 0.00 M/s, Resolution: None
Name: 辽宁卫视, URL: http://tvgslb.hn.chinamobile.com:8089/180000001002/00000000000000020000000000176343/main.m3u8?stbid=, From: subscribe, IPv_Type: ipv6, Location: 中国, ISP: 中国移动, Date: None, Delay: -1 ms, Speed: 0.00 M/s, Resolution: None
Name: 辽宁卫视, URL: http://hwltc.tv.cdn.zj.chinamobile.com/PLTV/88888888/224/3221236161/index.m3u8, From: subscribe, IPv_Type: ipv6, Location: 中国, ISP: 中国移动, Date: None, Delay: -1 ms, Speed: 0.00 M/s, Resolution: None
Name: 辽宁卫视, URL: http://k.061899.xyz/k.php?id=lnws, From: subscribe, IPv_Type: ipv6, Location: 新加坡, ISP: Aceville Pte.Ltd., Date: None, Delay: -1 ms, Speed: 0.00 M/s, Resolution: None
Name: 辽宁卫视, URL: http://ott.mobaibox.com/PLTV/3/224/3221227485/index.m3u8, From: subscribe, IPv_Type: ipv6, Location: 中国, ISP: 中国移动, Date: None, Delay: -1 ms, Speed: 0.00 M/s, Resolution: None
Name: 辽宁卫视, URL: http://hwottcdn.ln.chinamobile.com/PLTV/11/224/3221226156/index.m3u8, From: subscribe, IPv_Type: ipv6, Location: 中国, ISP: 中国移动, Date: None, Delay: -1 ms, Speed: 0.00 M/s, Resolution: None
Name: 辽宁卫视, URL: http://hwottcdn.ln.chinamobile.com/PLTV/11/224/3221226689/index.m3u8, From: subscribe, IPv_Type: ipv6, Location: 中国, ISP: 中国移动, Date: None, Delay: -1 ms, Speed: 0.00 M/s, Resolution: None
Name: 辽宁卫视, URL: http://hwottcdn.ln.chinamobile.com/PLTV/11/224/3221226731/index.m3u8, From: subscribe, IPv_Type: ipv6, Location: 中国, ISP: 中国移动, Date: None, Delay: -1 ms, Speed: 0.00 M/s, Resolution: None
Name: 辽宁卫视, URL: http://hwottcdn.ln.chinamobile.com/PLTV/11/224/3221227242/index.m3u8, From: subscribe, IPv_Type: ipv6, Location: 中国, ISP: 中国移动, Date: None, Delay: -1 ms, Speed: 0.00 M/s, Resolution: None
Name: 辽宁卫视, URL: https://migu.188766.xyz/?migutoken=3778caed5368b7d9ab6ce2b096606f5a&id=%E8%BE%BD%E5%AE%81%E5%8D%AB%E8%A7%86&type=yy, From: subscribe, IPv_Type: ipv6, Location: 美国, ISP: CloudFlare Inc., Date: None, Delay: -1 ms, Speed: 0.00 M/s, Resolution: None
Name: 辽宁卫视, URL: https://migu.188766.xyz/?migutoken=8678735b69cb2943fba864732b31af2d&id=%E8%BE%BD%E5%AE%81%E5%8D%AB%E8%A7%86&type=yy, From: subscribe, IPv_Type: ipv6, Location: 美国, ISP: CloudFlare Inc., Date: None, Delay: -1 ms, Speed: 0.00 M/s, Resolution: None
Name: 辽宁卫视, URL: https://migu.188766.xyz/?migutoken=36c4d1144ed98abb5b14c2210cb24362&id=%E8%BE%BD%E5%AE%81%E5%8D%AB%E8%A7%86&type=yy, From: subscribe, IPv_Type: ipv6, Location: 美国, ISP: CloudFlare Inc., Date: None, Delay: -1 ms, Speed: 0.00 M/s, Resolution: None
Name: 辽宁卫视, URL: https://migu.188766.xyz/?migutoken=a83d4d5b49a2424f6675e9bfaabe5cc0&id=%E8%BE%BD%E5%AE%81%E5%8D%AB%E8%A7%86&type=yy, From: subscribe, IPv_Type: ipv6, Location: 美国, ISP: CloudFlare Inc., Date: None, Delay: -1 ms, Speed: 0.00 M/s, Resolution: None
Name: 辽宁卫视, URL: https://migu.188766.xyz/?migutoken=ae3b55c5cb12d99746b2c1394c04592e&id=%E8%BE%BD%E5%AE%81%E5%8D%AB%E8%A7%86&type=yy, From: subscribe, IPv_Type: ipv6, Location: 美国, ISP: CloudFlare Inc., Date: None, Delay: -1 ms, Speed: 0.00 M/s, Resolution: None
Name: 辽宁卫视, URL: https://migu.188766.xyz/?migutoken=9a89f1dcaac937dda9bf227003e04c71&id=%E8%BE%BD%E5%AE%81%E5%8D%AB%E8%A7%86&type=yy, From: subscribe, IPv_Type: ipv6, Location: 美国, ISP: CloudFlare Inc., Date: None, Delay: -1 ms, Speed: 0.00 M/s, Resolution: None
Name: 辽宁卫视, URL: https://migu.188766.xyz/?migutoken=5e38b9ef0aa695dee84283a7c5a398b6&id=%E8%BE%BD%E5%AE%81%E5%8D%AB%E8%A7%86&type=yy, From: subscribe, IPv_Type: ipv6, Location: 美国, ISP: CloudFlare Inc., Date: None, Delay: -1 ms, Speed: 0.00 M/s, Resolution: None
Name: 辽宁卫视, URL: https://migu.188766.xyz/?migutoken=4fd79c67cf3f24e4dade94e96e2ed44f&id=%E8%BE%BD%E5%AE%81%E5%8D%AB%E8%A7%86&type=yy, From: subscribe, IPv_Type: ipv6, Location: 美国, ISP: CloudFlare Inc., Date: None, Delay: -1 ms, Speed: 0.00 M/s, Resolution: None
Name: 辽宁卫视, URL: https://migu.188766.xyz/?migutoken=30ef8ca36934d2f7632b410089ec4f9a&id=%E8%BE%BD%E5%AE%81%E5%8D%AB%E8%A7%86&type=yy, From: subscribe, IPv_Type: ipv6, Location: 美国, ISP: CloudFlare Inc., Date: None, Delay: -1 ms, Speed: 0.00 M/s, Resolution: None
Name: 辽宁卫视, URL: https://migu.188766.xyz/?migutoken=5007db937d60ea14cc91e90f3bd9f876&id=%E8%BE%BD%E5%AE%81%E5%8D%AB%E8%A7%86&type=yy, From: subscribe, IPv_Type: ipv6, Location: 美国, ISP: CloudFlare Inc., Date: None, Delay: -1 ms, Speed: 0.00 M/s, Resolution: None
Name: 辽宁卫视, URL: https://migu.188766.xyz/?migutoken=76521ee287faca41f447d1eb2cd57139&id=%E8%BE%BD%E5%AE%81%E5%8D%AB%E8%A7%86&type=yy, From: subscribe, IPv_Type: ipv6, Location: 美国, ISP: CloudFlare Inc., Date: None, Delay: -1 ms, Speed: 0.00 M/s, Resolution: None
Name: 辽宁卫视, URL: https://iptv.catvod.com/live.php?id=%E8%BE%BD%E5%AE%81%E5%8D%AB%E8%A7%86, From: subscribe, IPv_Type: ipv4, Location: 美国-加利福尼亚州-洛杉矶, ISP: IT7网络, Date: None, Delay: 30 ms, Speed: 35.39 M/s, Resolution: 1920x1080
Name: 辽宁卫视, URL: http://23.237.228.134/live8/liaoning.m3u8, From: subscribe, IPv_Type: ipv4, Location: 北美地区, ISP: , Date: None, Delay: 1144 ms, Speed: 4.60 M/s, Resolution: 1920x1080
Name: 辽宁卫视, URL: http://38.75.136.137:98/gslb/dsdqpub/lnwshd.m3u8?auth=testpub, From: subscribe, IPv_Type: ipv4, Location: 美国-伊利诺伊州-库克, ISP: Cogent, Date: None, Delay: 767 ms, Speed: 3.16 M/s, Resolution: 1920x1080
Name: 内蒙古卫视, URL: https://ali-m-l.cztv.com/channels/lantian/channel007/1080p.m3u8, From: subscribe, IPv_Type: ipv6, Location: 中国-广西-防城港, ISP: 电信, Date: None, Delay: 3190 ms, Speed: 0.65 M/s, Resolution: 1920x1080
Name: 内蒙古卫视, URL: https://migu.188766.xyz/?migutoken=8ab07cd46af1d8aaf1e177ba38737ff1&id=%E5%86%85%E8%92%99%E5%8F%A4%E5%8D%AB%E8%A7%86&pp=1, From: subscribe, IPv_Type: ipv6, Location: 美国, ISP: CloudFlare Inc., Date: None, Delay: -1 ms, Speed: 0.00 M/s, Resolution: None
Name: 内蒙古卫视, URL: https://migu.188766.xyz/?migutoken=0c15d19eacbe6abd279e756423df6153&id=%E5%86%85%E8%92%99%E5%8F%A4%E5%8D%AB%E8%A7%86&pp=1, From: subscribe, IPv_Type: ipv6, Location: 美国, ISP: CloudFlare Inc., Date: None, Delay: -1 ms, Speed: 0.00 M/s, Resolution: None
Name: 内蒙古卫视, URL: https://migu.188766.xyz/?migutoken=1ecec13d2a3c1e12ad69afc48abed3cf&id=%E5%86%85%E8%92%99%E5%8F%A4%E5%8D%AB%E8%A7%86&pp=1, From: subscribe, IPv_Type: ipv6, Location: 美国, ISP: CloudFlare Inc., Date: None, Delay: -1 ms, Speed: 0.00 M/s, Resolution: None
Name: 内蒙古卫视, URL: https://migu.188766.xyz/?migutoken=fd2a5d7a3e75c04f25e7266f17eb7086&id=%E5%86%85%E8%92%99%E5%8F%A4%E5%8D%AB%E8%A7%86&pp=1, From: subscribe, IPv_Type: ipv6, Location: 美国, ISP: CloudFlare Inc., Date: None, Delay: -1 ms, Speed: 0.00 M/s, Resolution: None
Name: 内蒙古卫视, URL: https://migu.188766.xyz/?migutoken=d2585999e370155acb192e0661a5283e&id=%E5%86%85%E8%92%99%E5%8F%A4%E5%8D%AB%E8%A7%86&pp=1, From: subscribe, IPv_Type: ipv6, Location: 美国, ISP: CloudFlare Inc., Date: None, Delay: -1 ms, Speed: 0.00 M/s, Resolution: None
Name: 内蒙古卫视, URL: https://migu.188766.xyz/?migutoken=46ff7c0570a514c0e5206fd4b9da122a&id=%E5%86%85%E8%92%99%E5%8F%A4%E5%8D%AB%E8%A7%86&pp=1, From: subscribe, IPv_Type: ipv6, Location: 美国, ISP: CloudFlare Inc., Date: None, Delay: -1 ms, Speed: 0.00 M/s, Resolution: None
Name: 内蒙古卫视, URL: https://migu.188766.xyz/?migutoken=3be5b770db2e96b471a66397631d47ee&id=%E5%86%85%E8%92%99%E5%8F%A4%E5%8D%AB%E8%A7%86&pp=1, From: subscribe, IPv_Type: ipv6, Location: 美国, ISP: CloudFlare Inc., Date: None, Delay: -1 ms, Speed: 0.00 M/s, Resolution: None
Name: 内蒙古卫视, URL: https://migu.188766.xyz/?migutoken=9652a60cf977aae38720292fc11e1a82&id=%E5%86%85%E8%92%99%E5%8F%A4%E5%8D%AB%E8%A7%86&pp=1, From: subscribe, IPv_Type: ipv6, Location: 美国, ISP: CloudFlare Inc., Date: None, Delay: -1 ms, Speed: 0.00 M/s, Resolution: None
Name: 内蒙古卫视, URL: https://migu.188766.xyz/?migutoken=3eaca55673d6e91f972d703978b974be&id=%E5%86%85%E8%92%99%E5%8F%A4%E5%8D%AB%E8%A7%86&pp=1, From: subscribe, IPv_Type: ipv6, Location: 美国, ISP: CloudFlare Inc., Date: None, Delay: -1 ms, Speed: 0.00 M/s, Resolution: None
Name: 内蒙古卫视, URL: https://migu.188766.xyz/?migutoken=c30f443dc18c25c3a519d2d6f49ae613&id=%E5%86%85%E8%92%99%E5%8F%A4%E5%8D%AB%E8%A7%86&pp=1, From: subscribe, IPv_Type: ipv6, Location: 美国, ISP: CloudFlare Inc., Date: None, Delay: -1 ms, Speed: 0.00 M/s, Resolution: None
Name: 内蒙古卫视, URL: https://migu.188766.xyz/?migutoken=d94a0825a6f6ba9a456c3530f33c30be&id=%E5%86%85%E8%92%99%E5%8F%A4%E5%8D%AB%E8%A7%86&pp=1, From: subscribe, IPv_Type: ipv6, Location: 美国, ISP: CloudFlare Inc., Date: None, Delay: -1 ms, Speed: 0.00 M/s, Resolution: None
Name: 内蒙古卫视, URL: https://migu.188766.xyz/?migutoken=2c980d829ba5c504db89602dffb34d09&id=%E5%86%85%E8%92%99%E5%8F%A4%E5%8D%AB%E8%A7%86&pp=1, From: subscribe, IPv_Type: ipv6, Location: 美国, ISP: CloudFlare Inc., Date: None, Delay: -1 ms, Speed: 0.00 M/s, Resolution: None
Name: 内蒙古卫视, URL: https://migu.188766.xyz/?migutoken=6c57a377754b4e1cb6f2b5a6fe392591&id=%E5%86%85%E8%92%99%E5%8F%A4%E5%8D%AB%E8%A7%86&pp=1, From: subscribe, IPv_Type: ipv6, Location: 美国, ISP: CloudFlare Inc., Date: None, Delay: -1 ms, Speed: 0.00 M/s, Resolution: None
Name: 内蒙古卫视, URL: https://migu.188766.xyz/?migutoken=91343a920ee4b1bd23ab5f14f0e2ddd2&id=%E5%86%85%E8%92%99%E5%8F%A4%E5%8D%AB%E8%A7%86&pp=1, From: subscribe, IPv_Type: ipv6, Location: 美国, ISP: CloudFlare Inc., Date: None, Delay: -1 ms, Speed: 0.00 M/s, Resolution: None
Name: 内蒙古卫视, URL: https://migu.188766.xyz/?migutoken=1e53f8795a55cf6f20e03bca4ebb56f7&id=%E5%86%85%E8%92%99%E5%8F%A4%E5%8D%AB%E8%A7%86&pp=1, From: subscribe, IPv_Type: ipv6, Location: 美国, ISP: CloudFlare Inc., Date: None, Delay: -1 ms, Speed: 0.00 M/s, Resolution: None
Name: 内蒙古卫视, URL: https://migu.188766.xyz/?migutoken=8d26df904568d730e30c5ab3b773d4b0&id=%E5%86%85%E8%92%99%E5%8F%A4%E5%8D%AB%E8%A7%86&pp=1, From: subscribe, IPv_Type: ipv6, Location: 美国, ISP: CloudFlare Inc., Date: None, Delay: -1 ms, Speed: 0.00 M/s, Resolution: None
Name: 内蒙古卫视, URL: https://migu.188766.xyz/?migutoken=744d8cf3678c3ae4bfd36e6b9c40f815&id=%E5%86%85%E8%92%99%E5%8F%A4%E5%8D%AB%E8%A7%86&pp=1, From: subscribe, IPv_Type: ipv6, Location: 美国, ISP: CloudFlare Inc., Date: None, Delay: -1 ms, Speed: 0.00 M/s, Resolution: None
Name: 内蒙古卫视, URL: http://ott.mobaibox.com/PLTV/3/224/3221227557/index.m3u8, From: subscribe, IPv_Type: ipv6, Location: 中国, ISP: 中国移动, Date: None, Delay: -1 ms, Speed: 0.00 M/s, Resolution: None
Name: 内蒙古卫视, URL: http://hwltc.tv.cdn.zj.chinamobile.com/PLTV/88888888/224/3221236270/index.m3u8, From: subscribe, IPv_Type: ipv6, Location: 中国, ISP: 中国移动, Date: None, Delay: -1 ms, Speed: 0.00 M/s, Resolution: None
Name: 内蒙古卫视, URL: http://tvgslb.hn.chinamobile.com:8089/180000001002/00000000000000020000000000182272/main.m3u8?stbid=, From: subscribe, IPv_Type: ipv6, Location: 中国, ISP: 中国移动, Date: None, Delay: -1 ms, Speed: 0.00 M/s, Resolution: None
Name: 内蒙古卫视, URL: http://k.061899.xyz/k.php?id=nmgws, From: subscribe, IPv_Type: ipv6, Location: 新加坡, ISP: Aceville Pte.Ltd., Date: None, Delay: -1 ms, Speed: 0.00 M/s, Resolution: None
Name: 内蒙古卫视, URL: http://hwottcdn.ln.chinamobile.com/PLTV/11/224/3221226886/index.m3u8, From: subscribe, IPv_Type: ipv6, Location: 中国, ISP: 中国移动, Date: None, Delay: -1 ms, Speed: 0.00 M/s, Resolution: None
Name: 内蒙古卫视, URL: http://hwottcdn.ln.chinamobile.com/PLTV/11/224/3221226155/index.m3u8, From: subscribe, IPv_Type: ipv6, Location: 中国, ISP: 中国移动, Date: None, Delay: -1 ms, Speed: 0.00 M/s, Resolution: None
Name: 内蒙古卫视, URL: http://iptvrr.sh.chinamobile.com:6060/cms001/ch00000090990000001068/index.m3u8, From: subscribe, IPv_Type: ipv6, Location: 中国, ISP: 中国移动, Date: None, Delay: -1 ms, Speed: 0.00 M/s, Resolution: None
Name: 内蒙古卫视, URL: https://migu.188766.xyz/?migutoken=b75150eb78cdba03602634aff08ef62c&id=%E5%86%85%E8%92%99%E5%8F%A4%E5%8D%AB%E8%A7%86&pp=1, From: subscribe, IPv_Type: ipv6, Location: 美国, ISP: CloudFlare Inc., Date: None, Delay: -1 ms, Speed: 0.00 M/s, Resolution: None
Name: 内蒙古卫视, URL: https://migu.188766.xyz/?migutoken=d9cbc0a0b983f5660517bbb7c3a76642&id=%E5%86%85%E8%92%99%E5%8F%A4%E5%8D%AB%E8%A7%86&pp=1, From: subscribe, IPv_Type: ipv6, Location: 美国, ISP: CloudFlare Inc., Date: None, Delay: -1 ms, Speed: 0.00 M/s, Resolution: None
Name: 内蒙古卫视, URL: https://migu.188766.xyz/?migutoken=517fc2ced2c87ff5d24c4ef5ea37453c&id=%E5%86%85%E8%92%99%E5%8F%A4%E5%8D%AB%E8%A7%86&pp=1, From: subscribe, IPv_Type: ipv6, Location: 美国, ISP: CloudFlare Inc., Date: None, Delay: -1 ms, Speed: 0.00 M/s, Resolution: None
Name: 内蒙古卫视, URL: https://migu.188766.xyz/?migutoken=82f3f0f13f1026ad895a6fa815b75d76&id=%E5%86%85%E8%92%99%E5%8F%A4%E5%8D%AB%E8%A7%86&pp=1, From: subscribe, IPv_Type: ipv6, Location: 美国, ISP: CloudFlare Inc., Date: None, Delay: -1 ms, Speed: 0.00 M/s, Resolution: None
Name: 内蒙古卫视, URL: https://migu.188766.xyz/?migutoken=3668909561932d81acbb6cb341234796&id=%E5%86%85%E8%92%99%E5%8F%A4%E5%8D%AB%E8%A7%86&pp=1, From: subscribe, IPv_Type: ipv6, Location: 美国, ISP: CloudFlare Inc., Date: None, Delay: -1 ms, Speed: 0.00 M/s, Resolution: None
Name: 内蒙古卫视, URL: https://migu.188766.xyz/?migutoken=668d0763fe83c0412da09c07266aa498&id=%E5%86%85%E8%92%99%E5%8F%A4%E5%8D%AB%E8%A7%86&pp=1, From: subscribe, IPv_Type: ipv6, Location: 美国, ISP: CloudFlare Inc., Date: None, Delay: -1 ms, Speed: 0.00 M/s, Resolution: None
Name: 内蒙古卫视, URL: https://migu.188766.xyz/?migutoken=59d623ce2812ca5c98a55a2051689916&id=%E5%86%85%E8%92%99%E5%8F%A4%E5%8D%AB%E8%A7%86&pp=1, From: subscribe, IPv_Type: ipv6, Location: 美国, ISP: CloudFlare Inc., Date: None, Delay: -1 ms, Speed: 0.00 M/s, Resolution: None
Name: 内蒙古卫视, URL: https://migu.188766.xyz/?migutoken=3c1c32013554943e72bc5007d91977cb&id=%E5%86%85%E8%92%99%E5%8F%A4%E5%8D%AB%E8%A7%86&pp=1, From: subscribe, IPv_Type: ipv6, Location: 美国, ISP: CloudFlare Inc., Date: None, Delay: -1 ms, Speed: 0.00 M/s, Resolution: None
Name: 内蒙古卫视, URL: https://migu.188766.xyz/?migutoken=f54938e1271124454e485bcf4606a9be&id=%E5%86%85%E8%92%99%E5%8F%A4%E5%8D%AB%E8%A7%86&pp=1, From: subscribe, IPv_Type: ipv6, Location: 美国, ISP: CloudFlare Inc., Date: None, Delay: -1 ms, Speed: 0.00 M/s, Resolution: None
Name: 内蒙古卫视, URL: https://migu.188766.xyz/?migutoken=cd456ef7bf03e1afae5394c4046e06be&id=%E5%86%85%E8%92%99%E5%8F%A4%E5%8D%AB%E8%A7%86&pp=1, From: subscribe, IPv_Type: ipv6, Location: 美国, ISP: CloudFlare Inc., Date: None, Delay: -1 ms, Speed: 0.00 M/s, Resolution: None
Name: 内蒙古卫视, URL: https://migu.188766.xyz/?migutoken=f122376b24422fe0d6e808dc4eb67e7a&id=%E5%86%85%E8%92%99%E5%8F%A4%E5%8D%AB%E8%A7%86&pp=1, From: subscribe, IPv_Type: ipv6, Location: 美国, ISP: CloudFlare Inc., Date: None, Delay: -1 ms, Speed: 0.00 M/s, Resolution: None
Name: 内蒙古卫视, URL: https://t.freetv.fun/live/nei-meng-gu-wei-shi.php, From: subscribe, IPv_Type: ipv6, Location: 美国, ISP: CloudFlare Inc., Date: None, Delay: -1 ms, Speed: 0.00 M/s, Resolution: None
Name: 内蒙古卫视, URL: http://23.237.228.134/live8/neimenggu.m3u8, From: subscribe, IPv_Type: ipv4, Location: 北美地区, ISP: , Date: None, Delay: 118 ms, Speed: 18.81 M/s, Resolution: 1920x1080
Name: 内蒙古卫视, URL: http://38.75.136.137:98/gslb/dsdqpub/nmgws.m3u8?auth=testpub, From: subscribe, IPv_Type: ipv4, Location: 美国-伊利诺伊州-库克, ISP: Cogent, Date: None, Delay: 442 ms, Speed: 4.55 M/s, Resolution: 1920x1080
Name: 宁夏卫视, URL: http://gslbmgsplive.miguvideo.com/envivo_x/2018/SD/ningxia/1000/index.m3u8?msisdn=202512090803346c15eac052a049a8bdef24d32b88607c&mdspid=&spid=600697&netType=0&sid=5910022262&pid=2028597139&timestamp=20251209080334&Channel_ID=0116_2600037000-99000-200300220100002&ProgramID=738910535&ParentNodeID=-99&assertID=5910022262&client_ip=218.28.233.106&SecurityKey=20251209080334&promotionId=&mvid=5900004337&mcid=500020&playurlVersion=WX-A1-8.11.2-RELEASE&userid=&jmhm=&videocodec=h264&appCode=miguvideo_android&bean=mgspad&tid=android&conFee=0&puData=0df895c692bd24341f8994cef90616ff&ddCalcu=f0fdv6fa18z69a059cf6e9c24b9d9284f314&sv=10004&ct=android, From: subscribe, IPv_Type: ipv6, Location: 中国, ISP: 中国移动, Date: None, Delay: -1 ms, Speed: 0.00 M/s, Resolution: None
Name: 宁夏卫视, URL: http://hwottcdn.ln.chinamobile.com/PLTV/11/224/3221226154/index.m3u8, From: subscribe, IPv_Type: ipv6, Location: 中国, ISP: 中国移动, Date: None, Delay: -1 ms, Speed: 0.00 M/s, Resolution: None
Name: 宁夏卫视, URL: http://tvgslb.hn.chinamobile.com:8089/180000001002/00000000000000020000000000182273/main.m3u8?stbid=, From: subscribe, IPv_Type: ipv6, Location: 中国, ISP: 中国移动, Date: None, Delay: -1 ms, Speed: 0.00 M/s, Resolution: None
Name: 宁夏卫视, URL: http://hwottcdn.ln.chinamobile.com/PLTV/11/224/3221226804/index.m3u8, From: subscribe, IPv_Type: ipv6, Location: 中国, ISP: 中国移动, Date: None, Delay: -1 ms, Speed: 0.00 M/s, Resolution: None
Name: 宁夏卫视, URL: http://iptvrr.sh.chinamobile.com:6060/cms001/ch00000090990000001074/index.m3u8, From: subscribe, IPv_Type: ipv6, Location: 中国, ISP: 中国移动, Date: None, Delay: -1 ms, Speed: 0.00 M/s, Resolution: None
Name: 宁夏卫视, URL: http://k.061899.xyz/k.php?id=nxws, From: subscribe, IPv_Type: ipv6, Location: 新加坡, ISP: Aceville Pte.Ltd., Date: None, Delay: -1 ms, Speed: 0.00 M/s, Resolution: None
Name: 宁夏卫视, URL: http://hwltc.tv.cdn.zj.chinamobile.com/PLTV/88888888/224/3221236209/index.m3u8, From: subscribe, IPv_Type: ipv6, Location: 中国, ISP: 中国移动, Date: None, Delay: -1 ms, Speed: 0.00 M/s, Resolution: None
Name: 宁夏卫视, URL: https://migu.188766.xyz/?migutoken=74e30cc91cbca6abcf33d5e71e6927e8&id=%E5%AE%81%E5%A4%8F%E5%8D%AB%E8%A7%86&type=yy, From: subscribe, IPv_Type: ipv6, Location: 美国, ISP: CloudFlare Inc., Date: None, Delay: -1 ms, Speed: 0.00 M/s, Resolution: None
Name: 宁夏卫视, URL: https://migu.188766.xyz/?migutoken=93fdacddab63ddae4f4d33c37e2ebc6b&id=%E5%AE%81%E5%A4%8F%E5%8D%AB%E8%A7%86&type=yy, From: subscribe, IPv_Type: ipv6, Location: 美国, ISP: CloudFlare Inc., Date: None, Delay: -1 ms, Speed: 0.00 M/s, Resolution: None
Name: 宁夏卫视, URL: https://migu.188766.xyz/?migutoken=012de0a3bdb81063b705ce8a52c13ecd&id=%E5%AE%81%E5%A4%8F%E5%8D%AB%E8%A7%86&type=yy, From: subscribe, IPv_Type: ipv6, Location: 美国, ISP: CloudFlare Inc., Date: None, Delay: -1 ms, Speed: 0.00 M/s, Resolution: None
Name: 宁夏卫视, URL: https://migu.188766.xyz/?migutoken=1d9569f0a599002aefe10992c97b086a&id=%E5%AE%81%E5%A4%8F%E5%8D%AB%E8%A7%86&type=yy, From: subscribe, IPv_Type: ipv6, Location: 美国, ISP: CloudFlare Inc., Date: None, Delay: -1 ms, Speed: 0.00 M/s, Resolution: None
Name: 宁夏卫视, URL: https://migu.188766.xyz/?migutoken=858676426e1f55d3eac804344d130063&id=%E5%AE%81%E5%A4%8F%E5%8D%AB%E8%A7%86&type=yy, From: subscribe, IPv_Type: ipv6, Location: 美国, ISP: CloudFlare Inc., Date: None, Delay: -1 ms, Speed: 0.00 M/s, Resolution: None
Name: 宁夏卫视, URL: https://migu.188766.xyz/?migutoken=1730267e266bc42a0c6246c86bbb0afa&id=%E5%AE%81%E5%A4%8F%E5%8D%AB%E8%A7%86&type=yy, From: subscribe, IPv_Type: ipv6, Location: 美国, ISP: CloudFlare Inc., Date: None, Delay: -1 ms, Speed: 0.00 M/s, Resolution: None
Name: 宁夏卫视, URL: https://migu.188766.xyz/?migutoken=137f4e78cacb5ef502bea988b196c263&id=%E5%AE%81%E5%A4%8F%E5%8D%AB%E8%A7%86&type=yy, From: subscribe, IPv_Type: ipv6, Location: 美国, ISP: CloudFlare Inc., Date: None, Delay: -1 ms, Speed: 0.00 M/s, Resolution: None
Name: 宁夏卫视, URL: https://migu.188766.xyz/?migutoken=4f39a86719e2a9835f5e2a837070fea0&id=%E5%AE%81%E5%A4%8F%E5%8D%AB%E8%A7%86&type=yy, From: subscribe, IPv_Type: ipv6, Location: 美国, ISP: CloudFlare Inc., Date: None, Delay: -1 ms, Speed: 0.00 M/s, Resolution: None
Name: 宁夏卫视, URL: https://migu.188766.xyz/?migutoken=1d3c06a463f5c1121886933974a55380&id=%E5%AE%81%E5%A4%8F%E5%8D%AB%E8%A7%86&type=yy, From: subscribe, IPv_Type: ipv6, Location: 美国, ISP: CloudFlare Inc., Date: None, Delay: -1 ms, Speed: 0.00 M/s, Resolution: None
Name: 宁夏卫视, URL: https://migu.188766.xyz/?migutoken=26338a9fa76117e99ab02841686485c1&id=%E5%AE%81%E5%A4%8F%E5%8D%AB%E8%A7%86&type=yy, From: subscribe, IPv_Type: ipv6, Location: 美国, ISP: CloudFlare Inc., Date: None, Delay: -1 ms, Speed: 0.00 M/s, Resolution: None
Name: 宁夏卫视, URL: https://migu.188766.xyz/?migutoken=50bbb867c192218d35ef2accc3ef68ba&id=%E5%AE%81%E5%A4%8F%E5%8D%AB%E8%A7%86&type=yy, From: subscribe, IPv_Type: ipv6, Location: 美国, ISP: CloudFlare Inc., Date: None, Delay: -1 ms, Speed: 0.00 M/s, Resolution: None
Name: 宁夏卫视, URL: https://iptv.catvod.com/live.php?id=%E5%AE%81%E5%A4%8F%E5%8D%AB%E8%A7%86, From: subscribe, IPv_Type: ipv4, Location: 美国-加利福尼亚州-洛杉矶, ISP: IT7网络, Date: None, Delay: 28 ms, Speed: 39.75 M/s, Resolution: 1920x1080
Name: 宁夏卫视, URL: http://38.75.136.137:98/gslb/dsdqpub/nxws.m3u8?auth=testpub, From: subscribe, IPv_Type: ipv4, Location: 美国-伊利诺伊州-库克, ISP: Cogent, Date: None, Delay: 469 ms, Speed: 5.71 M/s, Resolution: 1920x1080
Name: 青海卫视, URL: https://www.freetv.top/migu/947472506.m3u8?migutoken=c740fc58e518a315b254873398c630ca506a9de327397b5e27a668d9c1e170b6512a1834dab3229ddc39b5a61c2ea42fae6d196a11c6d0e5e212522e6edf197f65ad9addf0b540aa6c9d4fcd3e, From: subscribe, IPv_Type: ipv6, Location: 美国-加利福尼亚州-圣克拉拉, ISP: DigitalOcean, Date: None, Delay: 43 ms, Speed: 9.76 M/s, Resolution: 1920x1080
Name: 青海卫视, URL: https://www.freetv.top/migu/947472506.m3u8?migutoken=7bfff5cd40297ac2c258f598f97f36a47e8d0d19763d61ff6f62aff98021e7fcafa9b64df934c1ca76302e804fb60ce17856d30a33b7965613665d25cce09f43302170684a7e39c85290af3bd3, From: subscribe, IPv_Type: ipv6, Location: 美国-加利福尼亚州-圣克拉拉, ISP: DigitalOcean, Date: None, Delay: 51 ms, Speed: 9.08 M/s, Resolution: 1920x1080
Name: 青海卫视, URL: https://www.freetv.top/migu/947472506.m3u8?migutoken=1f19e5986a0a2ef4e7a8d09edf9a6b8faf270d5320ef4f13eaa876ea8a3ecc2263d1cd2dacb91ceadd6c38af23137707d164462be4cee5d1357c3a8289e0f87ebbce11f5d97c0daa3ac94ae7a1, From: subscribe, IPv_Type: ipv6, Location: 美国-加利福尼亚州-圣克拉拉, ISP: DigitalOcean, Date: None, Delay: 46 ms, Speed: 9.47 M/s, Resolution: 1920x1080
Name: 青海卫视, URL: https://migu.188766.xyz/?migutoken=dc0b819fc582956bb0428677945edf81&id=%E9%9D%92%E6%B5%B7%E5%8D%AB%E8%A7%86&type=yy, From: subscribe, IPv_Type: ipv6, Location: 美国, ISP: CloudFlare Inc., Date: None, Delay: -1 ms, Speed: 0.00 M/s, Resolution: None
Name: 青海卫视, URL: http://gslbmgsplive.miguvideo.com/envivo_w/2018/SD/qinghai/1000/index.m3u8?msisdn=20251209080328da09ffebd33a4b0b836195152a40fd6e&mdspid=&spid=600633&netType=0&sid=5910022166&pid=2028597139&timestamp=20251209080328&Channel_ID=0116_2600037000-99000-200300220100002&ProgramID=947472506&ParentNodeID=-99&assertID=5910022166&client_ip=218.28.233.106&SecurityKey=20251209080328&promotionId=&mvid=5900004353&mcid=500020&playurlVersion=WX-A1-8.11.2-RELEASE&userid=&jmhm=&videocodec=h264&appCode=miguvideo_android&bean=mgspad&tid=android&conFee=0&puData=4c4e504580a8213a7e6fc480cd09b28c&ddCalcu=c48cv24abez95a00d4c508804ac8f261e37a&sv=10004&ct=android, From: subscribe, IPv_Type: ipv6, Location: 中国, ISP: 中国移动, Date: None, Delay: -1 ms, Speed: 0.00 M/s, Resolution: None
Name: 青海卫视, URL: https://migu.188766.xyz/?migutoken=93b4a43180206ca37dff0d90d24d54b7&id=%E9%9D%92%E6%B5%B7%E5%8D%AB%E8%A7%86&type=yy, From: subscribe, IPv_Type: ipv6, Location: 美国, ISP: CloudFlare Inc., Date: None, Delay: -1 ms, Speed: 0.00 M/s, Resolution: None
Name: 青海卫视, URL: https://migu.188766.xyz/?migutoken=2555ca6e64ee44873750ee80a1c645ec&id=%E9%9D%92%E6%B5%B7%E5%8D%AB%E8%A7%86&type=yy, From: subscribe, IPv_Type: ipv6, Location: 美国, ISP: CloudFlare Inc., Date: None, Delay: -1 ms, Speed: 0.00 M/s, Resolution: None
Name: 青海卫视, URL: https://migu.188766.xyz/?migutoken=3bc7417eb1eee0bdc5d57c241256afa0&id=%E9%9D%92%E6%B5%B7%E5%8D%AB%E8%A7%86&type=yy, From: subscribe, IPv_Type: ipv6, Location: 美国, ISP: CloudFlare Inc., Date: None, Delay: -1 ms, Speed: 0.00 M/s, Resolution: None
Name: 青海卫视, URL: https://migu.188766.xyz/?migutoken=06394828754550bab4f0a8c7f130f43b&id=%E9%9D%92%E6%B5%B7%E5%8D%AB%E8%A7%86&type=yy, From: subscribe, IPv_Type: ipv6, Location: 美国, ISP: CloudFlare Inc., Date: None, Delay: -1 ms, Speed: 0.00 M/s, Resolution: None
Name: 青海卫视, URL: https://migu.188766.xyz/?migutoken=8a43ec86f19ee2accce281ccf20e139f&id=%E9%9D%92%E6%B5%B7%E5%8D%AB%E8%A7%86&type=yy, From: subscribe, IPv_Type: ipv6, Location: 美国, ISP: CloudFlare Inc., Date: None, Delay: -1 ms, Speed: 0.00 M/s, Resolution: None
Name: 青海卫视, URL: https://migu.188766.xyz/?migutoken=b44ff5b3d008cdee66fa0e39342cb187&id=%E9%9D%92%E6%B5%B7%E5%8D%AB%E8%A7%86&type=yy, From: subscribe, IPv_Type: ipv6, Location: 美国, ISP: CloudFlare Inc., Date: None, Delay: -1 ms, Speed: 0.00 M/s, Resolution: None
Name: 青海卫视, URL: https://migu.188766.xyz/?migutoken=8313bee799e6aa719773c1bcacf10fdf&id=%E9%9D%92%E6%B5%B7%E5%8D%AB%E8%A7%86&type=yy, From: subscribe, IPv_Type: ipv6, Location: 美国, ISP: CloudFlare Inc., Date: None, Delay: -1 ms, Speed: 0.00 M/s, Resolution: None
Name: 青海卫视, URL: https://migu.188766.xyz/?migutoken=63164739e06fbaf0f7541c17a58d5ad3&id=%E9%9D%92%E6%B5%B7%E5%8D%AB%E8%A7%86&type=yy, From: subscribe, IPv_Type: ipv6, Location: 美国, ISP: CloudFlare Inc., Date: None, Delay: -1 ms, Speed: 0.00 M/s, Resolution: None
Name: 青海卫视, URL: https://migu.188766.xyz/?migutoken=032dbaf05f48b3b24972f57ad3080d71&id=%E9%9D%92%E6%B5%B7%E5%8D%AB%E8%A7%86&type=yy, From: subscribe, IPv_Type: ipv6, Location: 美国, ISP: CloudFlare Inc., Date: None, Delay: -1 ms, Speed: 0.00 M/s, Resolution: None
Name: 青海卫视, URL: https://migu.188766.xyz/?migutoken=71e326454033b7b10901502322c2dd0e&id=%E9%9D%92%E6%B5%B7%E5%8D%AB%E8%A7%86&type=yy, From: subscribe, IPv_Type: ipv6, Location: 美国, ISP: CloudFlare Inc., Date: None, Delay: -1 ms, Speed: 0.00 M/s, Resolution: None
Name: 青海卫视, URL: https://migu.188766.xyz/?migutoken=8a4dacc7cee589b5b11f2fd6eb9663d8&id=%E9%9D%92%E6%B5%B7%E5%8D%AB%E8%A7%86&type=yy, From: subscribe, IPv_Type: ipv6, Location: 美国, ISP: CloudFlare Inc., Date: None, Delay: -1 ms, Speed: 0.00 M/s, Resolution: None
Name: 青海卫视, URL: https://migu.188766.xyz/?migutoken=c2fd26d0b08c505949bc76f9bde77085&id=%E9%9D%92%E6%B5%B7%E5%8D%AB%E8%A7%86&type=yy, From: subscribe, IPv_Type: ipv6, Location: 美国, ISP: CloudFlare Inc., Date: None, Delay: -1 ms, Speed: 0.00 M/s, Resolution: None
Name: 青海卫视, URL: https://migu.188766.xyz/?migutoken=809f19a9b78419e65c4f0e2f5849161b&id=%E9%9D%92%E6%B5%B7%E5%8D%AB%E8%A7%86&type=yy, From: subscribe, IPv_Type: ipv6, Location: 美国, ISP: CloudFlare Inc., Date: None, Delay: -1 ms, Speed: 0.00 M/s, Resolution: None
Name: 青海卫视, URL: https://iptv.catvod.com/live.php?id=%E9%9D%92%E6%B5%B7%E5%8D%AB%E8%A7%86, From: subscribe, IPv_Type: ipv6, Location: 美国, ISP: CloudFlare Inc., Date: None, Delay: -1 ms, Speed: 0.00 M/s, Resolution: None
Name: 青海卫视, URL: https://migu.188766.xyz/?migutoken=804b38e21034c66fe432e6ba55370a2b&id=%E9%9D%92%E6%B5%B7%E5%8D%AB%E8%A7%86&type=yy, From: subscribe, IPv_Type: ipv6, Location: 美国, ISP: CloudFlare Inc., Date: None, Delay: -1 ms, Speed: 0.00 M/s, Resolution: None
Name: 青海卫视, URL: https://migu.188766.xyz/?migutoken=5731039daf1ee84a49878f52a45c0535&id=%E9%9D%92%E6%B5%B7%E5%8D%AB%E8%A7%86&type=yy, From: subscribe, IPv_Type: ipv6, Location: 美国, ISP: CloudFlare Inc., Date: None, Delay: -1 ms, Speed: 0.00 M/s, Resolution: None
Name: 青海卫视, URL: https://migu.188766.xyz/?migutoken=ad7c8b34e0a8e9ede407e988ef8fccf2&id=%E9%9D%92%E6%B5%B7%E5%8D%AB%E8%A7%86&type=yy, From: subscribe, IPv_Type: ipv6, Location: 美国, ISP: CloudFlare Inc., Date: None, Delay: -1 ms, Speed: 0.00 M/s, Resolution: None
Name: 青海卫视, URL: http://hwottcdn.ln.chinamobile.com/PLTV/11/224/3221226889/index.m3u8, From: subscribe, IPv_Type: ipv6, Location: 中国, ISP: 中国移动, Date: None, Delay: -1 ms, Speed: 0.00 M/s, Resolution: None
Name: 青海卫视, URL: http://hwottcdn.ln.chinamobile.com/PLTV/11/224/3221226153/index.m3u8, From: subscribe, IPv_Type: ipv6, Location: 中国, ISP: 中国移动, Date: None, Delay: -1 ms, Speed: 0.00 M/s, Resolution: None
Name: 青海卫视, URL: http://tvgslb.hn.chinamobile.com:8089/180000001001/00000001000000000090000000215609/main.m3u8?stbid=, From: subscribe, IPv_Type: ipv6, Location: 中国, ISP: 中国移动, Date: None, Delay: -1 ms, Speed: 0.00 M/s, Resolution: None
Name: 青海卫视, URL: http://tvgslb.hn.chinamobile.com:8089/180000001002/00000000000000020000000000182317/main.m3u8?stbid=, From: subscribe, IPv_Type: ipv6, Location: 中国, ISP: 中国移动, Date: None, Delay: -1 ms, Speed: 0.00 M/s, Resolution: None
Name: 青海卫视, URL: http://iptvrr.sh.chinamobile.com:6060/cms001/ch00000090990000001450/index.m3u8, From: subscribe, IPv_Type: ipv6, Location: 中国, ISP: 中国移动, Date: None, Delay: -1 ms, Speed: 0.00 M/s, Resolution: None
Name: 青海卫视, URL: http://k.061899.xyz/k.php?id=qhws, From: subscribe, IPv_Type: ipv6, Location: 新加坡, ISP: Aceville Pte.Ltd., Date: None, Delay: -1 ms, Speed: 0.00 M/s, Resolution: None
Name: 青海卫视, URL: http://ott.mobaibox.com/PLTV/3/224/3221227554/index.m3u8, From: subscribe, IPv_Type: ipv6, Location: 中国, ISP: 中国移动, Date: None, Delay: -1 ms, Speed: 0.00 M/s, Resolution: None
Name: 青海卫视, URL: http://hwltc.tv.cdn.zj.chinamobile.com/PLTV/88888888/224/3221236252/index.m3u8, From: subscribe, IPv_Type: ipv6, Location: 中国, ISP: 中国移动, Date: None, Delay: -1 ms, Speed: 0.00 M/s, Resolution: None
Name: 青海卫视, URL: https://migu.188766.xyz/?migutoken=beaef1d74dceceae1de64d11fafbc46c&id=%E9%9D%92%E6%B5%B7%E5%8D%AB%E8%A7%86&type=yy, From: subscribe, IPv_Type: ipv6, Location: 美国, ISP: CloudFlare Inc., Date: None, Delay: -1 ms, Speed: 0.00 M/s, Resolution: None
Name: 青海卫视, URL: https://migu.188766.xyz/?migutoken=194dccad5bf7043536b3025263a2ebe1&id=%E9%9D%92%E6%B5%B7%E5%8D%AB%E8%A7%86&type=yy, From: subscribe, IPv_Type: ipv6, Location: 美国, ISP: CloudFlare Inc., Date: None, Delay: -1 ms, Speed: 0.00 M/s, Resolution: None
Name: 青海卫视, URL: https://migu.188766.xyz/?migutoken=c5373f2858cf8f1da8e45323762a6705&id=%E9%9D%92%E6%B5%B7%E5%8D%AB%E8%A7%86&type=yy, From: subscribe, IPv_Type: ipv6, Location: 美国, ISP: CloudFlare Inc., Date: None, Delay: -1 ms, Speed: 0.00 M/s, Resolution: None
Name: 青海卫视, URL: https://migu.188766.xyz/?migutoken=2a99e08c6f9d7c71d0f44bc80c7db170&id=%E9%9D%92%E6%B5%B7%E5%8D%AB%E8%A7%86&type=yy, From: subscribe, IPv_Type: ipv6, Location: 美国, ISP: CloudFlare Inc., Date: None, Delay: -1 ms, Speed: 0.00 M/s, Resolution: None
Name: 青海卫视, URL: https://migu.188766.xyz/?migutoken=c18ea41b280bbdf6cb1d21886eb44167&id=%E9%9D%92%E6%B5%B7%E5%8D%AB%E8%A7%86&type=yy, From: subscribe, IPv_Type: ipv6, Location: 美国, ISP: CloudFlare Inc., Date: None, Delay: -1 ms, Speed: 0.00 M/s, Resolution: None
Name: 青海卫视, URL: https://migu.188766.xyz/?migutoken=400df9320243284bd89a2d4d5411a897&id=%E9%9D%92%E6%B5%B7%E5%8D%AB%E8%A7%86&type=yy, From: subscribe, IPv_Type: ipv6, Location: 美国, ISP: CloudFlare Inc., Date: None, Delay: -1 ms, Speed: 0.00 M/s, Resolution: None
Name: 青海卫视, URL: https://migu.188766.xyz/?migutoken=40393f5f973a380bacf6f48846cd98a4&id=%E9%9D%92%E6%B5%B7%E5%8D%AB%E8%A7%86&type=yy, From: subscribe, IPv_Type: ipv6, Location: 美国, ISP: CloudFlare Inc., Date: None, Delay: -1 ms, Speed: 0.00 M/s, Resolution: None
Name: 青海卫视, URL: https://migu.188766.xyz/?migutoken=c1ad7569ec4417ba280f6f06092b08eb&id=%E9%9D%92%E6%B5%B7%E5%8D%AB%E8%A7%86&type=yy, From: subscribe, IPv_Type: ipv6, Location: 美国, ISP: CloudFlare Inc., Date: None, Delay: -1 ms, Speed: 0.00 M/s, Resolution: None
Name: 青海卫视, URL: https://migu.188766.xyz/?migutoken=2e7db217fb561cc5ed325560d10395a5&id=%E9%9D%92%E6%B5%B7%E5%8D%AB%E8%A7%86&type=yy, From: subscribe, IPv_Type: ipv6, Location: 美国, ISP: CloudFlare Inc., Date: None, Delay: -1 ms, Speed: 0.00 M/s, Resolution: None
Name: 青海卫视, URL: https://migu.188766.xyz/?migutoken=95b5786474d83fa1c03fda1f7dcbd3ca&id=%E9%9D%92%E6%B5%B7%E5%8D%AB%E8%A7%86&type=yy, From: subscribe, IPv_Type: ipv6, Location: 美国, ISP: CloudFlare Inc., Date: None, Delay: -1 ms, Speed: 0.00 M/s, Resolution: None
Name: 青海卫视, URL: https://migu.188766.xyz/?migutoken=924b77f7405a3719d91f7a2a76564a07&id=%E9%9D%92%E6%B5%B7%E5%8D%AB%E8%A7%86&type=yy, From: subscribe, IPv_Type: ipv6, Location: 美国, ISP: CloudFlare Inc., Date: None, Delay: -1 ms, Speed: 0.00 M/s, Resolution: None
Name: 青海卫视, URL: https://migu.188766.xyz/?migutoken=5e7c2b52417981cc9f88f2b486550d07&id=%E9%9D%92%E6%B5%B7%E5%8D%AB%E8%A7%86&type=yy, From: subscribe, IPv_Type: ipv6, Location: 美国, ISP: CloudFlare Inc., Date: None, Delay: -1 ms, Speed: 0.00 M/s, Resolution: None
Name: 青海卫视, URL: http://38.75.136.137:98/gslb/dsdqpub/qhws.m3u8?auth=testpub, From: subscribe, IPv_Type: ipv4, Location: 美国-伊利诺伊州-库克, ISP: Cogent, Date: None, Delay: 461 ms, Speed: 5.88 M/s, Resolution: 1920x1080
Name: 青海卫视, URL: http://23.237.228.134/live8/qinghai.m3u8, From: subscribe, IPv_Type: ipv4, Location: 北美地区, ISP: , Date: None, Delay: 1082 ms, Speed: 3.82 M/s, Resolution: 1920x1080
Name: 山东卫视, URL: http://l.cztvcloud.com/channels/lantian/SXshengzhou1/720p.m3u8, From: subscribe, IPv_Type: ipv6, Location: 中国-江苏-常州, ISP: 电信, Date: None, Delay: 2626 ms, Speed: 0.66 M/s, Resolution: 1920x1080
Name: 山东卫视, URL: https://iptv.catvod.com/live.php?id=%E5%B1%B1%E4%B8%9C%E5%8D%AB%E8%A7%86, From: subscribe, IPv_Type: ipv6, Location: 美国, ISP: CloudFlare Inc., Date: None, Delay: -1 ms, Speed: 0.00 M/s, Resolution: None
Name: 山东卫视, URL: http://hwottcdn.ln.chinamobile.com/PLTV/11/224/3221226739/index.m3u8, From: subscribe, IPv_Type: ipv6, Location: 中国, ISP: 中国移动, Date: None, Delay: -1 ms, Speed: 0.00 M/s, Resolution: None
Name: 山东卫视, URL: http://hwottcdn.ln.chinamobile.com/PLTV/11/224/3221227312/index.m3u8, From: subscribe, IPv_Type: ipv6, Location: 中国, ISP: 中国移动, Date: None, Delay: -1 ms, Speed: 0.00 M/s, Resolution: None
Name: 山东卫视, URL: http://tvgslb.hn.chinamobile.com:8089/180000001002/00000000000000020000000000182570/main.m3u8?stbid=, From: subscribe, IPv_Type: ipv6, Location: 中国, ISP: 中国移动, Date: None, Delay: -1 ms, Speed: 0.00 M/s, Resolution: None
Name: 山东卫视, URL: http://hwltc.tv.cdn.zj.chinamobile.com/PLTV/88888888/224/3221236159/index.m3u8, From: subscribe, IPv_Type: ipv6, Location: 中国, ISP: 中国移动, Date: None, Delay: -1 ms, Speed: 0.00 M/s, Resolution: None
Name: 山东卫视, URL: http://iptvrr.sh.chinamobile.com:6060/cms001/ch00000090990000001028/index.m3u8, From: subscribe, IPv_Type: ipv6, Location: 中国, ISP: 中国移动, Date: None, Delay: -1 ms, Speed: 0.00 M/s, Resolution: None
Name: 山东卫视, URL: http://ott.mobaibox.com/PLTV/3/224/3221227517/index.m3u8, From: subscribe, IPv_Type: ipv6, Location: 中国, ISP: 中国移动, Date: None, Delay: -1 ms, Speed: 0.00 M/s, Resolution: None
Name: 山东卫视, URL: http://hwottcdn.ln.chinamobile.com/PLTV/11/224/3221226138/index.m3u8, From: subscribe, IPv_Type: ipv6, Location: 中国, ISP: 中国移动, Date: None, Delay: -1 ms, Speed: 0.00 M/s, Resolution: None
Name: 山东卫视, URL: http://tvgslb.hn.chinamobile.com:8089/180000001002/00000001000000000008000000047448/main.m3u8?stbid=, From: subscribe, IPv_Type: ipv6, Location: 中国, ISP: 中国移动, Date: None, Delay: -1 ms, Speed: 0.00 M/s, Resolution: None
Name: 山东卫视, URL: http://k.061899.xyz/k.php?id=sdws, From: subscribe, IPv_Type: ipv6, Location: 新加坡, ISP: Aceville Pte.Ltd., Date: None, Delay: -1 ms, Speed: 0.00 M/s, Resolution: None
Name: 山东卫视, URL: http://hwottcdn.ln.chinamobile.com/PLTV/11/224/3221226887/index.m3u8, From: subscribe, IPv_Type: ipv6, Location: 中国, ISP: 中国移动, Date: None, Delay: -1 ms, Speed: 0.00 M/s, Resolution: None
Name: 山东卫视, URL: https://t.freetv.fun/live/shan-dong-wei-shi-9.php, From: subscribe, IPv_Type: ipv6, Location: 美国, ISP: CloudFlare Inc., Date: None, Delay: -1 ms, Speed: 0.00 M/s, Resolution: None
Name: 山东卫视, URL: http://38.75.136.137:98/gslb/dsdqpub/sdwshd.m3u8?auth=testpub, From: subscribe, IPv_Type: ipv4, Location: 美国-伊利诺伊州-库克, ISP: Cogent, Date: None, Delay: 522 ms, Speed: 6.21 M/s, Resolution: 1920x1080
Name: 山西卫视, URL: http://m3u8.channel.wsrtv.com.cn/cms/videos/nmip-media/channellive/channel7/playlist.m3u8, From: subscribe, IPv_Type: ipv6, Location: 中国, ISP: 中国电信, Date: None, Delay: 2958 ms, Speed: 0.26 M/s, Resolution: 1920x1080
Name: 山西卫视, URL: https://iptv.catvod.com/live.php?id=%E5%B1%B1%E8%A5%BF%E5%8D%AB%E8%A7%86, From: subscribe, IPv_Type: ipv6, Location: 美国, ISP: CloudFlare Inc., Date: None, Delay: -1 ms, Speed: 0.00 M/s, Resolution: None
Name: 山西卫视, URL: http://hwltc.tv.cdn.zj.chinamobile.com/PLTV/88888888/224/3221236264/index.m3u8, From: subscribe, IPv_Type: ipv6, Location: 中国, ISP: 中国移动, Date: None, Delay: -1 ms, Speed: 0.00 M/s, Resolution: None
Name: 山西卫视, URL: http://k.061899.xyz/k.php?id=sxiws, From: subscribe, IPv_Type: ipv6, Location: 新加坡, ISP: Aceville Pte.Ltd., Date: None, Delay: -1 ms, Speed: 0.00 M/s, Resolution: None
Name: 山西卫视, URL: http://tvgslb.hn.chinamobile.com:8089/180000001002/00000000000000020000000000182271/main.m3u8?stbid=, From: subscribe, IPv_Type: ipv6, Location: 中国, ISP: 中国移动, Date: None, Delay: -1 ms, Speed: 0.00 M/s, Resolution: None
Name: 山西卫视, URL: http://hwottcdn.ln.chinamobile.com/PLTV/11/224/3221226778/index.m3u8, From: subscribe, IPv_Type: ipv6, Location: 中国, ISP: 中国移动, Date: None, Delay: -1 ms, Speed: 0.00 M/s, Resolution: None
Name: 山西卫视, URL: http://hwottcdn.ln.chinamobile.com/PLTV/11/224/3221226137/index.m3u8, From: subscribe, IPv_Type: ipv6, Location: 中国, ISP: 中国移动, Date: None, Delay: -1 ms, Speed: 0.00 M/s, Resolution: None
Name: 山西卫视, URL: http://iptvrr.sh.chinamobile.com:6060/cms001/ch00000090990000001070/index.m3u8, From: subscribe, IPv_Type: ipv6, Location: 中国, ISP: 中国移动, Date: None, Delay: -1 ms, Speed: 0.00 M/s, Resolution: None
Name: 山西卫视, URL: http://23.237.228.134/live8/shanxi.m3u8, From: subscribe, IPv_Type: ipv4, Location: 北美地区, ISP: , Date: None, Delay: 135 ms, Speed: 15.34 M/s, Resolution: 1920x1080
Name: 山西卫视, URL: http://38.75.136.137:98/gslb/dsdqpub/sxwshd.m3u8?auth=testpub, From: subscribe, IPv_Type: ipv4, Location: 美国-伊利诺伊州-库克, ISP: Cogent, Date: None, Delay: 509 ms, Speed: 4.16 M/s, Resolution: 1920x1080
Name: 山西卫视, URL: http://113.25.252.226:9901/tsfile/live/1039_1.m3u8?key=txiptv&playlive=1&authid=0, From: subscribe, IPv_Type: ipv4, Location: 中国-山西, ISP: 电信, Date: None, Delay: 10926 ms, Speed: 0.00 M/s, Resolution: None
Name: 陕西卫视, URL: https://www.freetv.top/migu/738910838.m3u8?migutoken=3899cd1daaa04f812c6d4b13126e3c00ad177635abc5559f1b596e814ff8eb3d745e7bd40b881206a2852a5ed041ca424112cf1d9b385c72ea9de42c8d86f45227af0f51a8b4f4c18a038a8e6d, From: subscribe, IPv_Type: ipv6, Location: 美国-加利福尼亚州-圣克拉拉, ISP: DigitalOcean, Date: None, Delay: 41 ms, Speed: 10.69 M/s, Resolution: 1920x1080
Name: 陕西卫视, URL: https://www.freetv.top/migu/738910838.m3u8?migutoken=35df06ac83a8fe0b0d98f96b8dbf5821d2a57fbd279c10148f5eb543353c48d828c15e639a63919e023774c69fac3a6f5a2bbfd1ee773d77c0dc154b9acd0c77e84c99627dd15f852e56ab3281, From: subscribe, IPv_Type: ipv6, Location: 美国-加利福尼亚州-圣克拉拉, ISP: DigitalOcean, Date: None, Delay: 42 ms, Speed: 9.67 M/s, Resolution: 1920x1080
Name: 陕西卫视, URL: https://www.freetv.top/migu/738910838.m3u8?migutoken=3d2992ea78cf0d16e27303f2161b886b2f53f2772c9048d2cf024f810a7a6007aa15c432ba27023ed9ebdf2d93f5d4510ba233d9e8a9a429cc12bc2fb6a40c03bfa415dc27c8f998eec1905302, From: subscribe, IPv_Type: ipv6, Location: 美国-加利福尼亚州-圣克拉拉, ISP: DigitalOcean, Date: None, Delay: 45 ms, Speed: 9.30 M/s, Resolution: 1920x1080
Name: 陕西卫视, URL: https://www.freetv.top/migu/738910838.m3u8?migutoken=1def8fc5a795051b6066c0acee3c9f7979e83db98566f531e84c3215698393c2ddfa1bd9dc18c26d1b9a3dcdbe9db0e27584cd02a931aea3a44523d5fb6a41c3607487fda0cb774e7ed5ada35f, From: subscribe, IPv_Type: ipv6, Location: 美国-加利福尼亚州-圣克拉拉, ISP: DigitalOcean, Date: None, Delay: 50 ms, Speed: 10.01 M/s, Resolution: 1920x1080
Name: 陕西卫视, URL: https://migu.188766.xyz/?migutoken=88a1d221c23ae046a287ac751d3cd439&id=%E9%99%95%E8%A5%BF%E5%8D%AB%E8%A7%86&type=yy, From: subscribe, IPv_Type: ipv6, Location: 美国, ISP: CloudFlare Inc., Date: None, Delay: -1 ms, Speed: 0.00 M/s, Resolution: None
Name: 陕西卫视, URL: http://gslbmgsplive.miguvideo.com/migu/kailu/shan3xiws/50/20220809/index.m3u8?msisdn=20251209080323e3d4110943764c0c8ce7cf25527e2793&mdspid=&spid=600633&netType=0&sid=5910020475&pid=2028597139&timestamp=20251209080323&Channel_ID=0116_2600037000-99000-200300220100002&ProgramID=738910838&ParentNodeID=-99&assertID=5910020475&client_ip=218.28.233.106&SecurityKey=20251209080323&promotionId=&mvid=5900004331&mcid=500020&playurlVersion=WX-A1-8.11.2-RELEASE&userid=&jmhm=&videocodec=h264&appCode=miguvideo_android&bean=mgspad&tid=android&conFee=0&puData=e2d69177c92e754ce05656e22ec4b01c&ddCalcu=ce12v0dab6k49ac1e7272ce9625e675504ec&sv=10004&ct=android, From: subscribe, IPv_Type: ipv6, Location: 中国, ISP: 中国移动, Date: None, Delay: -1 ms, Speed: 0.00 M/s, Resolution: None
Name: 陕西卫视, URL: https://migu.188766.xyz/?migutoken=3b9fbbfccf37cf66864f665b416f0658&id=%E9%99%95%E8%A5%BF%E5%8D%AB%E8%A7%86&type=yy, From: subscribe, IPv_Type: ipv6, Location: 美国, ISP: CloudFlare Inc., Date: None, Delay: -1 ms, Speed: 0.00 M/s, Resolution: None
Name: 陕西卫视, URL: https://migu.188766.xyz/?migutoken=98c90e52f3769b7538f662395e4f0807&id=%E9%99%95%E8%A5%BF%E5%8D%AB%E8%A7%86&type=yy, From: subscribe, IPv_Type: ipv6, Location: 美国, ISP: CloudFlare Inc., Date: None, Delay: -1 ms, Speed: 0.00 M/s, Resolution: None
Name: 陕西卫视, URL: https://migu.188766.xyz/?migutoken=2c1001eb9cf6f71bdc65b2f58521b81c&id=%E9%99%95%E8%A5%BF%E5%8D%AB%E8%A7%86&type=yy, From: subscribe, IPv_Type: ipv6, Location: 美国, ISP: CloudFlare Inc., Date: None, Delay: -1 ms, Speed: 0.00 M/s, Resolution: None
Name: 陕西卫视, URL: https://migu.188766.xyz/?migutoken=704b156ee7b960ce0fe65317e2f2c572&id=%E9%99%95%E8%A5%BF%E5%8D%AB%E8%A7%86&type=yy, From: subscribe, IPv_Type: ipv6, Location: 美国, ISP: CloudFlare Inc., Date: None, Delay: -1 ms, Speed: 0.00 M/s, Resolution: None
Name: 陕西卫视, URL: https://migu.188766.xyz/?migutoken=fcc9c9dbed71726e0d77028f19f50ef6&id=%E9%99%95%E8%A5%BF%E5%8D%AB%E8%A7%86&type=yy, From: subscribe, IPv_Type: ipv6, Location: 美国, ISP: CloudFlare Inc., Date: None, Delay: -1 ms, Speed: 0.00 M/s, Resolution: None
Name: 陕西卫视, URL: https://migu.188766.xyz/?migutoken=74d2dd5cabc7d87b84cc68507484529a&id=%E9%99%95%E8%A5%BF%E5%8D%AB%E8%A7%86&type=yy, From: subscribe, IPv_Type: ipv6, Location: 美国, ISP: CloudFlare Inc., Date: None, Delay: -1 ms, Speed: 0.00 M/s, Resolution: None
Name: 陕西卫视, URL: https://migu.188766.xyz/?migutoken=f6d712bb97c0c9a85efb8dfd0a93b2df&id=%E9%99%95%E8%A5%BF%E5%8D%AB%E8%A7%86&type=yy, From: subscribe, IPv_Type: ipv6, Location: 美国, ISP: CloudFlare Inc., Date: None, Delay: -1 ms, Speed: 0.00 M/s, Resolution: None
Name: 陕西卫视, URL: https://migu.188766.xyz/?migutoken=135e0506efdcd1b7b8e45c24b600e412&id=%E9%99%95%E8%A5%BF%E5%8D%AB%E8%A7%86&type=yy, From: subscribe, IPv_Type: ipv6, Location: 美国, ISP: CloudFlare Inc., Date: None, Delay: -1 ms, Speed: 0.00 M/s, Resolution: None
Name: 陕西卫视, URL: https://migu.188766.xyz/?migutoken=ae83856aa1ef8a6f2237fdfa11ba6005&id=%E9%99%95%E8%A5%BF%E5%8D%AB%E8%A7%86&type=yy, From: subscribe, IPv_Type: ipv6, Location: 美国, ISP: CloudFlare Inc., Date: None, Delay: -1 ms, Speed: 0.00 M/s, Resolution: None
Name: 陕西卫视, URL: https://migu.188766.xyz/?migutoken=73c5b0d0464f711b295fa448b9464e94&id=%E9%99%95%E8%A5%BF%E5%8D%AB%E8%A7%86&type=yy, From: subscribe, IPv_Type: ipv6, Location: 美国, ISP: CloudFlare Inc., Date: None, Delay: -1 ms, Speed: 0.00 M/s, Resolution: None
Name: 陕西卫视, URL: https://migu.188766.xyz/?migutoken=741295f6092615c237738035a96b3ad6&id=%E9%99%95%E8%A5%BF%E5%8D%AB%E8%A7%86&type=yy, From: subscribe, IPv_Type: ipv6, Location: 美国, ISP: CloudFlare Inc., Date: None, Delay: -1 ms, Speed: 0.00 M/s, Resolution: None
Name: 陕西卫视, URL: https://migu.188766.xyz/?migutoken=d2db024b27b1d0a3c583e0cc76572d6c&id=%E9%99%95%E8%A5%BF%E5%8D%AB%E8%A7%86&type=yy, From: subscribe, IPv_Type: ipv6, Location: 美国, ISP: CloudFlare Inc., Date: None, Delay: -1 ms, Speed: 0.00 M/s, Resolution: None
Name: 陕西卫视, URL: https://migu.188766.xyz/?migutoken=c547f0e5aa3c2381c046138159cd0cda&id=%E9%99%95%E8%A5%BF%E5%8D%AB%E8%A7%86&type=yy, From: subscribe, IPv_Type: ipv6, Location: 美国, ISP: CloudFlare Inc., Date: None, Delay: -1 ms, Speed: 0.00 M/s, Resolution: None
Name: 陕西卫视, URL: https://iptv.catvod.com/live.php?id=%E9%99%95%E8%A5%BF%E5%8D%AB%E8%A7%86, From: subscribe, IPv_Type: ipv6, Location: 美国, ISP: CloudFlare Inc., Date: None, Delay: -1 ms, Speed: 0.00 M/s, Resolution: None
Name: 陕西卫视, URL: https://migu.188766.xyz/?migutoken=4602cf38c29715928eda942608940577&id=%E9%99%95%E8%A5%BF%E5%8D%AB%E8%A7%86&type=yy, From: subscribe, IPv_Type: ipv6, Location: 美国, ISP: CloudFlare Inc., Date: None, Delay: -1 ms, Speed: 0.00 M/s, Resolution: None
Name: 陕西卫视, URL: https://migu.188766.xyz/?migutoken=40fe5f570a52a8db86883518a8065757&id=%E9%99%95%E8%A5%BF%E5%8D%AB%E8%A7%86&type=yy, From: subscribe, IPv_Type: ipv6, Location: 美国, ISP: CloudFlare Inc., Date: None, Delay: -1 ms, Speed: 0.00 M/s, Resolution: None
Name: 陕西卫视, URL: https://migu.188766.xyz/?migutoken=e4d9c7e0bee6c13ead948142f9f0ae78&id=%E9%99%95%E8%A5%BF%E5%8D%AB%E8%A7%86&type=yy, From: subscribe, IPv_Type: ipv6, Location: 美国, ISP: CloudFlare Inc., Date: None, Delay: -1 ms, Speed: 0.00 M/s, Resolution: None
Name: 陕西卫视, URL: http://hwottcdn.ln.chinamobile.com/PLTV/11/224/3221226892/index.m3u8, From: subscribe, IPv_Type: ipv6, Location: 中国, ISP: 中国移动, Date: None, Delay: -1 ms, Speed: 0.00 M/s, Resolution: None
Name: 陕西卫视, URL: http://hwltc.tv.cdn.zj.chinamobile.com/PLTV/88888888/224/3221236370/index.m3u8, From: subscribe, IPv_Type: ipv6, Location: 中国, ISP: 中国移动, Date: None, Delay: -1 ms, Speed: 0.00 M/s, Resolution: None
Name: 陕西卫视, URL: http://tvgslb.hn.chinamobile.com:8089/180000001002/00000000000000020000000000182270/main.m3u8?stbid=, From: subscribe, IPv_Type: ipv6, Location: 中国, ISP: 中国移动, Date: None, Delay: -1 ms, Speed: 0.00 M/s, Resolution: None
Name: 陕西卫视, URL: http://tvgslb.hn.chinamobile.com:8089/180000001002/00000001000000000090000000215607/main.m3u8?stbid=, From: subscribe, IPv_Type: ipv6, Location: 中国, ISP: 中国移动, Date: None, Delay: -1 ms, Speed: 0.00 M/s, Resolution: None
Name: 陕西卫视, URL: http://k.061899.xyz/k.php?id=sxws, From: subscribe, IPv_Type: ipv6, Location: 新加坡, ISP: Aceville Pte.Ltd., Date: None, Delay: -1 ms, Speed: 0.00 M/s, Resolution: None
Name: 陕西卫视, URL: http://iptvrr.sh.chinamobile.com:6060/cms001/ch00000090990000001067/index.m3u8, From: subscribe, IPv_Type: ipv6, Location: 中国, ISP: 中国移动, Date: None, Delay: -1 ms, Speed: 0.00 M/s, Resolution: None
Name: 陕西卫视, URL: http://ott.mobaibox.com/PLTV/3/224/3221227583/index.m3u8, From: subscribe, IPv_Type: ipv6, Location: 中国, ISP: 中国移动, Date: None, Delay: -1 ms, Speed: 0.00 M/s, Resolution: None
Name: 陕西卫视, URL: https://migu.188766.xyz/?migutoken=e8321300dcadac6f1cc1d6da1bf3d1d7&id=%E9%99%95%E8%A5%BF%E5%8D%AB%E8%A7%86&type=yy, From: subscribe, IPv_Type: ipv6, Location: 美国, ISP: CloudFlare Inc., Date: None, Delay: -1 ms, Speed: 0.00 M/s, Resolution: None
Name: 陕西卫视, URL: https://migu.188766.xyz/?migutoken=e60bca6d6eeea4f78e7bef399eff2088&id=%E9%99%95%E8%A5%BF%E5%8D%AB%E8%A7%86&type=yy, From: subscribe, IPv_Type: ipv6, Location: 美国, ISP: CloudFlare Inc., Date: None, Delay: -1 ms, Speed: 0.00 M/s, Resolution: None
Name: 陕西卫视, URL: https://migu.188766.xyz/?migutoken=c46d49279b74b54cd756dc1f7ee94d39&id=%E9%99%95%E8%A5%BF%E5%8D%AB%E8%A7%86&type=yy, From: subscribe, IPv_Type: ipv6, Location: 美国, ISP: CloudFlare Inc., Date: None, Delay: -1 ms, Speed: 0.00 M/s, Resolution: None
Name: 陕西卫视, URL: https://migu.188766.xyz/?migutoken=535753902d86a35d2b7435d408da79f5&id=%E9%99%95%E8%A5%BF%E5%8D%AB%E8%A7%86&type=yy, From: subscribe, IPv_Type: ipv6, Location: 美国, ISP: CloudFlare Inc., Date: None, Delay: -1 ms, Speed: 0.00 M/s, Resolution: None
Name: 陕西卫视, URL: https://migu.188766.xyz/?migutoken=824bff24430298039bd03cfdf3b36aeb&id=%E9%99%95%E8%A5%BF%E5%8D%AB%E8%A7%86&type=yy, From: subscribe, IPv_Type: ipv6, Location: 美国, ISP: CloudFlare Inc., Date: None, Delay: -1 ms, Speed: 0.00 M/s, Resolution: None
Name: 陕西卫视, URL: https://migu.188766.xyz/?migutoken=e574660a9a85fd77ae197b6b4dfffcef&id=%E9%99%95%E8%A5%BF%E5%8D%AB%E8%A7%86&type=yy, From: subscribe, IPv_Type: ipv6, Location: 美国, ISP: CloudFlare Inc., Date: None, Delay: -1 ms, Speed: 0.00 M/s, Resolution: None
Name: 陕西卫视, URL: https://migu.188766.xyz/?migutoken=ff132a3e3711f6a5e66e171e69a6fa00&id=%E9%99%95%E8%A5%BF%E5%8D%AB%E8%A7%86&type=yy, From: subscribe, IPv_Type: ipv6, Location: 美国, ISP: CloudFlare Inc., Date: None, Delay: -1 ms, Speed: 0.00 M/s, Resolution: None
Name: 陕西卫视, URL: https://migu.188766.xyz/?migutoken=98546fc5626caa1293849859dda0c37e&id=%E9%99%95%E8%A5%BF%E5%8D%AB%E8%A7%86&type=yy, From: subscribe, IPv_Type: ipv6, Location: 美国, ISP: CloudFlare Inc., Date: None, Delay: -1 ms, Speed: 0.00 M/s, Resolution: None
Name: 陕西卫视, URL: https://migu.188766.xyz/?migutoken=ab71b12cf81a6b29e9db87930541b2de&id=%E9%99%95%E8%A5%BF%E5%8D%AB%E8%A7%86&type=yy, From: subscribe, IPv_Type: ipv6, Location: 美国, ISP: CloudFlare Inc., Date: None, Delay: -1 ms, Speed: 0.00 M/s, Resolution: None
Name: 陕西卫视, URL: https://migu.188766.xyz/?migutoken=3c408291be8dc77722c41891c60260e5&id=%E9%99%95%E8%A5%BF%E5%8D%AB%E8%A7%86&type=yy, From: subscribe, IPv_Type: ipv6, Location: 美国, ISP: CloudFlare Inc., Date: None, Delay: -1 ms, Speed: 0.00 M/s, Resolution: None
Name: 陕西卫视, URL: https://migu.188766.xyz/?migutoken=e8046486035258787c539727023d375f&id=%E9%99%95%E8%A5%BF%E5%8D%AB%E8%A7%86&type=yy, From: subscribe, IPv_Type: ipv6, Location: 美国, ISP: CloudFlare Inc., Date: None, Delay: -1 ms, Speed: 0.00 M/s, Resolution: None
Name: 陕西卫视, URL: https://migu.188766.xyz/?migutoken=197068ea0db0cc974f63b6056310d027&id=%E9%99%95%E8%A5%BF%E5%8D%AB%E8%A7%86&type=yy, From: subscribe, IPv_Type: ipv6, Location: 美国, ISP: CloudFlare Inc., Date: None, Delay: -1 ms, Speed: 0.00 M/s, Resolution: None
Name: 陕西卫视, URL: http://23.237.228.134/live6/sichuan.m3u8, From: subscribe, IPv_Type: ipv4, Location: 北美地区, ISP: , Date: None, Delay: 177 ms, Speed: 20.69 M/s, Resolution: 1920x1080
Name: 陕西卫视, URL: http://38.75.136.137:98/gslb/dsdqpub/snwshd.m3u8?auth=testpub, From: subscribe, IPv_Type: ipv4, Location: 美国-伊利诺伊州-库克, ISP: Cogent, Date: None, Delay: 517 ms, Speed: 10.09 M/s, Resolution: 1920x1080
Name: 四川卫视, URL: http://tvgslb.hn.chinamobile.com:8089/180000001002/00000001000000000064000000308823/main.m3u8?stbid=, From: subscribe, IPv_Type: ipv6, Location: 中国, ISP: 中国移动, Date: None, Delay: -1 ms, Speed: 0.00 M/s, Resolution: None
Name: 四川卫视, URL: http://hwottcdn.ln.chinamobile.com/PLTV/11/224/3221226139/index.m3u8, From: subscribe, IPv_Type: ipv6, Location: 中国, ISP: 中国移动, Date: None, Delay: -1 ms, Speed: 0.00 M/s, Resolution: None
Name: 四川卫视, URL: http://hwottcdn.ln.chinamobile.com/PLTV/11/224/3221227245/index.m3u8, From: subscribe, IPv_Type: ipv6, Location: 中国, ISP: 中国移动, Date: None, Delay: -1 ms, Speed: 0.00 M/s, Resolution: None
Name: 四川卫视, URL: http://hwottcdn.ln.chinamobile.com/PLTV/11/224/3221226728/index.m3u8, From: subscribe, IPv_Type: ipv6, Location: 中国, ISP: 中国移动, Date: None, Delay: -1 ms, Speed: 0.00 M/s, Resolution: None
Name: 四川卫视, URL: http://iptvrr.sh.chinamobile.com:6060/cms001/ch00000090990000001130/index.m3u8, From: subscribe, IPv_Type: ipv6, Location: 中国, ISP: 中国移动, Date: None, Delay: -1 ms, Speed: 0.00 M/s, Resolution: None
Name: 四川卫视, URL: http://hwltc.tv.cdn.zj.chinamobile.com/PLTV/88888888/224/3221236255/index.m3u8, From: subscribe, IPv_Type: ipv6, Location: 中国, ISP: 中国移动, Date: None, Delay: -1 ms, Speed: 0.00 M/s, Resolution: None
Name: 四川卫视, URL: http://ott.mobaibox.com/PLTV/3/224/3221228171/index.m3u8, From: subscribe, IPv_Type: ipv6, Location: 中国, ISP: 中国移动, Date: None, Delay: -1 ms, Speed: 0.00 M/s, Resolution: None
Name: 四川卫视, URL: http://tvgslb.hn.chinamobile.com:8089/180000001002/00000000000000020000000000182257/main.m3u8?stbid=, From: subscribe, IPv_Type: ipv6, Location: 中国, ISP: 中国移动, Date: None, Delay: -1 ms, Speed: 0.00 M/s, Resolution: None
Name: 四川卫视, URL: http://k.061899.xyz/k.php?id=scws, From: subscribe, IPv_Type: ipv6, Location: 新加坡, ISP: Aceville Pte.Ltd., Date: None, Delay: -1 ms, Speed: 0.00 M/s, Resolution: None
Name: 四川卫视, URL: http://rrs01.hw.gmcc.net:8088/PLTV/81/224/3221226697/1.m3u8, From: subscribe, IPv_Type: ipv6, Location: 中国, ISP: 中国移动, Date: None, Delay: -1 ms, Speed: 0.00 M/s, Resolution: None
Name: 四川卫视, URL: http://hwottcdn.ln.chinamobile.com/PLTV/11/224/3221226810/index.m3u8, From: subscribe, IPv_Type: ipv6, Location: 中国, ISP: 中国移动, Date: None, Delay: -1 ms, Speed: 0.00 M/s, Resolution: None
Name: 四川卫视, URL: https://t.freetv.fun/live/si-chuan-wei-shi-4.php, From: subscribe, IPv_Type: ipv6, Location: 美国, ISP: CloudFlare Inc., Date: None, Delay: -1 ms, Speed: 0.00 M/s, Resolution: None
Name: 四川卫视, URL: https://t.freetv.fun/live/si-chuan-wei-shi-10.php, From: subscribe, IPv_Type: ipv6, Location: 美国, ISP: CloudFlare Inc., Date: None, Delay: -1 ms, Speed: 0.00 M/s, Resolution: None
Name: 四川卫视, URL: https://t.freetv.fun/live/si-chuan-wei-shi-5.m3u8, From: subscribe, IPv_Type: ipv6, Location: 美国, ISP: CloudFlare Inc., Date: None, Delay: -1 ms, Speed: 0.00 M/s, Resolution: None
Name: 四川卫视, URL: https://iptv.catvod.com/live.php?id=%E5%9B%9B%E5%B7%9D%E5%8D%AB%E8%A7%86, From: subscribe, IPv_Type: ipv4, Location: 美国-加利福尼亚州-洛杉矶, ISP: IT7网络, Date: None, Delay: 27 ms, Speed: 40.72 M/s, Resolution: 1920x1080
Name: 四川卫视, URL: http://38.75.136.137:98/gslb/dsdqpub/scwshd.m3u8?auth=testpub, From: subscribe, IPv_Type: ipv4, Location: 美国-伊利诺伊州-库克, ISP: Cogent, Date: None, Delay: 518 ms, Speed: 4.57 M/s, Resolution: 1920x1080
Name: 深圳卫视, URL: http://hwottcdn.ln.chinamobile.com/PLTV/11/224/3221227239/index.m3u8, From: subscribe, IPv_Type: ipv6, Location: 中国, ISP: 中国移动, Date: None, Delay: -1 ms, Speed: 0.00 M/s, Resolution: None
Name: 深圳卫视, URL: http://hwottcdn.ln.chinamobile.com/PLTV/11/224/3221226725/index.m3u8, From: subscribe, IPv_Type: ipv6, Location: 中国, ISP: 中国移动, Date: None, Delay: -1 ms, Speed: 0.00 M/s, Resolution: None
Name: 深圳卫视, URL: http://hwltc.tv.cdn.zj.chinamobile.com/PLTV/88888888/224/3221236251/index.m3u8, From: subscribe, IPv_Type: ipv6, Location: 中国, ISP: 中国移动, Date: None, Delay: -1 ms, Speed: 0.00 M/s, Resolution: None
Name: 深圳卫视, URL: http://k.061899.xyz/k.php?id=szws, From: subscribe, IPv_Type: ipv6, Location: 新加坡, ISP: Aceville Pte.Ltd., Date: None, Delay: -1 ms, Speed: 0.00 M/s, Resolution: None
Name: 深圳卫视, URL: http://hwottcdn.ln.chinamobile.com/PLTV/11/224/3221226807/index.m3u8, From: subscribe, IPv_Type: ipv6, Location: 中国, ISP: 中国移动, Date: None, Delay: -1 ms, Speed: 0.00 M/s, Resolution: None
Name: 深圳卫视, URL: http://hwottcdn.ln.chinamobile.com/PLTV/11/224/3221226136/index.m3u8, From: subscribe, IPv_Type: ipv6, Location: 中国, ISP: 中国移动, Date: None, Delay: -1 ms, Speed: 0.00 M/s, Resolution: None
Name: 深圳卫视, URL: http://tvgslb.hn.chinamobile.com:8089/180000001002/00000000000000020000000000182565/main.m3u8?stbid=, From: subscribe, IPv_Type: ipv6, Location: 中国, ISP: 中国移动, Date: None, Delay: -1 ms, Speed: 0.00 M/s, Resolution: None
Name: 深圳卫视, URL: http://hwottcdn.ln.chinamobile.com/PLTV/11/224/3221226152/index.m3u8, From: subscribe, IPv_Type: ipv6, Location: 中国, ISP: 中国移动, Date: None, Delay: -1 ms, Speed: 0.00 M/s, Resolution: None
Name: 深圳卫视, URL: http://iptvrr.sh.chinamobile.com:6060/cms001/ch00000090990000001030/index.m3u8, From: subscribe, IPv_Type: ipv6, Location: 中国, ISP: 中国移动, Date: None, Delay: -1 ms, Speed: 0.00 M/s, Resolution: None
Name: 深圳卫视, URL: http://ott.mobaibox.com/PLTV/3/224/3221227555/index.m3u8, From: subscribe, IPv_Type: ipv6, Location: 中国, ISP: 中国移动, Date: None, Delay: -1 ms, Speed: 0.00 M/s, Resolution: None
Name: 深圳卫视, URL: http://tvgslb.hn.chinamobile.com:8089/180000001002/00000001000000000008000000047446/main.m3u8?stbid=, From: subscribe, IPv_Type: ipv6, Location: 中国, ISP: 中国移动, Date: None, Delay: -1 ms, Speed: 0.00 M/s, Resolution: None
Name: 深圳卫视, URL: https://t.freetv.fun/live/shen-zhen-wei-shi-3.m3u8, From: subscribe, IPv_Type: ipv6, Location: 美国, ISP: CloudFlare Inc., Date: None, Delay: -1 ms, Speed: 0.00 M/s, Resolution: None
Name: 深圳卫视, URL: https://t.freetv.fun/live/shen-zhen-wei-shi-7.m3u8, From: subscribe, IPv_Type: ipv6, Location: 美国, ISP: CloudFlare Inc., Date: None, Delay: -1 ms, Speed: 0.00 M/s, Resolution: None
Name: 深圳卫视, URL: https://iptv.catvod.com/live.php?id=%E6%B7%B1%E5%9C%B3%E5%8D%AB%E8%A7%86, From: subscribe, IPv_Type: ipv4, Location: 美国-加利福尼亚州-洛杉矶, ISP: IT7网络, Date: None, Delay: 30 ms, Speed: 34.38 M/s, Resolution: 1920x1080
Name: 深圳卫视, URL: http://23.237.228.134/live6/shenzhen.m3u8, From: subscribe, IPv_Type: ipv4, Location: 北美地区, ISP: , Date: None, Delay: 104 ms, Speed: 22.65 M/s, Resolution: 1920x1080
Name: 深圳卫视, URL: http://38.75.136.137:98/gslb/dsdqpub/szwshd.m3u8?auth=testpub, From: subscribe, IPv_Type: ipv4, Location: 美国-伊利诺伊州-库克, ISP: Cogent, Date: None, Delay: 603 ms, Speed: 6.58 M/s, Resolution: 1920x1080
Name: 三沙卫视, URL: https://migu.188766.xyz/?migutoken=5357407ddc58d2f0d677da3abe247600&id=hn_ssws&type=sz, From: subscribe, IPv_Type: ipv6, Location: 美国, ISP: CloudFlare Inc., Date: None, Delay: -1 ms, Speed: 0.00 M/s, Resolution: None
Name: 三沙卫视, URL: https://migu.188766.xyz/?migutoken=c2c7f2d8edd6cbdb583957ff16c0c868&id=hn_ssws&type=sz, From: subscribe, IPv_Type: ipv6, Location: 美国, ISP: CloudFlare Inc., Date: None, Delay: -1 ms, Speed: 0.00 M/s, Resolution: None
Name: 三沙卫视, URL: https://migu.188766.xyz/?migutoken=463ab055f7fcb485833a98471fe24acb&id=hn_ssws&type=sz, From: subscribe, IPv_Type: ipv6, Location: 美国, ISP: CloudFlare Inc., Date: None, Delay: -1 ms, Speed: 0.00 M/s, Resolution: None
Name: 三沙卫视, URL: https://migu.188766.xyz/?migutoken=e978ad3bef861df267f77dd63a715c2d&id=hn_ssws&type=sz, From: subscribe, IPv_Type: ipv6, Location: 美国, ISP: CloudFlare Inc., Date: None, Delay: -1 ms, Speed: 0.00 M/s, Resolution: None
Name: 三沙卫视, URL: https://migu.188766.xyz/?migutoken=c2b1268d710b144a997676175ebf4ef6&id=hn_ssws&type=sz, From: subscribe, IPv_Type: ipv6, Location: 美国, ISP: CloudFlare Inc., Date: None, Delay: -1 ms, Speed: 0.00 M/s, Resolution: None
Name: 三沙卫视, URL: https://migu.188766.xyz/?migutoken=7c98c796a2b50fad0f6a9ba31632cc1f&id=hn_ssws&type=sz, From: subscribe, IPv_Type: ipv6, Location: 美国, ISP: CloudFlare Inc., Date: None, Delay: -1 ms, Speed: 0.00 M/s, Resolution: None
Name: 三沙卫视, URL: https://migu.188766.xyz/?migutoken=4dfbff0dc63bdc4c6fd744f1c0bc1425&id=hn_ssws&type=sz, From: subscribe, IPv_Type: ipv6, Location: 美国, ISP: CloudFlare Inc., Date: None, Delay: -1 ms, Speed: 0.00 M/s, Resolution: None
Name: 三沙卫视, URL: https://migu.188766.xyz/?migutoken=0fc99c2b6e1e9b9a82d20177d54315a6&id=hn_ssws&type=sz, From: subscribe, IPv_Type: ipv6, Location: 美国, ISP: CloudFlare Inc., Date: None, Delay: -1 ms, Speed: 0.00 M/s, Resolution: None
Name: 三沙卫视, URL: https://migu.188766.xyz/?migutoken=654aa516832b6f54a96de0c8d811dc15&id=hn_ssws&type=sz, From: subscribe, IPv_Type: ipv6, Location: 美国, ISP: CloudFlare Inc., Date: None, Delay: -1 ms, Speed: 0.00 M/s, Resolution: None
Name: 三沙卫视, URL: https://migu.188766.xyz/?migutoken=2dd8e2aa8267a4238b8f74bbf4b8a356&id=hn_ssws&type=sz, From: subscribe, IPv_Type: ipv6, Location: 美国, ISP: CloudFlare Inc., Date: None, Delay: -1 ms, Speed: 0.00 M/s, Resolution: None
Name: 三沙卫视, URL: https://migu.188766.xyz/?migutoken=edce383f00242998509e9ea332a80ee6&id=hn_ssws&type=sz, From: subscribe, IPv_Type: ipv6, Location: 美国, ISP: CloudFlare Inc., Date: None, Delay: -1 ms, Speed: 0.00 M/s, Resolution: None
Name: 三沙卫视, URL: https://migu.188766.xyz/?migutoken=e6ec8a9b2d79a2c5cefcb24ae4586b8a&id=hn_ssws&type=sz, From: subscribe, IPv_Type: ipv6, Location: 美国, ISP: CloudFlare Inc., Date: None, Delay: -1 ms, Speed: 0.00 M/s, Resolution: None
Name: 三沙卫视, URL: https://migu.188766.xyz/?migutoken=6b503bf037a95c5009875bafebed0c53&id=hn_ssws&type=sz, From: subscribe, IPv_Type: ipv6, Location: 美国, ISP: CloudFlare Inc., Date: None, Delay: -1 ms, Speed: 0.00 M/s, Resolution: None
Name: 三沙卫视, URL: https://migu.188766.xyz/?migutoken=6e6070c04f4aa82d3396b498aedbb607&id=hn_ssws&type=sz, From: subscribe, IPv_Type: ipv6, Location: 美国, ISP: CloudFlare Inc., Date: None, Delay: -1 ms, Speed: 0.00 M/s, Resolution: None
Name: 三沙卫视, URL: https://migu.188766.xyz/?migutoken=66a343223ec7dd8d194a766fbf5e7bfa&id=hn_ssws&type=sz, From: subscribe, IPv_Type: ipv6, Location: 美国, ISP: CloudFlare Inc., Date: None, Delay: -1 ms, Speed: 0.00 M/s, Resolution: None
Name: 三沙卫视, URL: https://migu.188766.xyz/?migutoken=b5020d9ba3207615cae8e420e84d361e&id=hn_ssws&type=sz, From: subscribe, IPv_Type: ipv6, Location: 美国, ISP: CloudFlare Inc., Date: None, Delay: -1 ms, Speed: 0.00 M/s, Resolution: None
Name: 三沙卫视, URL: https://migu.188766.xyz/?migutoken=585f963ecccb283f359942608a820b7e&id=hn_ssws&type=sz, From: subscribe, IPv_Type: ipv6, Location: 美国, ISP: CloudFlare Inc., Date: None, Delay: -1 ms, Speed: 0.00 M/s, Resolution: None
Name: 三沙卫视, URL: http://tvgslb.hn.chinamobile.com:8089/180000001002/00000001000000000031000000068476/main.m3u8?stbid=, From: subscribe, IPv_Type: ipv6, Location: 中国, ISP: 中国移动, Date: None, Delay: -1 ms, Speed: 0.00 M/s, Resolution: None
Name: 三沙卫视, URL: http://iptvrr.sh.chinamobile.com:6060/cms001/ch00000090990000001185/index.m3u8, From: subscribe, IPv_Type: ipv6, Location: 中国, ISP: 中国移动, Date: None, Delay: -1 ms, Speed: 0.00 M/s, Resolution: None
Name: 三沙卫视, URL: https://stream.iptv-search.com/main.php?id=%E4%B8%89%E6%B2%99%E5%8D%AB%E8%A7%86&t=1755401429&token=7ddfc6d40f1c98da27c8b5e7c59836a3, From: subscribe, IPv_Type: ipv6, Location: 美国, ISP: CloudFlare Inc., Date: None, Delay: -1 ms, Speed: 0.00 M/s, Resolution: None
Name: 三沙卫视, URL: http://ott.mobaibox.com/PLTV/3/224/3221228626/index.m3u8, From: subscribe, IPv_Type: ipv6, Location: 中国, ISP: 中国移动, Date: None, Delay: -1 ms, Speed: 0.00 M/s, Resolution: None
Name: 三沙卫视, URL: https://migu.188766.xyz/?migutoken=bd6e0999a6e32b41f2b7d838baaaa2cf&id=hn_ssws&type=sz, From: subscribe, IPv_Type: ipv6, Location: 美国, ISP: CloudFlare Inc., Date: None, Delay: -1 ms, Speed: 0.00 M/s, Resolution: None
Name: 三沙卫视, URL: https://migu.188766.xyz/?migutoken=23669a6e83ec491c21bab215f4b41c22&id=hn_ssws&type=sz, From: subscribe, IPv_Type: ipv6, Location: 美国, ISP: CloudFlare Inc., Date: None, Delay: -1 ms, Speed: 0.00 M/s, Resolution: None
Name: 三沙卫视, URL: https://migu.188766.xyz/?migutoken=d8ddd0576c0bc222f8837fcea4b80769&id=hn_ssws&type=sz, From: subscribe, IPv_Type: ipv6, Location: 美国, ISP: CloudFlare Inc., Date: None, Delay: -1 ms, Speed: 0.00 M/s, Resolution: None
Name: 三沙卫视, URL: https://migu.188766.xyz/?migutoken=9f8e7826e5291edbf8e966a59c38e010&id=hn_ssws&type=sz, From: subscribe, IPv_Type: ipv6, Location: 美国, ISP: CloudFlare Inc., Date: None, Delay: -1 ms, Speed: 0.00 M/s, Resolution: None
Name: 三沙卫视, URL: https://migu.188766.xyz/?migutoken=cf6e7d6491238c29f6ea5395ef164794&id=hn_ssws&type=sz, From: subscribe, IPv_Type: ipv6, Location: 美国, ISP: CloudFlare Inc., Date: None, Delay: -1 ms, Speed: 0.00 M/s, Resolution: None
Name: 三沙卫视, URL: https://migu.188766.xyz/?migutoken=053b95cc9854161ab2d3ec4a19a64762&id=hn_ssws&type=sz, From: subscribe, IPv_Type: ipv6, Location: 美国, ISP: CloudFlare Inc., Date: None, Delay: -1 ms, Speed: 0.00 M/s, Resolution: None
Name: 三沙卫视, URL: https://migu.188766.xyz/?migutoken=7b99217ca65766ba49605ed3dd7561cb&id=hn_ssws&type=sz, From: subscribe, IPv_Type: ipv6, Location: 美国, ISP: CloudFlare Inc., Date: None, Delay: -1 ms, Speed: 0.00 M/s, Resolution: None
Name: 三沙卫视, URL: https://migu.188766.xyz/?migutoken=83983311aaee13c2f0bf7cf73ea4680c&id=hn_ssws&type=sz, From: subscribe, IPv_Type: ipv6, Location: 美国, ISP: CloudFlare Inc., Date: None, Delay: -1 ms, Speed: 0.00 M/s, Resolution: None
Name: 三沙卫视, URL: https://migu.188766.xyz/?migutoken=2959c1b8c956552068c4df809ecdd241&id=hn_ssws&type=sz, From: subscribe, IPv_Type: ipv6, Location: 美国, ISP: CloudFlare Inc., Date: None, Delay: -1 ms, Speed: 0.00 M/s, Resolution: None
Name: 三沙卫视, URL: https://migu.188766.xyz/?migutoken=beb9aeaa31d41c3a8bff5e8f6e13a515&id=hn_ssws&type=sz, From: subscribe, IPv_Type: ipv6, Location: 美国, ISP: CloudFlare Inc., Date: None, Delay: -1 ms, Speed: 0.00 M/s, Resolution: None
Name: 三沙卫视, URL: https://migu.188766.xyz/?migutoken=7da7a3d5636d5f36547361ac11f23321&id=hn_ssws&type=sz, From: subscribe, IPv_Type: ipv6, Location: 美国, ISP: CloudFlare Inc., Date: None, Delay: -1 ms, Speed: 0.00 M/s, Resolution: None
Name: 三沙卫视, URL: https://migu.188766.xyz/?migutoken=816f53df693e62f4ea788c4b5a76bc44&id=hn_ssws&type=sz, From: subscribe, IPv_Type: ipv6, Location: 美国, ISP: CloudFlare Inc., Date: None, Delay: -1 ms, Speed: 0.00 M/s, Resolution: None
Name: 三沙卫视, URL: https://migu.188766.xyz/?migutoken=b39bc8200d825909e20d40c28391a313&id=hn_ssws&type=sz, From: subscribe, IPv_Type: ipv6, Location: 美国, ISP: CloudFlare Inc., Date: None, Delay: -1 ms, Speed: 0.00 M/s, Resolution: None
Name: 三沙卫视, URL: https://migu.188766.xyz/?migutoken=4e9efcf7ce5e3f342d5ba14db533e4ae&id=hn_ssws&type=sz, From: subscribe, IPv_Type: ipv6, Location: 美国, ISP: CloudFlare Inc., Date: None, Delay: -1 ms, Speed: 0.00 M/s, Resolution: None
Name: 三沙卫视, URL: http://38.75.136.137:98/gslb/dsdqpub/ssws.m3u8?auth=testpub, From: subscribe, IPv_Type: ipv4, Location: 美国-伊利诺伊州-库克, ISP: Cogent, Date: None, Delay: 1778 ms, Speed: 2.92 M/s, Resolution: 1920x1080
Name: 天津卫视, URL: https://iptv.catvod.com/live.php?id=%E5%A4%A9%E6%B4%A5%E5%8D%AB%E8%A7%86, From: subscribe, IPv_Type: ipv6, Location: 美国, ISP: CloudFlare Inc., Date: None, Delay: -1 ms, Speed: 0.00 M/s, Resolution: None
Name: 天津卫视, URL: http://tvgslb.hn.chinamobile.com:8089/180000001002/00000001000000000008000000047444/main.m3u8?stbid=, From: subscribe, IPv_Type: ipv6, Location: 中国, ISP: 中国移动, Date: None, Delay: -1 ms, Speed: 0.00 M/s, Resolution: None
Name: 天津卫视, URL: http://hwottcdn.ln.chinamobile.com/PLTV/11/224/3221226890/index.m3u8, From: subscribe, IPv_Type: ipv6, Location: 中国, ISP: 中国移动, Date: None, Delay: -1 ms, Speed: 0.00 M/s, Resolution: None
Name: 天津卫视, URL: http://hwottcdn.ln.chinamobile.com/PLTV/11/224/3221226135/index.m3u8, From: subscribe, IPv_Type: ipv6, Location: 中国, ISP: 中国移动, Date: None, Delay: -1 ms, Speed: 0.00 M/s, Resolution: None
Name: 天津卫视, URL: http://k.061899.xyz/k.php?id=tjws, From: subscribe, IPv_Type: ipv6, Location: 新加坡, ISP: Aceville Pte.Ltd., Date: None, Delay: -1 ms, Speed: 0.00 M/s, Resolution: None
Name: 天津卫视, URL: http://hwltc.tv.cdn.zj.chinamobile.com/PLTV/88888888/224/3221236217/index.m3u8, From: subscribe, IPv_Type: ipv6, Location: 中国, ISP: 中国移动, Date: None, Delay: -1 ms, Speed: 0.00 M/s, Resolution: None
Name: 天津卫视, URL: http://iptvrr.sh.chinamobile.com:6060/cms001/ch00000090990000001036/index.m3u8, From: subscribe, IPv_Type: ipv6, Location: 中国, ISP: 中国移动, Date: None, Delay: -1 ms, Speed: 0.00 M/s, Resolution: None
Name: 天津卫视, URL: http://ott.mobaibox.com/PLTV/3/224/3221227488/index.m3u8, From: subscribe, IPv_Type: ipv6, Location: 中国, ISP: 中国移动, Date: None, Delay: -1 ms, Speed: 0.00 M/s, Resolution: None
Name: 天津卫视, URL: http://hwottcdn.ln.chinamobile.com/PLTV/11/224/3221226742/index.m3u8, From: subscribe, IPv_Type: ipv6, Location: 中国, ISP: 中国移动, Date: None, Delay: -1 ms, Speed: 0.00 M/s, Resolution: None
Name: 天津卫视, URL: http://tvgslb.hn.chinamobile.com:8089/180000001002/00000000000000020000000000182588/main.m3u8?stbid=, From: subscribe, IPv_Type: ipv6, Location: 中国, ISP: 中国移动, Date: None, Delay: -1 ms, Speed: 0.00 M/s, Resolution: None
Name: 天津卫视, URL: http://hwottcdn.ln.chinamobile.com/PLTV/11/224/3221227306/index.m3u8, From: subscribe, IPv_Type: ipv6, Location: 中国, ISP: 中国移动, Date: None, Delay: -1 ms, Speed: 0.00 M/s, Resolution: None
Name: 天津卫视, URL: http://23.237.228.134/live8/tianjing.m3u8, From: subscribe, IPv_Type: ipv4, Location: 北美地区, ISP: , Date: None, Delay: 186 ms, Speed: 21.26 M/s, Resolution: 1920x1080
Name: 天津卫视, URL: http://38.75.136.137:98/gslb/dsdqpub/tjwshd.m3u8?auth=testpub, From: subscribe, IPv_Type: ipv4, Location: 美国-伊利诺伊州-库克, ISP: Cogent, Date: None, Delay: 1269 ms, Speed: 2.63 M/s, Resolution: 1920x1080
Name: 西藏卫视, URL: http://php.jdshipin.com:8880/xztv.php?id=ws, From: subscribe, IPv_Type: ipv6, Location: 美国, ISP: CloudFlare Inc., Date: None, Delay: 1947 ms, Speed: 0.54 M/s, Resolution: 1920x1080
Name: 西藏卫视, URL: http://php.jdshipin.com/xztv.php?id=ws, From: subscribe, IPv_Type: ipv6, Location: 美国, ISP: CloudFlare Inc., Date: None, Delay: 1872 ms, Speed: 0.56 M/s, Resolution: 1920x1080
Name: 西藏卫视, URL: http://cc02.tv12.xyz/9.m3u8, From: subscribe, IPv_Type: ipv6, Location: 美国, ISP: CloudFlare Inc., Date: None, Delay: 1973 ms, Speed: 0.54 M/s, Resolution: 1920x1080
Name: 西藏卫视, URL: https://iptv.catvod.com/live.php?id=%E8%A5%BF%E8%97%8F%E5%8D%AB%E8%A7%86, From: subscribe, IPv_Type: ipv6, Location: 美国, ISP: CloudFlare Inc., Date: None, Delay: -1 ms, Speed: 0.00 M/s, Resolution: None
Name: 西藏卫视, URL: https://t.freetv.fun/live/xi-cang-wei-shi-1.m3u8, From: subscribe, IPv_Type: ipv6, Location: 美国, ISP: CloudFlare Inc., Date: None, Delay: -1 ms, Speed: 0.00 M/s, Resolution: None
Name: 新疆卫视, URL: http://hwltc.tv.cdn.zj.chinamobile.com/PLTV/88888888/224/3221236215/index.m3u8, From: subscribe, IPv_Type: ipv6, Location: 中国, ISP: 中国移动, Date: None, Delay: -1 ms, Speed: 0.00 M/s, Resolution: None
Name: 新疆卫视, URL: http://iptvrr.sh.chinamobile.com:6060/cms001/ch00000090990000001065/index.m3u8, From: subscribe, IPv_Type: ipv6, Location: 中国, ISP: 中国移动, Date: None, Delay: -1 ms, Speed: 0.00 M/s, Resolution: None
Name: 新疆卫视, URL: http://hwottcdn.ln.chinamobile.com/PLTV/11/224/3221226151/index.m3u8, From: subscribe, IPv_Type: ipv6, Location: 中国, ISP: 中国移动, Date: None, Delay: -1 ms, Speed: 0.00 M/s, Resolution: None
Name: 新疆卫视, URL: http://hwottcdn.ln.chinamobile.com/PLTV/11/224/3221226893/index.m3u8, From: subscribe, IPv_Type: ipv6, Location: 中国, ISP: 中国移动, Date: None, Delay: -1 ms, Speed: 0.00 M/s, Resolution: None
Name: 新疆卫视, URL: http://tvgslb.hn.chinamobile.com:8089/180000001002/00000000000000020000000000182275/main.m3u8?stbid=, From: subscribe, IPv_Type: ipv6, Location: 中国, ISP: 中国移动, Date: None, Delay: -1 ms, Speed: 0.00 M/s, Resolution: None
Name: 新疆卫视, URL: http://ott.mobaibox.com/PLTV/3/224/3221228290/index.m3u8, From: subscribe, IPv_Type: ipv6, Location: 中国, ISP: 中国移动, Date: None, Delay: -1 ms, Speed: 0.00 M/s, Resolution: None
Name: 新疆卫视, URL: http://k.061899.xyz/k.php?id=xjws, From: subscribe, IPv_Type: ipv6, Location: 新加坡, ISP: Aceville Pte.Ltd., Date: None, Delay: -1 ms, Speed: 0.00 M/s, Resolution: None
Name: 新疆卫视, URL: https://iptv.catvod.com/live.php?id=%E6%96%B0%E7%96%86%E5%8D%AB%E8%A7%86, From: subscribe, IPv_Type: ipv4, Location: 美国-加利福尼亚州-洛杉矶, ISP: IT7网络, Date: None, Delay: 35 ms, Speed: 30.95 M/s, Resolution: 1920x1080
Name: 新疆卫视, URL: http://38.75.136.137:98/gslb/dsdqpub/xjws.m3u8?auth=testpub, From: subscribe, IPv_Type: ipv4, Location: 美国-伊利诺伊州-库克, ISP: Cogent, Date: None, Delay: 975 ms, Speed: 2.05 M/s, Resolution: 1920x1080
Name: 云南卫视, URL: https://iptv.catvod.com/live.php?id=%E4%BA%91%E5%8D%97%E5%8D%AB%E8%A7%86, From: subscribe, IPv_Type: ipv6, Location: 美国, ISP: CloudFlare Inc., Date: None, Delay: -1 ms, Speed: 0.00 M/s, Resolution: None
Name: 云南卫视, URL: http://tvgslb.hn.chinamobile.com:8089/180000001002/00000001000000000090000000215606/main.m3u8?stbid=, From: subscribe, IPv_Type: ipv6, Location: 中国, ISP: 中国移动, Date: None, Delay: -1 ms, Speed: 0.00 M/s, Resolution: None
Name: 云南卫视, URL: http://ott.mobaibox.com/PLTV/3/224/3221227571/index.m3u8, From: subscribe, IPv_Type: ipv6, Location: 中国, ISP: 中国移动, Date: None, Delay: -1 ms, Speed: 0.00 M/s, Resolution: None
Name: 云南卫视, URL: http://hwottcdn.ln.chinamobile.com/PLTV/11/224/3221227356/index.m3u8, From: subscribe, IPv_Type: ipv6, Location: 中国, ISP: 中国移动, Date: None, Delay: -1 ms, Speed: 0.00 M/s, Resolution: None
Name: 云南卫视, URL: http://iptvrr.sh.chinamobile.com:6060/cms001/ch00000090990000001223/index.m3u8, From: subscribe, IPv_Type: ipv6, Location: 中国, ISP: 中国移动, Date: None, Delay: -1 ms, Speed: 0.00 M/s, Resolution: None
Name: 云南卫视, URL: http://tvgslb.hn.chinamobile.com:8089/180000001002/00000000000000020000000000182259/main.m3u8?stbid=, From: subscribe, IPv_Type: ipv6, Location: 中国, ISP: 中国移动, Date: None, Delay: -1 ms, Speed: 0.00 M/s, Resolution: None
Name: 云南卫视, URL: http://hwottcdn.ln.chinamobile.com/PLTV/11/224/3221226816/index.m3u8, From: subscribe, IPv_Type: ipv6, Location: 中国, ISP: 中国移动, Date: None, Delay: -1 ms, Speed: 0.00 M/s, Resolution: None
Name: 云南卫视, URL: http://hwottcdn.ln.chinamobile.com/PLTV/11/224/3221226148/index.m3u8, From: subscribe, IPv_Type: ipv6, Location: 中国, ISP: 中国移动, Date: None, Delay: -1 ms, Speed: 0.00 M/s, Resolution: None
Name: 云南卫视, URL: http://hwltc.tv.cdn.zj.chinamobile.com/PLTV/88888888/224/3221236234/index.m3u8, From: subscribe, IPv_Type: ipv6, Location: 中国, ISP: 中国移动, Date: None, Delay: -1 ms, Speed: 0.00 M/s, Resolution: None
Name: 云南卫视, URL: http://k.061899.xyz/k.php?id=ynws, From: subscribe, IPv_Type: ipv6, Location: 新加坡, ISP: Aceville Pte.Ltd., Date: None, Delay: -1 ms, Speed: 0.00 M/s, Resolution: None
Name: 云南卫视, URL: http://23.237.228.134/live8/yunnan.m3u8, From: subscribe, IPv_Type: ipv4, Location: 北美地区, ISP: , Date: None, Delay: 122 ms, Speed: 18.01 M/s, Resolution: 1920x1080
Name: 云南卫视, URL: http://38.75.136.137:98/gslb/dsdqpub/ynwshd.m3u8?auth=testpub, From: subscribe, IPv_Type: ipv4, Location: 美国-伊利诺伊州-库克, ISP: Cogent, Date: None, Delay: 1284 ms, Speed: 2.49 M/s, Resolution: 1920x1080
Name: 翡翠台, URL: http://php.jdshipin.com:8880/TVOD/iptv.php?id=fct3&token=512df05ba47edb46400575c93e179adb7981226d414516400ed1d382cb126adc517715d4ccd3a2276bf3c7b72d52f58905225cf0b1cc461b7888443f, From: subscribe, IPv_Type: ipv6, Location: 美国, ISP: CloudFlare Inc., Date: None, Delay: 383 ms, Speed: 15.13 M/s, Resolution: 1920x1080
Name: 翡翠台, URL: http://php.jdshipin.com/TVOD/iptv.php?id=fct3, From: subscribe, IPv_Type: ipv6, Location: 美国, ISP: CloudFlare Inc., Date: None, Delay: -1 ms, Speed: 0.00 M/s, Resolution: None
Name: 翡翠台, URL: http://php.jdshipin.com:8880/PLTV/iptv.php?id=fct3, From: subscribe, IPv_Type: ipv6, Location: 美国, ISP: CloudFlare Inc., Date: None, Delay: 323 ms, Speed: 19.19 M/s, Resolution: 1920x1080
Name: 翡翠台, URL: http://php.jdshipin.com:8880/TVOD/iptv.php?id=fct3, From: subscribe, IPv_Type: ipv6, Location: 美国, ISP: CloudFlare Inc., Date: None, Delay: 344 ms, Speed: 19.40 M/s, Resolution: 1920x1080
Name: 翡翠台, URL: https://mytv.cdn.loc.cc/o12.php?id=fct, From: subscribe, IPv_Type: ipv6, Location: 美国, ISP: CloudFlare Inc., Date: None, Delay: 287 ms, Speed: 20.10 M/s, Resolution: 1920x1080
Name: 翡翠台, URL: https://migu.188766.xyz/?migutoken=62de7d955e6c32ca2f86ce49ebce3517&id=hk_fct4k&type=dy, From: subscribe, IPv_Type: ipv6, Location: 美国, ISP: CloudFlare Inc., Date: None, Delay: -1 ms, Speed: 0.00 M/s, Resolution: None
Name: 翡翠台, URL: https://migu.188766.xyz/?migutoken=fc009e6bd2b4dff5126a88058f2943eb&id=hk_fct&type=dy, From: subscribe, IPv_Type: ipv6, Location: 美国, ISP: CloudFlare Inc., Date: None, Delay: -1 ms, Speed: 0.00 M/s, Resolution: None
Name: 翡翠台, URL: https://live.catvod.com/iptv.php?id=fct4k01&token=6d3645d7b0c84ce429f30ee7f0cdc71f6f27956c235ad84b714ee9e2abe892f0%3A1765243433%3AMTcyLjIxNS4yMTAuNTI%3D, From: subscribe, IPv_Type: ipv6, Location: 美国, ISP: CloudFlare Inc., Date: None, Delay: -1 ms, Speed: 0.00 M/s, Resolution: None
Name: 翡翠台, URL: https://live.catvod.com/iptv.php?id=fctsub&token=04f440c0f159b43136f324182808987ff51c124abbecf95ae83f44909dc4d1a3%3A1765243433%3AMTcyLjIxNS4yMTAuNTI%3D, From: subscribe, IPv_Type: ipv6, Location: 美国, ISP: CloudFlare Inc., Date: None, Delay: -1 ms, Speed: 0.00 M/s, Resolution: None
Name: 翡翠台, URL: https://cdn6.163189.xyz/163189/fct4k, From: subscribe, IPv_Type: ipv6, Location: 新加坡, ISP: Aceville Pte.Ltd., Date: None, Delay: -1 ms, Speed: 0.00 M/s, Resolution: None
Name: 翡翠台, URL: http://cdn6.163189.xyz/163189/fct4k, From: subscribe, IPv_Type: ipv6, Location: 新加坡, ISP: Aceville Pte.Ltd., Date: None, Delay: -1 ms, Speed: 0.00 M/s, Resolution: None
Name: 翡翠台, URL: https://mgev.188766.xyz/?migutoken=b63e030151570005233f252b4fb0025e&id=hk_fct4k&type=dy, From: subscribe, IPv_Type: ipv6, Location: 美国, ISP: CloudFlare Inc., Date: None, Delay: -1 ms, Speed: 0.00 M/s, Resolution: None
Name: 翡翠台, URL: https://mgev.188766.xyz/?migutoken=9fc145bb74a42dee5cba0ef6010d1b83&id=hk_fct&type=dy, From: subscribe, IPv_Type: ipv6, Location: 美国, ISP: CloudFlare Inc., Date: None, Delay: -1 ms, Speed: 0.00 M/s, Resolution: None
Name: 翡翠台, URL: https://live.catvod.com/iptv.php?id=fct4k01&token=ba49584f4b7292023c90822e45063055ee8ad7f6c61fe67d9b4cd4aa7cfa3ad0%3A1765416382%3AMTQ1LjEzMi45OS4yMQ%3D%3D, From: subscribe, IPv_Type: ipv6, Location: 美国, ISP: CloudFlare Inc., Date: None, Delay: -1 ms, Speed: 0.00 M/s, Resolution: None
Name: 翡翠台, URL: https://live.catvod.com/iptv.php?id=fctsub&token=a549e80c07457f9ee97afcda2b438e7b4b08f27070a95f63eba8bdad64906334%3A1765416382%3AMTQ1LjEzMi45OS4yMQ%3D%3D, From: subscribe, IPv_Type: ipv6, Location: 美国, ISP: CloudFlare Inc., Date: None, Delay: -1 ms, Speed: 0.00 M/s, Resolution: None
Name: 翡翠台, URL: http://r.jdshipin.com/GeWKr, From: subscribe, IPv_Type: ipv6, Location: 美国, ISP: CloudFlare Inc., Date: None, Delay: -1 ms, Speed: 0.00 M/s, Resolution: None
Name: 翡翠台, URL: http://api.kkitv.itv888.vip:8080/streams/91wc8xdtj8/index.m3u8, From: subscribe, IPv_Type: ipv6, Location: 美国, ISP: CloudFlare Inc., Date: None, Delay: -1 ms, Speed: 0.00 M/s, Resolution: None
Name: 翡翠台, URL: https://mgev.188766.xyz/?migutoken=3704402093b47c6d68b8841c95987f77&id=hk_fct4k&type=dy, From: subscribe, IPv_Type: ipv6, Location: 美国, ISP: CloudFlare Inc., Date: None, Delay: -1 ms, Speed: 0.00 M/s, Resolution: None
Name: 翡翠台, URL: https://mgev.188766.xyz/?migutoken=7cb0c32e97bf1a6c4ae42a82d166a6d9&id=hk_fct&type=dy, From: subscribe, IPv_Type: ipv6, Location: 美国, ISP: CloudFlare Inc., Date: None, Delay: -1 ms, Speed: 0.00 M/s, Resolution: None
Name: 翡翠台, URL: https://live.catvod.com/iptv.php?id=fct4k01&token=67e443adf2a795cdf22c727618e16936fc77fe61f99bb11893e7d45ae104f0f6%3A1765588729%3ANjQuMjM2LjE0MC4yMTE%3D, From: subscribe, IPv_Type: ipv6, Location: 美国, ISP: CloudFlare Inc., Date: None, Delay: -1 ms, Speed: 0.00 M/s, Resolution: None
Name: 翡翠台, URL: https://live.catvod.com/iptv.php?id=fctsub&token=9c2b1d1a91d40a09a7f7ac4744869346c2587985331656e1ce3705bf88165080%3A1765588729%3ANjQuMjM2LjE0MC4yMTE%3D, From: subscribe, IPv_Type: ipv6, Location: 美国, ISP: CloudFlare Inc., Date: None, Delay: -1 ms, Speed: 0.00 M/s, Resolution: None
Name: 翡翠台, URL: https://mgev.188766.xyz/?migutoken=7fe3e760c86792e73bab52473075d948&id=hk_fct4k&type=dy, From: subscribe, IPv_Type: ipv6, Location: 美国, ISP: CloudFlare Inc., Date: None, Delay: -1 ms, Speed: 0.00 M/s, Resolution: None
Name: 翡翠台, URL: https://mgev.188766.xyz/?migutoken=7ad1d1fe94743830f43d5bbb6b364161&id=hk_fct&type=dy, From: subscribe, IPv_Type: ipv6, Location: 美国, ISP: CloudFlare Inc., Date: None, Delay: -1 ms, Speed: 0.00 M/s, Resolution: None
Name: 翡翠台, URL: https://live.catvod.com/iptv.php?id=fct4k01&token=79a7ed709f588906468a6ce22e490e7f3b5993eff64c99ac64e549ed1e067436%3A1765762038%3ANTIuMTU5LjI0NC44Mg%3D%3D, From: subscribe, IPv_Type: ipv6, Location: 美国, ISP: CloudFlare Inc., Date: None, Delay: -1 ms, Speed: 0.00 M/s, Resolution: None
Name: 翡翠台, URL: https://live.catvod.com/iptv.php?id=fctsub&token=3d2ea49013d2aedbcbe2c2051506ef318b2788d59c17789d9d99eaa18ce6f308%3A1765762038%3ANTIuMTU5LjI0NC44Mg%3D%3D, From: subscribe, IPv_Type: ipv6, Location: 美国, ISP: CloudFlare Inc., Date: None, Delay: -1 ms, Speed: 0.00 M/s, Resolution: None
Name: 翡翠台, URL: https://mgev.188766.xyz/?migutoken=075c1c79386db75034ade0497cdd033f&id=hk_fct4k&type=dy, From: subscribe, IPv_Type: ipv6, Location: 美国, ISP: CloudFlare Inc., Date: None, Delay: -1 ms, Speed: 0.00 M/s, Resolution: None
Name: 翡翠台, URL: https://mgev.188766.xyz/?migutoken=c16b675b3c0b5b68e43add3c51f85843&id=hk_fct&type=dy, From: subscribe, IPv_Type: ipv6, Location: 美国, ISP: CloudFlare Inc., Date: None, Delay: -1 ms, Speed: 0.00 M/s, Resolution: None
Name: 翡翠台, URL: https://live.catvod.com/iptv.php?id=fct4k01&token=1c6f7eee20828cb7bfcfddc339c075418eda684307fc38980f819cf8a56d92d8%3A1765934527%3AMTcyLjE4NC4xNzUuMTQ0, From: subscribe, IPv_Type: ipv6, Location: 美国, ISP: CloudFlare Inc., Date: None, Delay: -1 ms, Speed: 0.00 M/s, Resolution: None
Name: 翡翠台, URL: https://live.catvod.com/iptv.php?id=fctsub&token=5c2cac580c058d6348eb2fff39735334545188a7a38b70707a274d7662e4270e%3A1765934527%3AMTcyLjE4NC4xNzUuMTQ0, From: subscribe, IPv_Type: ipv6, Location: 美国, ISP: CloudFlare Inc., Date: None, Delay: -1 ms, Speed: 0.00 M/s, Resolution: None
Name: 翡翠台, URL: https://mgev.188766.xyz/?migutoken=99907196e5c7986e6587d0d176bf3519&id=hk_fct4k&type=dy, From: subscribe, IPv_Type: ipv6, Location: 美国, ISP: CloudFlare Inc., Date: None, Delay: -1 ms, Speed: 0.00 M/s, Resolution: None
Name: 翡翠台, URL: https://mgev.188766.xyz/?migutoken=db06fe8f2c02d3cbbcad4aebdf2ade8a&id=hk_fct&type=dy, From: subscribe, IPv_Type: ipv6, Location: 美国, ISP: CloudFlare Inc., Date: None, Delay: -1 ms, Speed: 0.00 M/s, Resolution: None
Name: 翡翠台, URL: https://live.catvod.com/iptv.php?id=fct4k01&token=301b34ff50f45cac2f340fea9f8b0c0c617232eec7dde04ba6e934a11f91b4f4%3A1766107501%3AMTI4LjI0LjE2MS4xNzY%3D, From: subscribe, IPv_Type: ipv6, Location: 美国, ISP: CloudFlare Inc., Date: None, Delay: -1 ms, Speed: 0.00 M/s, Resolution: None
Name: 翡翠台, URL: https://live.catvod.com/iptv.php?id=fctsub&token=3d1a8a7080a0c807185cbc7f4181c6d34ed452482927df24b36f64bffc02f00e%3A1766107501%3AMTI4LjI0LjE2MS4xNzY%3D, From: subscribe, IPv_Type: ipv6, Location: 美国, ISP: CloudFlare Inc., Date: None, Delay: -1 ms, Speed: 0.00 M/s, Resolution: None
Name: 翡翠台, URL: http://hls.168.us.kg/u/81/master.m3u8, From: subscribe, IPv_Type: ipv6, Location: 美国, ISP: CloudFlare Inc., Date: None, Delay: -1 ms, Speed: 0.00 M/s, Resolution: None
Name: 翡翠台, URL: https://stream1.freetv.fun/fei-cui-8.m3u8, From: subscribe, IPv_Type: ipv6, Location: 美国, ISP: CloudFlare Inc., Date: None, Delay: -1 ms, Speed: 0.00 M/s, Resolution: None
Name: 翡翠台, URL: https://mgev.188766.xyz/?migutoken=adbd4200275aa6734648c3737beda4d1&id=hk_fct4k&type=dy, From: subscribe, IPv_Type: ipv6, Location: 美国, ISP: CloudFlare Inc., Date: None, Delay: -1 ms, Speed: 0.00 M/s, Resolution: None
Name: 翡翠台, URL: https://mgev.188766.xyz/?migutoken=5860c6628e32c4b03bd0a12e79ea96f5&id=hk_fct&type=dy, From: subscribe, IPv_Type: ipv6, Location: 美国, ISP: CloudFlare Inc., Date: None, Delay: -1 ms, Speed: 0.00 M/s, Resolution: None
Name: 翡翠台, URL: https://live.catvod.com/iptv.php?id=fct4k01&token=52ecb1ee86c8b0d1e2d1e21d10f7eee123fc78a6f4a81241412d6d309264ccae%3A1766280998%3AMjAuNTEuMjA2Ljgx, From: subscribe, IPv_Type: ipv6, Location: 美国, ISP: CloudFlare Inc., Date: None, Delay: -1 ms, Speed: 0.00 M/s, Resolution: None
Name: 翡翠台, URL: https://live.catvod.com/iptv.php?id=fctsub&token=f3e9f41a71758302f6a88bc826d5df4865e5d568106883d69ffd71810a0deea4%3A1766280998%3AMjAuNTEuMjA2Ljgx, From: subscribe, IPv_Type: ipv6, Location: 美国, ISP: CloudFlare Inc., Date: None, Delay: -1 ms, Speed: 0.00 M/s, Resolution: None
Name: 翡翠台, URL: https://mgev.188766.xyz/?migutoken=1fd03a854f6064b3fb1f46530b674c56&id=hk_fct4k&type=dy, From: subscribe, IPv_Type: ipv6, Location: 美国, ISP: CloudFlare Inc., Date: None, Delay: -1 ms, Speed: 0.00 M/s, Resolution: None
Name: 翡翠台, URL: https://mgev.188766.xyz/?migutoken=96d057bf1e10920a1ffebc1aedd22330&id=hk_fct&type=dy, From: subscribe, IPv_Type: ipv6, Location: 美国, ISP: CloudFlare Inc., Date: None, Delay: -1 ms, Speed: 0.00 M/s, Resolution: None
Name: 翡翠台, URL: https://live.catvod.com/iptv.php?id=fct4k01&token=9faabc2533a4abfa0be3b78838c028b42b54c4ccc1b073d93454a740495a6f7b%3A1766453072%3AMjAuMTYxLjY3LjIxMA%3D%3D, From: subscribe, IPv_Type: ipv6, Location: 美国, ISP: CloudFlare Inc., Date: None, Delay: -1 ms, Speed: 0.00 M/s, Resolution: None
Name: 翡翠台, URL: https://live.catvod.com/iptv.php?id=fctsub&token=2c0d905a4bfe7880c9b53b6cc89e656156cdd222467fab4a97f1138b78476f8f%3A1766453072%3AMjAuMTYxLjY3LjIxMA%3D%3D, From: subscribe, IPv_Type: ipv6, Location: 美国, ISP: CloudFlare Inc., Date: None, Delay: -1 ms, Speed: 0.00 M/s, Resolution: None
Name: 翡翠台, URL: https://o11.163189.xyz/stream/tvb/fct4k/, From: subscribe, IPv_Type: ipv6, Location: 美国, ISP: CloudFlare Inc., Date: None, Delay: -1 ms, Speed: 0.00 M/s, Resolution: None
Name: 翡翠台, URL: https://mgev.188766.xyz/?migutoken=0bd20c649fff7825636edac477b36755&id=hk_fct4k&type=dy, From: subscribe, IPv_Type: ipv6, Location: 美国, ISP: CloudFlare Inc., Date: None, Delay: -1 ms, Speed: 0.00 M/s, Resolution: None
Name: 翡翠台, URL: https://mgev.188766.xyz/?migutoken=df1af55f63c5e4ebffc3594abaae551f&id=hk_fct&type=dy, From: subscribe, IPv_Type: ipv6, Location: 美国, ISP: CloudFlare Inc., Date: None, Delay: -1 ms, Speed: 0.00 M/s, Resolution: None
Name: 翡翠台, URL: https://live.catvod.com/iptv.php?id=fct4k01&token=6f1fce372f2f90d2e74f21c242182941f7b59904c8c0ec91cabc56c0cdacdd08%3A1766625897%3ANjguMjIwLjYyLjE4MA%3D%3D, From: subscribe, IPv_Type: ipv6, Location: 美国, ISP: CloudFlare Inc., Date: None, Delay: -1 ms, Speed: 0.00 M/s, Resolution: None
Name: 翡翠台, URL: https://live.catvod.com/iptv.php?id=fctsub&token=c961d1365a33e5c2a50a814e58cf75fe69b491c3de57529ad2f6b5f864ebed9b%3A1766625897%3ANjguMjIwLjYyLjE4MA%3D%3D, From: subscribe, IPv_Type: ipv6, Location: 美国, ISP: CloudFlare Inc., Date: None, Delay: -1 ms, Speed: 0.00 M/s, Resolution: None
Name: 翡翠台, URL: https://mgev.188766.xyz/?migutoken=9c75c478e4d5453074a1907020fddf47&id=hk_fct4k&type=dy, From: subscribe, IPv_Type: ipv6, Location: 美国, ISP: CloudFlare Inc., Date: None, Delay: -1 ms, Speed: 0.00 M/s, Resolution: None
Name: 翡翠台, URL: https://mgev.188766.xyz/?migutoken=7d5e939a0178a083122f9b5c4302f1e4&id=hk_fct&type=dy, From: subscribe, IPv_Type: ipv6, Location: 美国, ISP: CloudFlare Inc., Date: None, Delay: -1 ms, Speed: 0.00 M/s, Resolution: None
Name: 翡翠台, URL: https://live.catvod.com/iptv.php?id=fct4k01&token=66c4b627e1baa0f106984eb2d8faf3fd4e30d7d24afa3fb106fb5f5a2fadcdbc%3A1766798552%3AMTcyLjIxNC40NC40OQ%3D%3D, From: subscribe, IPv_Type: ipv6, Location: 美国, ISP: CloudFlare Inc., Date: None, Delay: -1 ms, Speed: 0.00 M/s, Resolution: None
Name: 翡翠台, URL: https://live.catvod.com/iptv.php?id=fctsub&token=5ae232273d7286207d3b49349991450a6fda8f38da58463fb31789f7962be41e%3A1766798552%3AMTcyLjIxNC40NC40OQ%3D%3D, From: subscribe, IPv_Type: ipv6, Location: 美国, ISP: CloudFlare Inc., Date: None, Delay: -1 ms, Speed: 0.00 M/s, Resolution: None
Name: 翡翠台, URL: https://stream1.freetv.fun/fei-cui-17.m3u8, From: subscribe, IPv_Type: ipv6, Location: 美国, ISP: CloudFlare Inc., Date: None, Delay: -1 ms, Speed: 0.00 M/s, Resolution: None
Name: 翡翠台, URL: https://mgev.188766.xyz/?migutoken=c09136257cded1144eca5799ce77561f&id=hk_fct4k&type=dy, From: subscribe, IPv_Type: ipv6, Location: 美国, ISP: CloudFlare Inc., Date: None, Delay: -1 ms, Speed: 0.00 M/s, Resolution: None
Name: 翡翠台, URL: https://mgev.188766.xyz/?migutoken=0f09a04b882432b4727cf7b28e3443a2&id=hk_fct&type=dy, From: subscribe, IPv_Type: ipv6, Location: 美国, ISP: CloudFlare Inc., Date: None, Delay: -1 ms, Speed: 0.00 M/s, Resolution: None
Name: 翡翠台, URL: https://live.catvod.com/iptv.php?id=fct4k01, From: subscribe, IPv_Type: ipv6, Location: 美国, ISP: CloudFlare Inc., Date: None, Delay: -1 ms, Speed: 0.00 M/s, Resolution: None
Name: 翡翠台, URL: https://live.catvod.com/iptv.php?id=fctsub, From: subscribe, IPv_Type: ipv6, Location: 美国, ISP: CloudFlare Inc., Date: None, Delay: -1 ms, Speed: 0.00 M/s, Resolution: None
Name: 翡翠台, URL: https://stream1.freetv.fun/fei-cui-7.ctv, From: subscribe, IPv_Type: ipv6, Location: 美国, ISP: CloudFlare Inc., Date: None, Delay: -1 ms, Speed: 0.00 M/s, Resolution: None
Name: 翡翠台, URL: https://stream1.freetv.fun/fei-cui-8.ctv, From: subscribe, IPv_Type: ipv6, Location: 美国, ISP: CloudFlare Inc., Date: None, Delay: -1 ms, Speed: 0.00 M/s, Resolution: None
Name: 翡翠台, URL: https://mgev.188766.xyz/?migutoken=ab5baf7692e92b8618c131504456c039&id=hk_fct4k&type=dy, From: subscribe, IPv_Type: ipv6, Location: 美国, ISP: CloudFlare Inc., Date: None, Delay: -1 ms, Speed: 0.00 M/s, Resolution: None
Name: 翡翠台, URL: https://mgev.188766.xyz/?migutoken=765563aadf2c9158009de08932688779&id=hk_fct&type=dy, From: subscribe, IPv_Type: ipv6, Location: 美国, ISP: CloudFlare Inc., Date: None, Delay: -1 ms, Speed: 0.00 M/s, Resolution: None
Name: 翡翠台, URL: http://cdn6.veryfast.filegear-sg.me/live/fct4k/stream.m3u8, From: subscribe, IPv_Type: ipv6, Location: 美国, ISP: CloudFlare Inc., Date: None, Delay: -1 ms, Speed: 0.00 M/s, Resolution: None
Name: 翡翠台, URL: https://smt.1789.dpdns.org/smt3.2.1.php?id=Tvbjade, From: subscribe, IPv_Type: ipv6, Location: 美国, ISP: CloudFlare Inc., Date: None, Delay: -1 ms, Speed: 0.00 M/s, Resolution: None
Name: 翡翠台, URL: https://mgev.188766.xyz/?migutoken=4fa89c4f83b0b68002ab1538f01ebb9e&id=hk_fct4k&type=dy, From: subscribe, IPv_Type: ipv6, Location: 美国, ISP: CloudFlare Inc., Date: None, Delay: -1 ms, Speed: 0.00 M/s, Resolution: None
Name: 翡翠台, URL: https://mgev.188766.xyz/?migutoken=1681076c3de59d09e8becea6f2a74c1e&id=hk_fct&type=dy, From: subscribe, IPv_Type: ipv6, Location: 美国, ISP: CloudFlare Inc., Date: None, Delay: -1 ms, Speed: 0.00 M/s, Resolution: None
Name: 翡翠台, URL: https://mgev.188766.xyz/?migutoken=372fd2a4bd32da6e2f897da857f0c57e&id=hk_fct4k&type=dy, From: subscribe, IPv_Type: ipv6, Location: 美国, ISP: CloudFlare Inc., Date: None, Delay: -1 ms, Speed: 0.00 M/s, Resolution: None
Name: 翡翠台, URL: https://mgev.188766.xyz/?migutoken=26e4ac195a4e3b0a1f76212a16614959&id=hk_fct&type=dy, From: subscribe, IPv_Type: ipv6, Location: 美国, ISP: CloudFlare Inc., Date: None, Delay: -1 ms, Speed: 0.00 M/s, Resolution: None
Name: 翡翠台, URL: https://mgev.188766.xyz/?migutoken=00842f0af8615f368be36bda8a073878&id=hk_fct4k&type=dy, From: subscribe, IPv_Type: ipv6, Location: 美国, ISP: CloudFlare Inc., Date: None, Delay: -1 ms, Speed: 0.00 M/s, Resolution: None
Name: 翡翠台, URL: https://mgev.188766.xyz/?migutoken=9a319ecf3094dccf281663d51a3bfb69&id=hk_fct&type=dy, From: subscribe, IPv_Type: ipv6, Location: 美国, ISP: CloudFlare Inc., Date: None, Delay: -1 ms, Speed: 0.00 M/s, Resolution: None
Name: 翡翠台, URL: https://t.freetv.fun/live/fei-cui-11.php, From: subscribe, IPv_Type: ipv6, Location: 美国, ISP: CloudFlare Inc., Date: None, Delay: -1 ms, Speed: 0.00 M/s, Resolution: None
Name: 翡翠台, URL: https://t.freetv.fun/live/fei-cui-12.php, From: subscribe, IPv_Type: ipv6, Location: 美国, ISP: CloudFlare Inc., Date: None, Delay: -1 ms, Speed: 0.00 M/s, Resolution: None
Name: 翡翠台, URL: https://t.freetv.fun/live/fei-cui-13.php, From: subscribe, IPv_Type: ipv6, Location: 美国, ISP: CloudFlare Inc., Date: None, Delay: -1 ms, Speed: 0.00 M/s, Resolution: None
Name: 翡翠台, URL: https://t.freetv.fun/live/fei-cui-14.php, From: subscribe, IPv_Type: ipv6, Location: 美国, ISP: CloudFlare Inc., Date: None, Delay: -1 ms, Speed: 0.00 M/s, Resolution: None
Name: 翡翠台, URL: https://t.freetv.fun/live/fei-cui-3.m3u8, From: subscribe, IPv_Type: ipv6, Location: 美国, ISP: CloudFlare Inc., Date: None, Delay: -1 ms, Speed: 0.00 M/s, Resolution: None
Name: 翡翠台, URL: https://t.freetv.fun/live/fei-cui-4.php, From: subscribe, IPv_Type: ipv6, Location: 美国, ISP: CloudFlare Inc., Date: None, Delay: -1 ms, Speed: 0.00 M/s, Resolution: None
Name: 翡翠台, URL: https://t.freetv.fun/live/fei-cui-6.m3u8, From: subscribe, IPv_Type: ipv6, Location: 美国, ISP: CloudFlare Inc., Date: None, Delay: -1 ms, Speed: 0.00 M/s, Resolution: None
Name: 翡翠台, URL: https://t.freetv.fun/live/fei-cui-7.php, From: subscribe, IPv_Type: ipv6, Location: 美国, ISP: CloudFlare Inc., Date: None, Delay: -1 ms, Speed: 0.00 M/s, Resolution: None
Name: 翡翠台, URL: https://t.freetv.fun/live/fei-cui-8.ts, From: subscribe, IPv_Type: ipv6, Location: 美国, ISP: CloudFlare Inc., Date: None, Delay: -1 ms, Speed: 0.00 M/s, Resolution: None
Name: 翡翠台, URL: https://t.freetv.fun/live/fei-cui-9.ts, From: subscribe, IPv_Type: ipv6, Location: 美国, ISP: CloudFlare Inc., Date: None, Delay: -1 ms, Speed: 0.00 M/s, Resolution: None
Name: 翡翠台, URL: https://t.freetv.fun/live/fei-cui.m3u8, From: subscribe, IPv_Type: ipv6, Location: 美国, ISP: CloudFlare Inc., Date: None, Delay: -1 ms, Speed: 0.00 M/s, Resolution: None
Name: 翡翠台, URL: https://mgev.188766.xyz/?migutoken=609ca31308b7c5d97624f8df3b810a4d&id=hk_fct4k&type=dy, From: subscribe, IPv_Type: ipv6, Location: 美国, ISP: CloudFlare Inc., Date: None, Delay: -1 ms, Speed: 0.00 M/s, Resolution: None
Name: 翡翠台, URL: https://mgev.188766.xyz/?migutoken=e0af39bcc71ddb0d1d5560bdb4996148&id=hk_fct&type=dy, From: subscribe, IPv_Type: ipv6, Location: 美国, ISP: CloudFlare Inc., Date: None, Delay: -1 ms, Speed: 0.00 M/s, Resolution: None
Name: 翡翠台, URL: https://mgev.188766.xyz/?migutoken=481bfe04969052177207efb53e044e9b&id=hk_fct4k&type=dy, From: subscribe, IPv_Type: ipv6, Location: 美国, ISP: CloudFlare Inc., Date: None, Delay: -1 ms, Speed: 0.00 M/s, Resolution: None
Name: 翡翠台, URL: https://mgev.188766.xyz/?migutoken=af374015d44e984ea31d7feabb1448d5&id=hk_fct&type=dy, From: subscribe, IPv_Type: ipv6, Location: 美国, ISP: CloudFlare Inc., Date: None, Delay: -1 ms, Speed: 0.00 M/s, Resolution: None
Name: 翡翠台, URL: https://mgev.188766.xyz/?migutoken=1bc3a41c04d5daa057e8bf769ab40619&id=hk_fct4k&type=dy, From: subscribe, IPv_Type: ipv6, Location: 美国, ISP: CloudFlare Inc., Date: None, Delay: -1 ms, Speed: 0.00 M/s, Resolution: None
Name: 翡翠台, URL: https://mgev.188766.xyz/?migutoken=150ce5fc488a73fa8dc10581bbb0bf89&id=hk_fct&type=dy, From: subscribe, IPv_Type: ipv6, Location: 美国, ISP: CloudFlare Inc., Date: None, Delay: -1 ms, Speed: 0.00 M/s, Resolution: None
Name: 翡翠台, URL: https://mgev.188766.xyz/?migutoken=dcd523bb02f96aea076344e08e0e343f&id=hk_fct4k&type=dy, From: subscribe, IPv_Type: ipv6, Location: 美国, ISP: CloudFlare Inc., Date: None, Delay: -1 ms, Speed: 0.00 M/s, Resolution: None
Name: 翡翠台, URL: https://mgev.188766.xyz/?migutoken=3d1372b2487486d9c4364a18fc553e4c&id=hk_fct&type=dy, From: subscribe, IPv_Type: ipv6, Location: 美国, ISP: CloudFlare Inc., Date: None, Delay: -1 ms, Speed: 0.00 M/s, Resolution: None
Name: 翡翠台, URL: https://t.freetv.fun/live/fei-cui-1.php, From: subscribe, IPv_Type: ipv6, Location: 美国, ISP: CloudFlare Inc., Date: None, Delay: -1 ms, Speed: 0.00 M/s, Resolution: None
Name: 翡翠台, URL: https://t.freetv.fun/live/fei-cui-2.php, From: subscribe, IPv_Type: ipv6, Location: 美国, ISP: CloudFlare Inc., Date: None, Delay: -1 ms, Speed: 0.00 M/s, Resolution: None
Name: 翡翠台, URL: https://t.freetv.fun/live/fei-cui-7.m3u8, From: subscribe, IPv_Type: ipv6, Location: 美国, ISP: CloudFlare Inc., Date: None, Delay: -1 ms, Speed: 0.00 M/s, Resolution: None
Name: 翡翠台, URL: https://mgev.188766.xyz/?migutoken=a0cf21b858c91366a462c277ca890b13&id=hk_fct4k&type=dy, From: subscribe, IPv_Type: ipv6, Location: 美国, ISP: CloudFlare Inc., Date: None, Delay: -1 ms, Speed: 0.00 M/s, Resolution: None
Name: 翡翠台, URL: https://mgev.188766.xyz/?migutoken=eb638b590357ab5bf0b5849fdd26f144&id=hk_fct&type=dy, From: subscribe, IPv_Type: ipv6, Location: 美国, ISP: CloudFlare Inc., Date: None, Delay: -1 ms, Speed: 0.00 M/s, Resolution: None
Name: 翡翠台, URL: https://t.freetv.fun/live/fei-cui-5.php, From: subscribe, IPv_Type: ipv6, Location: 美国, ISP: CloudFlare Inc., Date: None, Delay: -1 ms, Speed: 0.00 M/s, Resolution: None
Name: 翡翠台, URL: https://t.freetv.fun/live/fei-cui-8.php, From: subscribe, IPv_Type: ipv6, Location: 美国, ISP: CloudFlare Inc., Date: None, Delay: -1 ms, Speed: 0.00 M/s, Resolution: None
Name: 翡翠台, URL: https://mgev.188766.xyz/?migutoken=23e1334df8e99785c8c39021b96823fc&id=hk_fct4k&type=dy, From: subscribe, IPv_Type: ipv6, Location: 美国, ISP: CloudFlare Inc., Date: None, Delay: -1 ms, Speed: 0.00 M/s, Resolution: None
Name: 翡翠台, URL: https://mgev.188766.xyz/?migutoken=7d3f93813945bba638a8533a1e18bc6f&id=hk_fct&type=dy, From: subscribe, IPv_Type: ipv6, Location: 美国, ISP: CloudFlare Inc., Date: None, Delay: -1 ms, Speed: 0.00 M/s, Resolution: None
Name: 翡翠台, URL: https://t.freetv.fun/live/fei-cui-9.php, From: subscribe, IPv_Type: ipv6, Location: 美国, ISP: CloudFlare Inc., Date: None, Delay: -1 ms, Speed: 0.00 M/s, Resolution: None
Name: 翡翠台, URL: https://mgev.188766.xyz/?migutoken=328d231df54d30989bb43acc42d1b75f&id=hk_fct4k&type=dy, From: subscribe, IPv_Type: ipv6, Location: 美国, ISP: CloudFlare Inc., Date: None, Delay: -1 ms, Speed: 0.00 M/s, Resolution: None
Name: 翡翠台, URL: https://mgev.188766.xyz/?migutoken=f61fb7916baecb8e69ee2171233e4387&id=hk_fct&type=dy, From: subscribe, IPv_Type: ipv6, Location: 美国, ISP: CloudFlare Inc., Date: None, Delay: -1 ms, Speed: 0.00 M/s, Resolution: None
Name: 翡翠台, URL: https://t.freetv.fun/live/fei-cui-10.php, From: subscribe, IPv_Type: ipv6, Location: 美国, ISP: CloudFlare Inc., Date: None, Delay: -1 ms, Speed: 0.00 M/s, Resolution: None
Name: 翡翠台, URL: https://t.freetv.fun/live/fei-cui-15.php, From: subscribe, IPv_Type: ipv6, Location: 美国, ISP: CloudFlare Inc., Date: None, Delay: -1 ms, Speed: 0.00 M/s, Resolution: None
Name: 翡翠台, URL: https://mgev.188766.xyz/?migutoken=3ca138d1b8edd841a4dc0e1f809c1466&id=hk_fct4k&type=dy, From: subscribe, IPv_Type: ipv6, Location: 美国, ISP: CloudFlare Inc., Date: None, Delay: -1 ms, Speed: 0.00 M/s, Resolution: None
Name: 翡翠台, URL: https://o11.163189.xyz/stream/tvb/fct/, From: subscribe, IPv_Type: ipv6, Location: 美国, ISP: CloudFlare Inc., Date: None, Delay: -1 ms, Speed: 0.00 M/s, Resolution: None
Name: 翡翠台, URL: https://mgev.188766.xyz/?migutoken=5ded78265584ba41df6e0b065b745194&id=hk_fct&type=dy, From: subscribe, IPv_Type: ipv6, Location: 美国, ISP: CloudFlare Inc., Date: None, Delay: -1 ms, Speed: 0.00 M/s, Resolution: None
Name: 翡翠台, URL: http://mytv.cdn.loc.cc/o12.php?id=fct, From: subscribe, IPv_Type: ipv6, Location: 美国, ISP: CloudFlare Inc., Date: None, Delay: -1 ms, Speed: 0.00 M/s, Resolution: None
Name: 翡翠台, URL: https://t.freetv.fun/live/fei-cui-16.php, From: subscribe, IPv_Type: ipv6, Location: 美国, ISP: CloudFlare Inc., Date: None, Delay: -1 ms, Speed: 0.00 M/s, Resolution: None
Name: 翡翠台, URL: https://t.freetv.fun/live/fei-cui-17.php, From: subscribe, IPv_Type: ipv6, Location: 美国, ISP: CloudFlare Inc., Date: None, Delay: -1 ms, Speed: 0.00 M/s, Resolution: None
Name: 翡翠台, URL: https://mgev.188766.xyz/?migutoken=4e97c9625aa83ed490f6057c7c3344a2&id=hk_fct4k&type=dy, From: subscribe, IPv_Type: ipv6, Location: 美国, ISP: CloudFlare Inc., Date: None, Delay: -1 ms, Speed: 0.00 M/s, Resolution: None
Name: 翡翠台, URL: https://mgev.188766.xyz/?migutoken=fc3775d800706c0e7d9ae8c036a3f1df&id=hk_fct&type=dy, From: subscribe, IPv_Type: ipv6, Location: 美国, ISP: CloudFlare Inc., Date: None, Delay: -1 ms, Speed: 0.00 M/s, Resolution: None
Name: 翡翠台, URL: https://smt.1678520.xyz/smt3.2.1.php?id=jade_twn, From: subscribe, IPv_Type: ipv6, Location: 美国, ISP: CloudFlare Inc., Date: None, Delay: -1 ms, Speed: 0.00 M/s, Resolution: None
Name: 翡翠台, URL: https://mgev.188766.xyz/?migutoken=7997cf5accb10ba49e6e28a17509441e&id=hk_fct4k&type=dy, From: subscribe, IPv_Type: ipv6, Location: 美国, ISP: CloudFlare Inc., Date: None, Delay: -1 ms, Speed: 0.00 M/s, Resolution: None
Name: 翡翠台, URL: https://mgev.188766.xyz/?migutoken=cbf7c5534d2cf341d8a9049b3a698c4b&id=hk_fct&type=dy, From: subscribe, IPv_Type: ipv6, Location: 美国, ISP: CloudFlare Inc., Date: None, Delay: -1 ms, Speed: 0.00 M/s, Resolution: None
Name: 翡翠台, URL: https://mgev.188766.xyz/?migutoken=a1ab45748d7b4a05c58ab779d8b264f7&id=hk_fct4k&type=dy, From: subscribe, IPv_Type: ipv6, Location: 美国, ISP: CloudFlare Inc., Date: None, Delay: -1 ms, Speed: 0.00 M/s, Resolution: None
Name: 翡翠台, URL: https://mgev.188766.xyz/?migutoken=f1a57b3e4e2f3b561943526121e8d209&id=hk_fct&type=dy, From: subscribe, IPv_Type: ipv6, Location: 美国, ISP: CloudFlare Inc., Date: None, Delay: -1 ms, Speed: 0.00 M/s, Resolution: None
Name: 翡翠台, URL: https://mgev.188766.xyz/?migutoken=b05e1d50e8473bfce47f5a44dc099a03&id=hk_fct4k&type=dy, From: subscribe, IPv_Type: ipv6, Location: 美国, ISP: CloudFlare Inc., Date: None, Delay: -1 ms, Speed: 0.00 M/s, Resolution: None
Name: 翡翠台, URL: https://mgev.188766.xyz/?migutoken=b9d8d3f4720825d36c06c198f9e356d1&id=hk_fct&type=dy, From: subscribe, IPv_Type: ipv6, Location: 美国, ISP: CloudFlare Inc., Date: None, Delay: -1 ms, Speed: 0.00 M/s, Resolution: None
Name: 翡翠台, URL: https://t.freetv.fun/live/fei-cui-8.m3u8, From: subscribe, IPv_Type: ipv6, Location: 美国, ISP: CloudFlare Inc., Date: None, Delay: -1 ms, Speed: 0.00 M/s, Resolution: None
Name: 翡翠台, URL: https://mgev.188766.xyz/?migutoken=cce4df29b3ae83476cd679c567ca15c9&id=hk_fct4k&type=dy, From: subscribe, IPv_Type: ipv6, Location: 美国, ISP: CloudFlare Inc., Date: None, Delay: -1 ms, Speed: 0.00 M/s, Resolution: None
Name: 翡翠台, URL: https://mgev.188766.xyz/?migutoken=f185e399575edaa2d6fe5121f9a9d9c4&id=hk_fct&type=dy, From: subscribe, IPv_Type: ipv6, Location: 美国, ISP: CloudFlare Inc., Date: None, Delay: -1 ms, Speed: 0.00 M/s, Resolution: None
Name: 翡翠台, URL: https://live.catvod.com/live.php?id=fct4k01, From: subscribe, IPv_Type: ipv6, Location: 美国, ISP: CloudFlare Inc., Date: None, Delay: -1 ms, Speed: 0.00 M/s, Resolution: None
Name: 翡翠台, URL: https://live.catvod.com/live.php?id=fctsub, From: subscribe, IPv_Type: ipv6, Location: 美国, ISP: CloudFlare Inc., Date: None, Delay: -1 ms, Speed: 0.00 M/s, Resolution: None
Name: 翡翠台, URL: https://live.catvod.com/live.php?id=fct4k02, From: subscribe, IPv_Type: ipv6, Location: 美国, ISP: CloudFlare Inc., Date: None, Delay: -1 ms, Speed: 0.00 M/s, Resolution: None
Name: 翡翠台, URL: https://live.catvod.com/live.php?id=fct005, From: subscribe, IPv_Type: ipv6, Location: 美国, ISP: CloudFlare Inc., Date: None, Delay: -1 ms, Speed: 0.00 M/s, Resolution: None
Name: 翡翠台, URL: https://live.catvod.com/live.php?id=jade_xue, From: subscribe, IPv_Type: ipv6, Location: 美国, ISP: CloudFlare Inc., Date: None, Delay: -1 ms, Speed: 0.00 M/s, Resolution: None
Name: 翡翠台, URL: http://php.jdshipin.com:8880/TVOD/iptv.php?id=fct, From: subscribe, IPv_Type: ipv6, Location: 美国, ISP: CloudFlare Inc., Date: None, Delay: -1 ms, Speed: 0.00 M/s, Resolution: None
Name: 翡翠台, URL: https://cdn.iptv8k.top/dl/jrys.php?id=3&time=20240926215313&ip=111.229.253.40, From: subscribe, IPv_Type: ipv4, Location: 美国, ISP: CloudFlare节点, Date: None, Delay: 11 ms, Speed: 28.09 M/s, Resolution: 1920x1080
Name: 翡翠台, URL: https://cdn.iptv8k.top/dl/jrys.php?id=3&time=20240926215313&ip=111.229.253.40『线路08』, From: subscribe, IPv_Type: ipv4, Location: 美国, ISP: CloudFlare节点, Date: None, Delay: 12 ms, Speed: 24.93 M/s, Resolution: 1920x1080
Name: 翡翠台, URL: http://8.138.7.223/tv/hot.php?id=68, From: subscribe, IPv_Type: ipv4, Location: 中国, ISP: 阿里云, Date: None, Delay: 3535 ms, Speed: 0.12 M/s, Resolution: 1920x1080
Name: 明珠台, URL: https://mytv.cdn.loc.cc/o12.php?id=mzt, From: subscribe, IPv_Type: ipv6, Location: 美国, ISP: CloudFlare Inc., Date: None, Delay: 397 ms, Speed: 11.91 M/s, Resolution: 1920x1080
Name: 明珠台, URL: https://migu.188766.xyz/?migutoken=67b03be9b0a21c22d9412b7e9c2ce4e0&id=hk_mzt&type=dy, From: subscribe, IPv_Type: ipv6, Location: 美国, ISP: CloudFlare Inc., Date: None, Delay: -1 ms, Speed: 0.00 M/s, Resolution: None
Name: 明珠台, URL: https://live.catvod.com/iptv.php?id=mztsub&token=dd877ec5a2309d529be7aaa1492c475ea82d6958d2dba778de85b58f92300935%3A1765243433%3AMTcyLjIxNS4yMTAuNTI%3D, From: subscribe, IPv_Type: ipv6, Location: 美国, ISP: CloudFlare Inc., Date: None, Delay: -1 ms, Speed: 0.00 M/s, Resolution: None
Name: 明珠台, URL: https://stream1.freetv.fun/ming-zhu-2.ctv, From: subscribe, IPv_Type: ipv6, Location: 美国, ISP: CloudFlare Inc., Date: None, Delay: -1 ms, Speed: 0.00 M/s, Resolution: None
Name: 明珠台, URL: http://php.jdshipin.com/TVOD/iptv.php?id=mzt2, From: subscribe, IPv_Type: ipv6, Location: 美国, ISP: CloudFlare Inc., Date: None, Delay: -1 ms, Speed: 0.00 M/s, Resolution: None
Name: 明珠台, URL: https://mgev.188766.xyz/?migutoken=5a4d89aab5833a679e8a3af1c6aa172d&id=hk_mzt&type=dy, From: subscribe, IPv_Type: ipv6, Location: 美国, ISP: CloudFlare Inc., Date: None, Delay: -1 ms, Speed: 0.00 M/s, Resolution: None
Name: 明珠台, URL: https://live.catvod.com/iptv.php?id=mztsub&token=e5b1bfb956aefef45efc57bab19ce4e3aaff6d65eed365d543d15df8109c0a93%3A1765416382%3AMTQ1LjEzMi45OS4yMQ%3D%3D, From: subscribe, IPv_Type: ipv6, Location: 美国, ISP: CloudFlare Inc., Date: None, Delay: -1 ms, Speed: 0.00 M/s, Resolution: None
Name: 明珠台, URL: http://r.jdshipin.com/ZQ4kN, From: subscribe, IPv_Type: ipv6, Location: 美国, ISP: CloudFlare Inc., Date: None, Delay: -1 ms, Speed: 0.00 M/s, Resolution: None
Name: 明珠台, URL: http://r.jdshipin.com/jUx8K, From: subscribe, IPv_Type: ipv6, Location: 美国, ISP: CloudFlare Inc., Date: None, Delay: -1 ms, Speed: 0.00 M/s, Resolution: None
Name: 明珠台, URL: http://api.kkitv.itv888.vip:8080/streams/qi0oiujn7hh/index.m3u8, From: subscribe, IPv_Type: ipv6, Location: 美国, ISP: CloudFlare Inc., Date: None, Delay: -1 ms, Speed: 0.00 M/s, Resolution: None
Name: 明珠台, URL: https://mgev.188766.xyz/?migutoken=c5a46692e551e11e2a7c249744d661e6&id=hk_mzt&type=dy, From: subscribe, IPv_Type: ipv6, Location: 美国, ISP: CloudFlare Inc., Date: None, Delay: -1 ms, Speed: 0.00 M/s, Resolution: None
Name: 明珠台, URL: https://live.catvod.com/iptv.php?id=mztsub&token=12d68790a1ee30cbeb0f6a65d8eb433a96c900a56ec90b5146d22416c14981b0%3A1765588729%3ANjQuMjM2LjE0MC4yMTE%3D, From: subscribe, IPv_Type: ipv6, Location: 美国, ISP: CloudFlare Inc., Date: None, Delay: -1 ms, Speed: 0.00 M/s, Resolution: None
Name: 明珠台, URL: https://mgev.188766.xyz/?migutoken=a01d8e474ba3d7f3191bf10a9aab0702&id=hk_mzt&type=dy, From: subscribe, IPv_Type: ipv6, Location: 美国, ISP: CloudFlare Inc., Date: None, Delay: -1 ms, Speed: 0.00 M/s, Resolution: None
Name: 明珠台, URL: https://live.catvod.com/iptv.php?id=mztsub&token=d7faad3bd710402870ad2641e7e59b3c4b06da20ef238a93e4154d07ddc15817%3A1765762038%3ANTIuMTU5LjI0NC44Mg%3D%3D, From: subscribe, IPv_Type: ipv6, Location: 美国, ISP: CloudFlare Inc., Date: None, Delay: -1 ms, Speed: 0.00 M/s, Resolution: None
Name: 明珠台, URL: https://mgev.188766.xyz/?migutoken=a556fb1cf5e2777de413aa0fd8325f82&id=hk_mzt&type=dy, From: subscribe, IPv_Type: ipv6, Location: 美国, ISP: CloudFlare Inc., Date: None, Delay: -1 ms, Speed: 0.00 M/s, Resolution: None
Name: 明珠台, URL: https://live.catvod.com/iptv.php?id=mztsub&token=9dff5b343fc47cfd60571b827f635a2efee9306c802a2b784f8cb6d65ea7fd3a%3A1765934527%3AMTcyLjE4NC4xNzUuMTQ0, From: subscribe, IPv_Type: ipv6, Location: 美国, ISP: CloudFlare Inc., Date: None, Delay: -1 ms, Speed: 0.00 M/s, Resolution: None
Name: 明珠台, URL: https://stream1.freetv.fun/ming-zhu-5.m3u8, From: subscribe, IPv_Type: ipv6, Location: 美国, ISP: CloudFlare Inc., Date: None, Delay: -1 ms, Speed: 0.00 M/s, Resolution: None
Name: 明珠台, URL: https://mgev.188766.xyz/?migutoken=15a9c595b5348d9d09dd028f328cb506&id=hk_mzt&type=dy, From: subscribe, IPv_Type: ipv6, Location: 美国, ISP: CloudFlare Inc., Date: None, Delay: -1 ms, Speed: 0.00 M/s, Resolution: None
Name: 明珠台, URL: https://live.catvod.com/iptv.php?id=mztsub&token=97186551e94876c474032c5839b9f10f053952895818593991584ef02646f43e%3A1766107501%3AMTI4LjI0LjE2MS4xNzY%3D, From: subscribe, IPv_Type: ipv6, Location: 美国, ISP: CloudFlare Inc., Date: None, Delay: -1 ms, Speed: 0.00 M/s, Resolution: None
Name: 明珠台, URL: http://hls.168.us.kg/u/84/master.m3u8, From: subscribe, IPv_Type: ipv6, Location: 美国, ISP: CloudFlare Inc., Date: None, Delay: -1 ms, Speed: 0.00 M/s, Resolution: None
Name: 明珠台, URL: http://php.jdshipin.com/TVOD/iptv.php?id=mzt, From: subscribe, IPv_Type: ipv6, Location: 美国, ISP: CloudFlare Inc., Date: None, Delay: -1 ms, Speed: 0.00 M/s, Resolution: None
Name: 明珠台, URL: https://mgev.188766.xyz/?migutoken=53fb131d4b05dac846fc06f3cc7a24c7&id=hk_mzt&type=dy, From: subscribe, IPv_Type: ipv6, Location: 美国, ISP: CloudFlare Inc., Date: None, Delay: -1 ms, Speed: 0.00 M/s, Resolution: None
Name: 明珠台, URL: https://live.catvod.com/iptv.php?id=mztsub&token=a6c53485f12c448a4a980f323f4353bfd997eb7cc353a92582894fdf218474f1%3A1766280998%3AMjAuNTEuMjA2Ljgx, From: subscribe, IPv_Type: ipv6, Location: 美国, ISP: CloudFlare Inc., Date: None, Delay: -1 ms, Speed: 0.00 M/s, Resolution: None
Name: 明珠台, URL: https://mgev.188766.xyz/?migutoken=7bb6556a3dc56c1c99e32760fe1426e8&id=hk_mzt&type=dy, From: subscribe, IPv_Type: ipv6, Location: 美国, ISP: CloudFlare Inc., Date: None, Delay: -1 ms, Speed: 0.00 M/s, Resolution: None
Name: 明珠台, URL: https://live.catvod.com/iptv.php?id=mztsub&token=0ddece8276ae1d3db5712072a91863d24627290fd48b24cb8c46d0712fe9e2bc%3A1766453072%3AMjAuMTYxLjY3LjIxMA%3D%3D, From: subscribe, IPv_Type: ipv6, Location: 美国, ISP: CloudFlare Inc., Date: None, Delay: -1 ms, Speed: 0.00 M/s, Resolution: None
Name: 明珠台, URL: https://mgev.188766.xyz/?migutoken=4b4c4e8ecd5d7e4696aa4c8b8148b161&id=hk_mzt&type=dy, From: subscribe, IPv_Type: ipv6, Location: 美国, ISP: CloudFlare Inc., Date: None, Delay: -1 ms, Speed: 0.00 M/s, Resolution: None
Name: 明珠台, URL: https://live.catvod.com/iptv.php?id=mztsub&token=6c9de8420cefa1e07c30cf068a131ed16c7216d4ec729a990e2272bd5770c276%3A1766625897%3ANjguMjIwLjYyLjE4MA%3D%3D, From: subscribe, IPv_Type: ipv6, Location: 美国, ISP: CloudFlare Inc., Date: None, Delay: -1 ms, Speed: 0.00 M/s, Resolution: None
Name: 明珠台, URL: https://mgev.188766.xyz/?migutoken=33fb88b2052ceb553743cc708be78b15&id=hk_mzt&type=dy, From: subscribe, IPv_Type: ipv6, Location: 美国, ISP: CloudFlare Inc., Date: None, Delay: -1 ms, Speed: 0.00 M/s, Resolution: None
Name: 明珠台, URL: https://live.catvod.com/iptv.php?id=mztsub&token=1107e93bd8c6421a43d6b58b3c3c7ac9031290a8a6caf178365a8ba08ec3a42b%3A1766798552%3AMTcyLjIxNC40NC40OQ%3D%3D, From: subscribe, IPv_Type: ipv6, Location: 美国, ISP: CloudFlare Inc., Date: None, Delay: -1 ms, Speed: 0.00 M/s, Resolution: None
Name: 明珠台, URL: https://mgev.188766.xyz/?migutoken=ec012f33c27202ffc9df859397b789ac&id=hk_mzt&type=dy, From: subscribe, IPv_Type: ipv6, Location: 美国, ISP: CloudFlare Inc., Date: None, Delay: -1 ms, Speed: 0.00 M/s, Resolution: None
Name: 明珠台, URL: https://live.catvod.com/iptv.php?id=mztsub, From: subscribe, IPv_Type: ipv6, Location: 美国, ISP: CloudFlare Inc., Date: None, Delay: -1 ms, Speed: 0.00 M/s, Resolution: None
Name: 明珠台, URL: https://mgev.188766.xyz/?migutoken=5c54cd672b7ab12c40ca11099a5635e8&id=hk_mzt&type=dy, From: subscribe, IPv_Type: ipv6, Location: 美国, ISP: CloudFlare Inc., Date: None, Delay: -1 ms, Speed: 0.00 M/s, Resolution: None
Name: 明珠台, URL: https://stream1.freetv.fun/ming-zhu-9.m3u8, From: subscribe, IPv_Type: ipv6, Location: 美国, ISP: CloudFlare Inc., Date: None, Delay: -1 ms, Speed: 0.00 M/s, Resolution: None
Name: 明珠台, URL: https://mgev.188766.xyz/?migutoken=00d9ad7e8b9e1741818a9974c2d507a3&id=hk_mzt&type=dy, From: subscribe, IPv_Type: ipv6, Location: 美国, ISP: CloudFlare Inc., Date: None, Delay: -1 ms, Speed: 0.00 M/s, Resolution: None
Name: 明珠台, URL: https://mgev.188766.xyz/?migutoken=61acbcd20868efed0bf14ae76f5127aa&id=hk_mzt&type=dy, From: subscribe, IPv_Type: ipv6, Location: 美国, ISP: CloudFlare Inc., Date: None, Delay: -1 ms, Speed: 0.00 M/s, Resolution: None
Name: 明珠台, URL: https://mgev.188766.xyz/?migutoken=26a69608bc1f04d54cdf4ada27a9f795&id=hk_mzt&type=dy, From: subscribe, IPv_Type: ipv6, Location: 美国, ISP: CloudFlare Inc., Date: None, Delay: -1 ms, Speed: 0.00 M/s, Resolution: None
Name: 明珠台, URL: https://t.freetv.fun/live/ming-zhu-1.m3u8, From: subscribe, IPv_Type: ipv6, Location: 美国, ISP: CloudFlare Inc., Date: None, Delay: -1 ms, Speed: 0.00 M/s, Resolution: None
Name: 明珠台, URL: https://t.freetv.fun/live/ming-zhu-2.m3u8, From: subscribe, IPv_Type: ipv6, Location: 美国, ISP: CloudFlare Inc., Date: None, Delay: -1 ms, Speed: 0.00 M/s, Resolution: None
Name: 明珠台, URL: https://t.freetv.fun/live/ming-zhu-3.php, From: subscribe, IPv_Type: ipv6, Location: 美国, ISP: CloudFlare Inc., Date: None, Delay: -1 ms, Speed: 0.00 M/s, Resolution: None
Name: 明珠台, URL: https://t.freetv.fun/live/ming-zhu-4.m3u8, From: subscribe, IPv_Type: ipv6, Location: 美国, ISP: CloudFlare Inc., Date: None, Delay: -1 ms, Speed: 0.00 M/s, Resolution: None
Name: 明珠台, URL: https://t.freetv.fun/live/ming-zhu-8.ts, From: subscribe, IPv_Type: ipv6, Location: 美国, ISP: CloudFlare Inc., Date: None, Delay: -1 ms, Speed: 0.00 M/s, Resolution: None
Name: 明珠台, URL: https://t.freetv.fun/live/ming-zhu-9.ts, From: subscribe, IPv_Type: ipv6, Location: 美国, ISP: CloudFlare Inc., Date: None, Delay: -1 ms, Speed: 0.00 M/s, Resolution: None
Name: 明珠台, URL: https://t.freetv.fun/live/ming-zhu.php, From: subscribe, IPv_Type: ipv6, Location: 美国, ISP: CloudFlare Inc., Date: None, Delay: -1 ms, Speed: 0.00 M/s, Resolution: None
Name: 明珠台, URL: https://mgev.188766.xyz/?migutoken=e840a52aaf3dfe9fbac83f826bfce906&id=hk_mzt&type=dy, From: subscribe, IPv_Type: ipv6, Location: 美国, ISP: CloudFlare Inc., Date: None, Delay: -1 ms, Speed: 0.00 M/s, Resolution: None
Name: 明珠台, URL: https://mgev.188766.xyz/?migutoken=de871a406b0b78a51c0784a02ea668bb&id=hk_mzt&type=dy, From: subscribe, IPv_Type: ipv6, Location: 美国, ISP: CloudFlare Inc., Date: None, Delay: -1 ms, Speed: 0.00 M/s, Resolution: None
Name: 明珠台, URL: https://mgev.188766.xyz/?migutoken=48a67f44b642676c974ab7077d4472e5&id=hk_mzt&type=dy, From: subscribe, IPv_Type: ipv6, Location: 美国, ISP: CloudFlare Inc., Date: None, Delay: -1 ms, Speed: 0.00 M/s, Resolution: None
Name: 明珠台, URL: https://mgev.188766.xyz/?migutoken=9b3a43c34e48ab3f9972b64740128a5b&id=hk_mzt&type=dy, From: subscribe, IPv_Type: ipv6, Location: 美国, ISP: CloudFlare Inc., Date: None, Delay: -1 ms, Speed: 0.00 M/s, Resolution: None
Name: 明珠台, URL: https://mgev.188766.xyz/?migutoken=aa134813480b0241f3fbc8bd320c1104&id=hk_mzt&type=dy, From: subscribe, IPv_Type: ipv6, Location: 美国, ISP: CloudFlare Inc., Date: None, Delay: -1 ms, Speed: 0.00 M/s, Resolution: None
Name: 明珠台, URL: https://t.freetv.fun/live/ming-zhu-2.php, From: subscribe, IPv_Type: ipv6, Location: 美国, ISP: CloudFlare Inc., Date: None, Delay: -1 ms, Speed: 0.00 M/s, Resolution: None
Name: 明珠台, URL: https://t.freetv.fun/live/ming-zhu-3.m3u8, From: subscribe, IPv_Type: ipv6, Location: 美国, ISP: CloudFlare Inc., Date: None, Delay: -1 ms, Speed: 0.00 M/s, Resolution: None
Name: 明珠台, URL: https://mgev.188766.xyz/?migutoken=0043716cbca7428b74ac96c9cea06bd1&id=hk_mzt&type=dy, From: subscribe, IPv_Type: ipv6, Location: 美国, ISP: CloudFlare Inc., Date: None, Delay: -1 ms, Speed: 0.00 M/s, Resolution: None
Name: 明珠台, URL: https://mgev.188766.xyz/?migutoken=e045a3f452d2fe893816030a5e1bcabb&id=hk_mzt&type=dy, From: subscribe, IPv_Type: ipv6, Location: 美国, ISP: CloudFlare Inc., Date: None, Delay: -1 ms, Speed: 0.00 M/s, Resolution: None
Name: 明珠台, URL: https://t.freetv.fun/live/ming-zhu-5.php, From: subscribe, IPv_Type: ipv6, Location: 美国, ISP: CloudFlare Inc., Date: None, Delay: -1 ms, Speed: 0.00 M/s, Resolution: None
Name: 明珠台, URL: https://o11.163189.xyz/stream/tvb/mzt/, From: subscribe, IPv_Type: ipv6, Location: 美国, ISP: CloudFlare Inc., Date: None, Delay: -1 ms, Speed: 0.00 M/s, Resolution: None
Name: 明珠台, URL: https://mgev.188766.xyz/?migutoken=77874a124825e508168f7d0535099f4c&id=hk_mzt&type=dy, From: subscribe, IPv_Type: ipv6, Location: 美国, ISP: CloudFlare Inc., Date: None, Delay: -1 ms, Speed: 0.00 M/s, Resolution: None
Name: 明珠台, URL: https://smt.1678520.xyz/smt3.2.1.php?id=pearl_twn, From: subscribe, IPv_Type: ipv6, Location: 美国, ISP: CloudFlare Inc., Date: None, Delay: -1 ms, Speed: 0.00 M/s, Resolution: None
Name: 明珠台, URL: https://t.freetv.fun/live/ming-zhu-6.m3u8, From: subscribe, IPv_Type: ipv6, Location: 美国, ISP: CloudFlare Inc., Date: None, Delay: -1 ms, Speed: 0.00 M/s, Resolution: None
Name: 明珠台, URL: https://t.freetv.fun/live/ming-zhu-7.php, From: subscribe, IPv_Type: ipv6, Location: 美国, ISP: CloudFlare Inc., Date: None, Delay: -1 ms, Speed: 0.00 M/s, Resolution: None
Name: 明珠台, URL: https://mgev.188766.xyz/?migutoken=6b53b1c9e821462f457320ff7347483d&id=hk_mzt&type=dy, From: subscribe, IPv_Type: ipv6, Location: 美国, ISP: CloudFlare Inc., Date: None, Delay: -1 ms, Speed: 0.00 M/s, Resolution: None
Name: 明珠台, URL: https://t.freetv.fun/live/ming-zhu-6.php, From: subscribe, IPv_Type: ipv6, Location: 美国, ISP: CloudFlare Inc., Date: None, Delay: -1 ms, Speed: 0.00 M/s, Resolution: None
Name: 明珠台, URL: https://mgev.188766.xyz/?migutoken=a68f6d7fbbcd7285da299758a8995a8b&id=hk_mzt&type=dy, From: subscribe, IPv_Type: ipv6, Location: 美国, ISP: CloudFlare Inc., Date: None, Delay: -1 ms, Speed: 0.00 M/s, Resolution: None
Name: 明珠台, URL: https://t.freetv.fun/live/ming-zhu-8.m3u8, From: subscribe, IPv_Type: ipv6, Location: 美国, ISP: CloudFlare Inc., Date: None, Delay: -1 ms, Speed: 0.00 M/s, Resolution: None
Name: 明珠台, URL: https://mgev.188766.xyz/?migutoken=1e0330dad305b8443656192fe417ebc5&id=hk_mzt&type=dy, From: subscribe, IPv_Type: ipv6, Location: 美国, ISP: CloudFlare Inc., Date: None, Delay: -1 ms, Speed: 0.00 M/s, Resolution: None
Name: 明珠台, URL: https://mgev.188766.xyz/?migutoken=f85b27b00481b8f721865d89e57f7817&id=hk_mzt&type=dy, From: subscribe, IPv_Type: ipv6, Location: 美国, ISP: CloudFlare Inc., Date: None, Delay: -1 ms, Speed: 0.00 M/s, Resolution: None
Name: 明珠台, URL: https://mgev.188766.xyz/?migutoken=1932c170ed3a604685f4acad35297c57&id=hk_mzt&type=dy, From: subscribe, IPv_Type: ipv6, Location: 美国, ISP: CloudFlare Inc., Date: None, Delay: -1 ms, Speed: 0.00 M/s, Resolution: None
Name: 明珠台, URL: https://live.catvod.com/live.php?id=mztsub, From: subscribe, IPv_Type: ipv6, Location: 美国, ISP: CloudFlare Inc., Date: None, Delay: -1 ms, Speed: 0.00 M/s, Resolution: None
Name: 明珠台, URL: https://live.catvod.com/live.php?id=mzt002, From: subscribe, IPv_Type: ipv6, Location: 美国, ISP: CloudFlare Inc., Date: None, Delay: -1 ms, Speed: 0.00 M/s, Resolution: None
Name: 凤凰中文, URL: https://k44991.kylintv.tv/live/pxna_iphone.m3u8, From: subscribe, IPv_Type: ipv6, Location: 美国-德克萨斯州-奥斯汀, ISP: Confluence-Networks, Date: None, Delay: 168 ms, Speed: 15.04 M/s, Resolution: 1920x1080
Name: 凤凰中文, URL: http://cdn5.1678520.xyz/live/live2.1.php?id=fhzw, From: subscribe, IPv_Type: ipv6, Location: 美国, ISP: CloudFlare Inc., Date: None, Delay: -1 ms, Speed: 0.00 M/s, Resolution: None
Name: 凤凰中文, URL: https://cdn6.101.qzz.io/163189/fhzw, From: subscribe, IPv_Type: ipv6, Location: 美国, ISP: CloudFlare Inc., Date: None, Delay: 144 ms, Speed: 38.79 M/s, Resolution: None
Name: 凤凰中文, URL: https://migu.188766.xyz/?migutoken=f78136d4dd8438dbb97b04b94a5fd3df&id=fhzw&pp=1, From: subscribe, IPv_Type: ipv6, Location: 美国, ISP: CloudFlare Inc., Date: None, Delay: -1 ms, Speed: 0.00 M/s, Resolution: None
Name: 凤凰中文, URL: https://migu.188766.xyz/?migutoken=68eb09318e779dea73c01892e823e841&id=hk_fhzw&type=dy, From: subscribe, IPv_Type: ipv6, Location: 美国, ISP: CloudFlare Inc., Date: None, Delay: -1 ms, Speed: 0.00 M/s, Resolution: None
Name: 凤凰中文, URL: http://cdn6.163189.xyz/163189/fhzw, From: subscribe, IPv_Type: ipv6, Location: 新加坡, ISP: Aceville Pte.Ltd., Date: None, Delay: -1 ms, Speed: 0.00 M/s, Resolution: None
Name: 凤凰中文, URL: https://mgev.188766.xyz/?migutoken=f886622fbd97c914a4233142c71ccbe2&id=fhzw&pp=1, From: subscribe, IPv_Type: ipv6, Location: 美国, ISP: CloudFlare Inc., Date: None, Delay: -1 ms, Speed: 0.00 M/s, Resolution: None
Name: 凤凰中文, URL: https://mgev.188766.xyz/?migutoken=e1f6ff7628141532ef1b5cec64e1f79a&id=hk_fhzw&type=dy, From: subscribe, IPv_Type: ipv6, Location: 美国, ISP: CloudFlare Inc., Date: None, Delay: -1 ms, Speed: 0.00 M/s, Resolution: None
Name: 凤凰中文, URL: https://mgev.188766.xyz/?migutoken=e394552a624627ead459483a18f4cd86&id=fhzw&pp=1, From: subscribe, IPv_Type: ipv6, Location: 美国, ISP: CloudFlare Inc., Date: None, Delay: -1 ms, Speed: 0.00 M/s, Resolution: None
Name: 凤凰中文, URL: https://mgev.188766.xyz/?migutoken=09bcb25f3365fca968e2c1d64561d894&id=hk_fhzw&type=dy, From: subscribe, IPv_Type: ipv6, Location: 美国, ISP: CloudFlare Inc., Date: None, Delay: -1 ms, Speed: 0.00 M/s, Resolution: None
Name: 凤凰中文, URL: https://mgev.188766.xyz/?migutoken=27937bb4f59e7ccf888bab529bcccb09&id=fhzw&pp=1, From: subscribe, IPv_Type: ipv6, Location: 美国, ISP: CloudFlare Inc., Date: None, Delay: -1 ms, Speed: 0.00 M/s, Resolution: None
Name: 凤凰中文, URL: https://mgev.188766.xyz/?migutoken=0447c4cbb5b59de9eb3c785abcecb5d4&id=hk_fhzw&type=dy, From: subscribe, IPv_Type: ipv6, Location: 美国, ISP: CloudFlare Inc., Date: None, Delay: -1 ms, Speed: 0.00 M/s, Resolution: None
Name: 凤凰中文, URL: https://mgev.188766.xyz/?migutoken=4c8e2b0ec6c655d6208e100a6a091572&id=fhzw&pp=1, From: subscribe, IPv_Type: ipv6, Location: 美国, ISP: CloudFlare Inc., Date: None, Delay: -1 ms, Speed: 0.00 M/s, Resolution: None
Name: 凤凰中文, URL: https://mgev.188766.xyz/?migutoken=1ba54abb1e7937c1e9fc08ec665725af&id=hk_fhzw&type=dy, From: subscribe, IPv_Type: ipv6, Location: 美国, ISP: CloudFlare Inc., Date: None, Delay: -1 ms, Speed: 0.00 M/s, Resolution: None
Name: 凤凰中文, URL: https://mgev.188766.xyz/?migutoken=5300a2ffc0d79c7d40ee12255109ca33&id=fhzw&pp=1, From: subscribe, IPv_Type: ipv6, Location: 美国, ISP: CloudFlare Inc., Date: None, Delay: -1 ms, Speed: 0.00 M/s, Resolution: None
Name: 凤凰中文, URL: https://mgev.188766.xyz/?migutoken=133dd7109246d16d3b80415817b82c10&id=hk_fhzw&type=dy, From: subscribe, IPv_Type: ipv6, Location: 美国, ISP: CloudFlare Inc., Date: None, Delay: -1 ms, Speed: 0.00 M/s, Resolution: None
Name: 凤凰中文, URL: https://stream1.freetv.fun/feng-huang-zhong-wen-4.ctv, From: subscribe, IPv_Type: ipv6, Location: 美国, ISP: CloudFlare Inc., Date: None, Delay: -1 ms, Speed: 0.00 M/s, Resolution: None
Name: 凤凰中文, URL: https://mgev.188766.xyz/?migutoken=a824fe91ca2f97ab2d6a986c748170e0&id=fhzw&pp=1, From: subscribe, IPv_Type: ipv6, Location: 美国, ISP: CloudFlare Inc., Date: None, Delay: -1 ms, Speed: 0.00 M/s, Resolution: None
Name: 凤凰中文, URL: https://mgev.188766.xyz/?migutoken=5d430ab865f638eba5fb85f889c18f39&id=hk_fhzw&type=dy, From: subscribe, IPv_Type: ipv6, Location: 美国, ISP: CloudFlare Inc., Date: None, Delay: -1 ms, Speed: 0.00 M/s, Resolution: None
Name: 凤凰中文, URL: https://mgev.188766.xyz/?migutoken=442b74b6732c0dce55bf059560846873&id=fhzw&pp=1, From: subscribe, IPv_Type: ipv6, Location: 美国, ISP: CloudFlare Inc., Date: None, Delay: -1 ms, Speed: 0.00 M/s, Resolution: None
Name: 凤凰中文, URL: https://mgev.188766.xyz/?migutoken=7731239a1f253a9827ffa1143a1e40db&id=hk_fhzw&type=dy, From: subscribe, IPv_Type: ipv6, Location: 美国, ISP: CloudFlare Inc., Date: None, Delay: -1 ms, Speed: 0.00 M/s, Resolution: None
Name: 凤凰中文, URL: https://mgev.188766.xyz/?migutoken=e1d4d736d68fb87823a5e235267630cf&id=fhzw&pp=1, From: subscribe, IPv_Type: ipv6, Location: 美国, ISP: CloudFlare Inc., Date: None, Delay: -1 ms, Speed: 0.00 M/s, Resolution: None
Name: 凤凰中文, URL: https://mgev.188766.xyz/?migutoken=eeb9c96770f27df8caaad0bab11e8558&id=hk_fhzw&type=dy, From: subscribe, IPv_Type: ipv6, Location: 美国, ISP: CloudFlare Inc., Date: None, Delay: -1 ms, Speed: 0.00 M/s, Resolution: None
Name: 凤凰中文, URL: https://cdn6.163189.xyz/163189/fhzw, From: subscribe, IPv_Type: ipv6, Location: 新加坡, ISP: Aceville Pte.Ltd., Date: None, Delay: -1 ms, Speed: 0.00 M/s, Resolution: None
Name: 凤凰中文, URL: https://mgev.188766.xyz/?migutoken=0e380dc6797a62395546a87128228d5f&id=fhzw&pp=1, From: subscribe, IPv_Type: ipv6, Location: 美国, ISP: CloudFlare Inc., Date: None, Delay: -1 ms, Speed: 0.00 M/s, Resolution: None
Name: 凤凰中文, URL: https://mgev.188766.xyz/?migutoken=5baf247fcd52f4d1a3bb3f917656807f&id=hk_fhzw&type=dy, From: subscribe, IPv_Type: ipv6, Location: 美国, ISP: CloudFlare Inc., Date: None, Delay: -1 ms, Speed: 0.00 M/s, Resolution: None
Name: 凤凰中文, URL: http://api.kkitv.itv888.vip:8080/streams/vny1wblsnch/index.m3u8, From: subscribe, IPv_Type: ipv6, Location: 美国, ISP: CloudFlare Inc., Date: None, Delay: -1 ms, Speed: 0.00 M/s, Resolution: None
Name: 凤凰中文, URL: https://mgev.188766.xyz/?migutoken=b4afeab843c626b8ac7e3a46e39985be&id=fhzw&pp=1, From: subscribe, IPv_Type: ipv6, Location: 美国, ISP: CloudFlare Inc., Date: None, Delay: -1 ms, Speed: 0.00 M/s, Resolution: None
Name: 凤凰中文, URL: https://mgev.188766.xyz/?migutoken=8668aeddbb3f5bef4cd279b12be09727&id=hk_fhzw&type=dy, From: subscribe, IPv_Type: ipv6, Location: 美国, ISP: CloudFlare Inc., Date: None, Delay: -1 ms, Speed: 0.00 M/s, Resolution: None
Name: 凤凰中文, URL: https://mgev.188766.xyz/?migutoken=73e231ffb7d6dab966af5072592cdfb9&id=fhzw&pp=1, From: subscribe, IPv_Type: ipv6, Location: 美国, ISP: CloudFlare Inc., Date: None, Delay: -1 ms, Speed: 0.00 M/s, Resolution: None
Name: 凤凰中文, URL: https://mgev.188766.xyz/?migutoken=30b2e32dfe0e05c253edb36d16a5a89a&id=hk_fhzw&type=dy, From: subscribe, IPv_Type: ipv6, Location: 美国, ISP: CloudFlare Inc., Date: None, Delay: -1 ms, Speed: 0.00 M/s, Resolution: None
Name: 凤凰中文, URL: https://mgev.188766.xyz/?migutoken=42633046a618a2b1133b699f11e8a7c6&id=fhzw&pp=1, From: subscribe, IPv_Type: ipv6, Location: 美国, ISP: CloudFlare Inc., Date: None, Delay: -1 ms, Speed: 0.00 M/s, Resolution: None
Name: 凤凰中文, URL: https://mgev.188766.xyz/?migutoken=54098d8470726555b391b735686709df&id=hk_fhzw&type=dy, From: subscribe, IPv_Type: ipv6, Location: 美国, ISP: CloudFlare Inc., Date: None, Delay: -1 ms, Speed: 0.00 M/s, Resolution: None
Name: 凤凰中文, URL: http://smt.veryfast.filegear-sg.me/smt3.2.1.php?id=phoenixtv_hd, From: subscribe, IPv_Type: ipv6, Location: 新加坡, ISP: Aceville Pte.Ltd., Date: None, Delay: -1 ms, Speed: 0.00 M/s, Resolution: None
Name: 凤凰中文, URL: https://mgev.188766.xyz/?migutoken=bd8c42afada62add75a152d045b2d7e6&id=fhzw&pp=1, From: subscribe, IPv_Type: ipv6, Location: 美国, ISP: CloudFlare Inc., Date: None, Delay: -1 ms, Speed: 0.00 M/s, Resolution: None
Name: 凤凰中文, URL: https://mgev.188766.xyz/?migutoken=347e42befbd26f105c2fe1320d6a9a21&id=hk_fhzw&type=dy, From: subscribe, IPv_Type: ipv6, Location: 美国, ISP: CloudFlare Inc., Date: None, Delay: -1 ms, Speed: 0.00 M/s, Resolution: None
Name: 凤凰中文, URL: https://mgev.188766.xyz/?migutoken=0451957317bed61e09b5b785e9eac1d5&id=fhzw&pp=1, From: subscribe, IPv_Type: ipv6, Location: 美国, ISP: CloudFlare Inc., Date: None, Delay: -1 ms, Speed: 0.00 M/s, Resolution: None
Name: 凤凰中文, URL: https://mgev.188766.xyz/?migutoken=0224b1dd1fdc41636947e27e5e4e9739&id=hk_fhzw&type=dy, From: subscribe, IPv_Type: ipv6, Location: 美国, ISP: CloudFlare Inc., Date: None, Delay: -1 ms, Speed: 0.00 M/s, Resolution: None
Name: 凤凰中文, URL: https://mgev.188766.xyz/?migutoken=0cdd40606368f33c9c588d65872cee7a&id=fhzw&pp=1, From: subscribe, IPv_Type: ipv6, Location: 美国, ISP: CloudFlare Inc., Date: None, Delay: -1 ms, Speed: 0.00 M/s, Resolution: None
Name: 凤凰中文, URL: https://mgev.188766.xyz/?migutoken=31e78b1e690b64cd03437d6022a25072&id=hk_fhzw&type=dy, From: subscribe, IPv_Type: ipv6, Location: 美国, ISP: CloudFlare Inc., Date: None, Delay: -1 ms, Speed: 0.00 M/s, Resolution: None
Name: 凤凰中文, URL: https://mgev.188766.xyz/?migutoken=18f2fd9289c7405c6c81962f16b977ba&id=fhzw&pp=1, From: subscribe, IPv_Type: ipv6, Location: 美国, ISP: CloudFlare Inc., Date: None, Delay: -1 ms, Speed: 0.00 M/s, Resolution: None
Name: 凤凰中文, URL: https://mgev.188766.xyz/?migutoken=4e3faf97ea143685d2560107ca82ec8b&id=hk_fhzw&type=dy, From: subscribe, IPv_Type: ipv6, Location: 美国, ISP: CloudFlare Inc., Date: None, Delay: -1 ms, Speed: 0.00 M/s, Resolution: None
Name: 凤凰中文, URL: http://k.061899.xyz/k.php?id=fhzw, From: subscribe, IPv_Type: ipv6, Location: 新加坡, ISP: Aceville Pte.Ltd., Date: None, Delay: -1 ms, Speed: 0.00 M/s, Resolution: None
Name: 凤凰中文, URL: https://5.edge.101.qzz.io/smt3.2.1.php?id=phoenixtv_hd, From: subscribe, IPv_Type: ipv6, Location: 新加坡, ISP: Aceville Pte.Ltd., Date: None, Delay: -1 ms, Speed: 0.00 M/s, Resolution: None
Name: 凤凰中文, URL: https://mgev.188766.xyz/?migutoken=33d097fdc43f959564e5c6252de03dd2&id=fhzw&pp=1, From: subscribe, IPv_Type: ipv6, Location: 美国, ISP: CloudFlare Inc., Date: None, Delay: -1 ms, Speed: 0.00 M/s, Resolution: None
Name: 凤凰中文, URL: https://mgev.188766.xyz/?migutoken=888c81861e37d7040da05650635aa5bb&id=hk_fhzw&type=dy, From: subscribe, IPv_Type: ipv6, Location: 美国, ISP: CloudFlare Inc., Date: None, Delay: -1 ms, Speed: 0.00 M/s, Resolution: None
Name: 凤凰中文, URL: https://mgev.188766.xyz/?migutoken=865e3cde439262bcefed95bc465d0486&id=fhzw&pp=1, From: subscribe, IPv_Type: ipv6, Location: 美国, ISP: CloudFlare Inc., Date: None, Delay: -1 ms, Speed: 0.00 M/s, Resolution: None
Name: 凤凰中文, URL: https://mgev.188766.xyz/?migutoken=2fdf92d3bfb6700dcee63a3ba0bb80cf&id=hk_fhzw&type=dy, From: subscribe, IPv_Type: ipv6, Location: 美国, ISP: CloudFlare Inc., Date: None, Delay: -1 ms, Speed: 0.00 M/s, Resolution: None
Name: 凤凰中文, URL: https://mgev.188766.xyz/?migutoken=809e74acaf4797401fb533f4127643c0&id=fhzw&pp=1, From: subscribe, IPv_Type: ipv6, Location: 美国, ISP: CloudFlare Inc., Date: None, Delay: -1 ms, Speed: 0.00 M/s, Resolution: None
Name: 凤凰中文, URL: https://mgev.188766.xyz/?migutoken=53361b66a176e72e4bc6c19782ccc258&id=hk_fhzw&type=dy, From: subscribe, IPv_Type: ipv6, Location: 美国, ISP: CloudFlare Inc., Date: None, Delay: -1 ms, Speed: 0.00 M/s, Resolution: None
Name: 凤凰中文, URL: https://mgev.188766.xyz/?migutoken=9563c9a5656d7951ce05a39824a49e5c&id=fhzw&pp=1, From: subscribe, IPv_Type: ipv6, Location: 美国, ISP: CloudFlare Inc., Date: None, Delay: -1 ms, Speed: 0.00 M/s, Resolution: None
Name: 凤凰中文, URL: https://mgev.188766.xyz/?migutoken=692a3536ed3720d0520cfc1ec0542a71&id=hk_fhzw&type=dy, From: subscribe, IPv_Type: ipv6, Location: 美国, ISP: CloudFlare Inc., Date: None, Delay: -1 ms, Speed: 0.00 M/s, Resolution: None
Name: 凤凰中文, URL: https://mgev.188766.xyz/?migutoken=d9a360a386a4861481239c5e54474f28&id=fhzw&pp=1, From: subscribe, IPv_Type: ipv6, Location: 美国, ISP: CloudFlare Inc., Date: None, Delay: -1 ms, Speed: 0.00 M/s, Resolution: None
Name: 凤凰中文, URL: https://mgev.188766.xyz/?migutoken=d253079827d184877525e0c4e1f7f7ff&id=hk_fhzw&type=dy, From: subscribe, IPv_Type: ipv6, Location: 美国, ISP: CloudFlare Inc., Date: None, Delay: -1 ms, Speed: 0.00 M/s, Resolution: None
Name: 凤凰中文, URL: https://mgev.188766.xyz/?migutoken=28303b55501d0fea992fe20edf0c9c43&id=fhzw&pp=1, From: subscribe, IPv_Type: ipv6, Location: 美国, ISP: CloudFlare Inc., Date: None, Delay: -1 ms, Speed: 0.00 M/s, Resolution: None
Name: 凤凰中文, URL: https://mgev.188766.xyz/?migutoken=57e2d248772108d2af9b0741ba3932a5&id=hk_fhzw&type=dy, From: subscribe, IPv_Type: ipv6, Location: 美国, ISP: CloudFlare Inc., Date: None, Delay: -1 ms, Speed: 0.00 M/s, Resolution: None
Name: 凤凰中文, URL: https://mgev.188766.xyz/?migutoken=91df1b70e0509122cab788f5b9e873e9&id=fhzw&pp=1, From: subscribe, IPv_Type: ipv6, Location: 美国, ISP: CloudFlare Inc., Date: None, Delay: -1 ms, Speed: 0.00 M/s, Resolution: None
Name: 凤凰中文, URL: https://mgev.188766.xyz/?migutoken=6bef7fd3d8fa054a4e3388b55699df16&id=hk_fhzw&type=dy, From: subscribe, IPv_Type: ipv6, Location: 美国, ISP: CloudFlare Inc., Date: None, Delay: -1 ms, Speed: 0.00 M/s, Resolution: None
Name: 凤凰中文, URL: https://mgev.188766.xyz/?migutoken=b1d04c494f4804f95fce2b1a3d5a2de8&id=fhzw&pp=1, From: subscribe, IPv_Type: ipv6, Location: 美国, ISP: CloudFlare Inc., Date: None, Delay: -1 ms, Speed: 0.00 M/s, Resolution: None
Name: 凤凰中文, URL: https://mgev.188766.xyz/?migutoken=d9b9062522f22d91c55daae2abb5f97d&id=hk_fhzw&type=dy, From: subscribe, IPv_Type: ipv6, Location: 美国, ISP: CloudFlare Inc., Date: None, Delay: -1 ms, Speed: 0.00 M/s, Resolution: None
Name: 凤凰中文, URL: https://mgev.188766.xyz/?migutoken=b857c7468b60359d97b6d5cb18b98b59&id=fhzw&pp=1, From: subscribe, IPv_Type: ipv6, Location: 美国, ISP: CloudFlare Inc., Date: None, Delay: -1 ms, Speed: 0.00 M/s, Resolution: None
Name: 凤凰中文, URL: https://mgev.188766.xyz/?migutoken=611562fb43a563000b34a9d342b3cb29&id=hk_fhzw&type=dy, From: subscribe, IPv_Type: ipv6, Location: 美国, ISP: CloudFlare Inc., Date: None, Delay: -1 ms, Speed: 0.00 M/s, Resolution: None
Name: 凤凰中文, URL: https://mgev.188766.xyz/?migutoken=abf46e4f516337851f835e5375a57981&id=fhzw&pp=1, From: subscribe, IPv_Type: ipv6, Location: 美国, ISP: CloudFlare Inc., Date: None, Delay: -1 ms, Speed: 0.00 M/s, Resolution: None
Name: 凤凰中文, URL: https://mgev.188766.xyz/?migutoken=6fb7f92665498a1f6b5febe28f93a7ca&id=hk_fhzw&type=dy, From: subscribe, IPv_Type: ipv6, Location: 美国, ISP: CloudFlare Inc., Date: None, Delay: -1 ms, Speed: 0.00 M/s, Resolution: None
Name: 凤凰中文, URL: https://mgev.188766.xyz/?migutoken=ee54ff7cb029edf09c3c3416d011cf84&id=fhzw&pp=1, From: subscribe, IPv_Type: ipv6, Location: 美国, ISP: CloudFlare Inc., Date: None, Delay: -1 ms, Speed: 0.00 M/s, Resolution: None
Name: 凤凰中文, URL: https://mgev.188766.xyz/?migutoken=4afdb9259b4121873770f67256ffd8fd&id=hk_fhzw&type=dy, From: subscribe, IPv_Type: ipv6, Location: 美国, ISP: CloudFlare Inc., Date: None, Delay: -1 ms, Speed: 0.00 M/s, Resolution: None
Name: 凤凰中文, URL: https://cdn.iptv8k.top/dl/jrys.php?id=19&time=20240926215313&ip=111.229.253.40, From: subscribe, IPv_Type: ipv4, Location: 美国, ISP: CloudFlare节点, Date: None, Delay: 10 ms, Speed: 31.18 M/s, Resolution: 1920x1080
Name: 凤凰资讯, URL: http://cdn5.1678520.xyz/live/live2.1.php?id=fhzx, From: subscribe, IPv_Type: ipv6, Location: 美国, ISP: CloudFlare Inc., Date: None, Delay: -1 ms, Speed: 0.00 M/s, Resolution: None
Name: 凤凰资讯, URL: http://php.jdshipin.com/TVOD/iptv.php?id=fhzx2, From: subscribe, IPv_Type: ipv6, Location: 美国, ISP: CloudFlare Inc., Date: None, Delay: 296 ms, Speed: 7.37 M/s, Resolution: 1920x1080
Name: 凤凰资讯, URL: https://k44991.kylintv.tv/live/pxinhd_iphone.m3u8, From: subscribe, IPv_Type: ipv6, Location: 美国-德克萨斯州-奥斯汀, ISP: Confluence-Networks, Date: None, Delay: 179 ms, Speed: 15.17 M/s, Resolution: 1920x1080
Name: 凤凰资讯, URL: https://cdn6.101.qzz.io/163189/fhzx, From: subscribe, IPv_Type: ipv6, Location: 美国, ISP: CloudFlare Inc., Date: None, Delay: 107 ms, Speed: 56.36 M/s, Resolution: None
Name: 凤凰资讯, URL: https://migu.188766.xyz/?migutoken=33200471900af2c3934ad9c1de8c94f9&id=fhzx&pp=1, From: subscribe, IPv_Type: ipv6, Location: 美国, ISP: CloudFlare Inc., Date: None, Delay: -1 ms, Speed: 0.00 M/s, Resolution: None
Name: 凤凰资讯, URL: https://migu.188766.xyz/?migutoken=6dbead9a4138587978f5fb8beb4e6970&id=hk_fhzx&type=dy, From: subscribe, IPv_Type: ipv6, Location: 美国, ISP: CloudFlare Inc., Date: None, Delay: -1 ms, Speed: 0.00 M/s, Resolution: None
Name: 凤凰资讯, URL: https://mgev.188766.xyz/?migutoken=5305a82563522f037212618b599999f2&id=fhzx&pp=1, From: subscribe, IPv_Type: ipv6, Location: 美国, ISP: CloudFlare Inc., Date: None, Delay: -1 ms, Speed: 0.00 M/s, Resolution: None
Name: 凤凰资讯, URL: https://mgev.188766.xyz/?migutoken=9a35a12589defe59c79fa25618178c45&id=hk_fhzx&type=dy, From: subscribe, IPv_Type: ipv6, Location: 美国, ISP: CloudFlare Inc., Date: None, Delay: -1 ms, Speed: 0.00 M/s, Resolution: None
Name: 凤凰资讯, URL: http://api.kkitv.itv888.vip:8080/streams/wzt3qbit80m/index.m3u8, From: subscribe, IPv_Type: ipv6, Location: 美国, ISP: CloudFlare Inc., Date: None, Delay: -1 ms, Speed: 0.00 M/s, Resolution: None
Name: 凤凰资讯, URL: https://mgev.188766.xyz/?migutoken=a533884a80db07f1226671c268297d8a&id=fhzx&pp=1, From: subscribe, IPv_Type: ipv6, Location: 美国, ISP: CloudFlare Inc., Date: None, Delay: -1 ms, Speed: 0.00 M/s, Resolution: None
Name: 凤凰资讯, URL: https://mgev.188766.xyz/?migutoken=e4dfd90049a5257f60bf0bb7fd118311&id=hk_fhzx&type=dy, From: subscribe, IPv_Type: ipv6, Location: 美国, ISP: CloudFlare Inc., Date: None, Delay: -1 ms, Speed: 0.00 M/s, Resolution: None
Name: 凤凰资讯, URL: https://mgev.188766.xyz/?migutoken=8b7c5627a0b5c2f4953f2529f834c8eb&id=fhzx&pp=1, From: subscribe, IPv_Type: ipv6, Location: 美国, ISP: CloudFlare Inc., Date: None, Delay: -1 ms, Speed: 0.00 M/s, Resolution: None
Name: 凤凰资讯, URL: https://mgev.188766.xyz/?migutoken=9f9641380ad3c2efc499555c7b08fa8d&id=hk_fhzx&type=dy, From: subscribe, IPv_Type: ipv6, Location: 美国, ISP: CloudFlare Inc., Date: None, Delay: -1 ms, Speed: 0.00 M/s, Resolution: None
Name: 凤凰资讯, URL: https://mgev.188766.xyz/?migutoken=bb54ff9853cc417dc000b78afe5e2420&id=fhzx&pp=1, From: subscribe, IPv_Type: ipv6, Location: 美国, ISP: CloudFlare Inc., Date: None, Delay: -1 ms, Speed: 0.00 M/s, Resolution: None
Name: 凤凰资讯, URL: https://mgev.188766.xyz/?migutoken=1325fe707653be53cfbfda81d4c29a7b&id=hk_fhzx&type=dy, From: subscribe, IPv_Type: ipv6, Location: 美国, ISP: CloudFlare Inc., Date: None, Delay: -1 ms, Speed: 0.00 M/s, Resolution: None
Name: 凤凰资讯, URL: https://mgev.188766.xyz/?migutoken=b8a0004f85ee481cd1a93acd917e4993&id=fhzx&pp=1, From: subscribe, IPv_Type: ipv6, Location: 美国, ISP: CloudFlare Inc., Date: None, Delay: -1 ms, Speed: 0.00 M/s, Resolution: None
Name: 凤凰资讯, URL: https://mgev.188766.xyz/?migutoken=2290a7b8986d14378c8e29ba1d0d3775&id=hk_fhzx&type=dy, From: subscribe, IPv_Type: ipv6, Location: 美国, ISP: CloudFlare Inc., Date: None, Delay: -1 ms, Speed: 0.00 M/s, Resolution: None
Name: 凤凰资讯, URL: https://mgev.188766.xyz/?migutoken=52b4a2ce042205fdf1e836ecf26d5c66&id=fhzx&pp=1, From: subscribe, IPv_Type: ipv6, Location: 美国, ISP: CloudFlare Inc., Date: None, Delay: -1 ms, Speed: 0.00 M/s, Resolution: None
Name: 凤凰资讯, URL: https://mgev.188766.xyz/?migutoken=e609d017d1b4b2dce32f9c7f1dc4b7c6&id=hk_fhzx&type=dy, From: subscribe, IPv_Type: ipv6, Location: 美国, ISP: CloudFlare Inc., Date: None, Delay: -1 ms, Speed: 0.00 M/s, Resolution: None
Name: 凤凰资讯, URL: https://mgev.188766.xyz/?migutoken=53da8c40da01e0dca435861ea2536793&id=fhzx&pp=1, From: subscribe, IPv_Type: ipv6, Location: 美国, ISP: CloudFlare Inc., Date: None, Delay: -1 ms, Speed: 0.00 M/s, Resolution: None
Name: 凤凰资讯, URL: https://mgev.188766.xyz/?migutoken=9beaca43d9853af8a5a0b4002aea22b2&id=hk_fhzx&type=dy, From: subscribe, IPv_Type: ipv6, Location: 美国, ISP: CloudFlare Inc., Date: None, Delay: -1 ms, Speed: 0.00 M/s, Resolution: None
Name: 凤凰资讯, URL: https://mgev.188766.xyz/?migutoken=0335aa16ea6372b7ea28964304c60a14&id=fhzx&pp=1, From: subscribe, IPv_Type: ipv6, Location: 美国, ISP: CloudFlare Inc., Date: None, Delay: -1 ms, Speed: 0.00 M/s, Resolution: None
Name: 凤凰资讯, URL: https://mgev.188766.xyz/?migutoken=d2a275de75be6fb600bd31d180aaf939&id=hk_fhzx&type=dy, From: subscribe, IPv_Type: ipv6, Location: 美国, ISP: CloudFlare Inc., Date: None, Delay: -1 ms, Speed: 0.00 M/s, Resolution: None
Name: 凤凰资讯, URL: http://cdn6.163189.xyz/163189/fhzx, From: subscribe, IPv_Type: ipv6, Location: 新加坡, ISP: Aceville Pte.Ltd., Date: None, Delay: -1 ms, Speed: 0.00 M/s, Resolution: None
Name: 凤凰资讯, URL: https://mgev.188766.xyz/?migutoken=686ae286f314f9f5a57c5ae6b07eb74c&id=fhzx&pp=1, From: subscribe, IPv_Type: ipv6, Location: 美国, ISP: CloudFlare Inc., Date: None, Delay: -1 ms, Speed: 0.00 M/s, Resolution: None
Name: 凤凰资讯, URL: https://mgev.188766.xyz/?migutoken=45d73bc1aea4de5f52a49d19a16a1ce4&id=hk_fhzx&type=dy, From: subscribe, IPv_Type: ipv6, Location: 美国, ISP: CloudFlare Inc., Date: None, Delay: -1 ms, Speed: 0.00 M/s, Resolution: None
Name: 凤凰资讯, URL: https://mgev.188766.xyz/?migutoken=226b04ea9a8c4cd7f337114c8aefc9d2&id=fhzx&pp=1, From: subscribe, IPv_Type: ipv6, Location: 美国, ISP: CloudFlare Inc., Date: None, Delay: -1 ms, Speed: 0.00 M/s, Resolution: None
Name: 凤凰资讯, URL: https://mgev.188766.xyz/?migutoken=f99b44d97eb859cc317c0c1c05dab265&id=hk_fhzx&type=dy, From: subscribe, IPv_Type: ipv6, Location: 美国, ISP: CloudFlare Inc., Date: None, Delay: -1 ms, Speed: 0.00 M/s, Resolution: None
Name: 凤凰资讯, URL: https://stream1.freetv.fun/feng-huang-zi-xun-4.m3u8, From: subscribe, IPv_Type: ipv6, Location: 美国, ISP: CloudFlare Inc., Date: None, Delay: -1 ms, Speed: 0.00 M/s, Resolution: None
Name: 凤凰资讯, URL: https://mgev.188766.xyz/?migutoken=a837d95d3662de221c5c6c222a7b5e64&id=fhzx&pp=1, From: subscribe, IPv_Type: ipv6, Location: 美国, ISP: CloudFlare Inc., Date: None, Delay: -1 ms, Speed: 0.00 M/s, Resolution: None
Name: 凤凰资讯, URL: https://mgev.188766.xyz/?migutoken=ffaeb45067950eec25a865baccbff81b&id=hk_fhzx&type=dy, From: subscribe, IPv_Type: ipv6, Location: 美国, ISP: CloudFlare Inc., Date: None, Delay: -1 ms, Speed: 0.00 M/s, Resolution: None
Name: 凤凰资讯, URL: https://mgev.188766.xyz/?migutoken=f828fa401cdc3c61d7f13741c95cc463&id=fhzx&pp=1, From: subscribe, IPv_Type: ipv6, Location: 美国, ISP: CloudFlare Inc., Date: None, Delay: -1 ms, Speed: 0.00 M/s, Resolution: None
Name: 凤凰资讯, URL: https://mgev.188766.xyz/?migutoken=d0c5927dd948816300035a95a19893bc&id=hk_fhzx&type=dy, From: subscribe, IPv_Type: ipv6, Location: 美国, ISP: CloudFlare Inc., Date: None, Delay: -1 ms, Speed: 0.00 M/s, Resolution: None
Name: 凤凰资讯, URL: http://smt.veryfast.filegear-sg.me/smt3.2.1.php?id=phoenixinfo_hd, From: subscribe, IPv_Type: ipv6, Location: 新加坡, ISP: Aceville Pte.Ltd., Date: None, Delay: -1 ms, Speed: 0.00 M/s, Resolution: None
Name: 凤凰资讯, URL: https://mgev.188766.xyz/?migutoken=fb417f9b03e09cc54a93d964a262248a&id=fhzx&pp=1, From: subscribe, IPv_Type: ipv6, Location: 美国, ISP: CloudFlare Inc., Date: None, Delay: -1 ms, Speed: 0.00 M/s, Resolution: None
Name: 凤凰资讯, URL: https://mgev.188766.xyz/?migutoken=3059e6aa98f313f249bd4b95b1bacd80&id=hk_fhzx&type=dy, From: subscribe, IPv_Type: ipv6, Location: 美国, ISP: CloudFlare Inc., Date: None, Delay: -1 ms, Speed: 0.00 M/s, Resolution: None
Name: 凤凰资讯, URL: https://mgev.188766.xyz/?migutoken=0d5e9debc96e750c28a92bce01014518&id=fhzx&pp=1, From: subscribe, IPv_Type: ipv6, Location: 美国, ISP: CloudFlare Inc., Date: None, Delay: -1 ms, Speed: 0.00 M/s, Resolution: None
Name: 凤凰资讯, URL: https://mgev.188766.xyz/?migutoken=c6088f01a9938e4abafd0d8f82beba0f&id=hk_fhzx&type=dy, From: subscribe, IPv_Type: ipv6, Location: 美国, ISP: CloudFlare Inc., Date: None, Delay: -1 ms, Speed: 0.00 M/s, Resolution: None
Name: 凤凰资讯, URL: https://mgev.188766.xyz/?migutoken=99597a2c73fffecc7f38d329515a69bc&id=fhzx&pp=1, From: subscribe, IPv_Type: ipv6, Location: 美国, ISP: CloudFlare Inc., Date: None, Delay: -1 ms, Speed: 0.00 M/s, Resolution: None
Name: 凤凰资讯, URL: https://mgev.188766.xyz/?migutoken=4e046cea780ecfad42cb2ef5ec1508e9&id=hk_fhzx&type=dy, From: subscribe, IPv_Type: ipv6, Location: 美国, ISP: CloudFlare Inc., Date: None, Delay: -1 ms, Speed: 0.00 M/s, Resolution: None
Name: 凤凰资讯, URL: https://mgev.188766.xyz/?migutoken=f352df04c8e5d3cf736bb2974fed3a2a&id=fhzx&pp=1, From: subscribe, IPv_Type: ipv6, Location: 美国, ISP: CloudFlare Inc., Date: None, Delay: -1 ms, Speed: 0.00 M/s, Resolution: None
Name: 凤凰资讯, URL: https://mgev.188766.xyz/?migutoken=013f3697c8c3e1b1884665e921d886ac&id=hk_fhzx&type=dy, From: subscribe, IPv_Type: ipv6, Location: 美国, ISP: CloudFlare Inc., Date: None, Delay: -1 ms, Speed: 0.00 M/s, Resolution: None
Name: 凤凰资讯, URL: https://5.edge.101.qzz.io/smt3.2.1.php?id=phoenixinfo_hd, From: subscribe, IPv_Type: ipv6, Location: 新加坡, ISP: Aceville Pte.Ltd., Date: None, Delay: -1 ms, Speed: 0.00 M/s, Resolution: None
Name: 凤凰资讯, URL: http://k.061899.xyz/k.php?id=fhzx, From: subscribe, IPv_Type: ipv6, Location: 新加坡, ISP: Aceville Pte.Ltd., Date: None, Delay: -1 ms, Speed: 0.00 M/s, Resolution: None
Name: 凤凰资讯, URL: https://mgev.188766.xyz/?migutoken=34f4338a46dc98b8080ad11e650082e4&id=fhzx&pp=1, From: subscribe, IPv_Type: ipv6, Location: 美国, ISP: CloudFlare Inc., Date: None, Delay: -1 ms, Speed: 0.00 M/s, Resolution: None
Name: 凤凰资讯, URL: https://mgev.188766.xyz/?migutoken=b3a6a4786877932481b4efcda00261c2&id=hk_fhzx&type=dy, From: subscribe, IPv_Type: ipv6, Location: 美国, ISP: CloudFlare Inc., Date: None, Delay: -1 ms, Speed: 0.00 M/s, Resolution: None
Name: 凤凰资讯, URL: https://mgev.188766.xyz/?migutoken=a4a93bd0358a7c60098526efc76ba35b&id=fhzx&pp=1, From: subscribe, IPv_Type: ipv6, Location: 美国, ISP: CloudFlare Inc., Date: None, Delay: -1 ms, Speed: 0.00 M/s, Resolution: None
Name: 凤凰资讯, URL: https://mgev.188766.xyz/?migutoken=188558f663b131e04974bfdb4cedc033&id=hk_fhzx&type=dy, From: subscribe, IPv_Type: ipv6, Location: 美国, ISP: CloudFlare Inc., Date: None, Delay: -1 ms, Speed: 0.00 M/s, Resolution: None
Name: 凤凰资讯, URL: https://mgev.188766.xyz/?migutoken=68af39ecd78ee6a8f389a9db18356f49&id=fhzx&pp=1, From: subscribe, IPv_Type: ipv6, Location: 美国, ISP: CloudFlare Inc., Date: None, Delay: -1 ms, Speed: 0.00 M/s, Resolution: None
Name: 凤凰资讯, URL: https://mgev.188766.xyz/?migutoken=8470ee0fa98a5e0fe75c0c249628df26&id=hk_fhzx&type=dy, From: subscribe, IPv_Type: ipv6, Location: 美国, ISP: CloudFlare Inc., Date: None, Delay: -1 ms, Speed: 0.00 M/s, Resolution: None
Name: 凤凰资讯, URL: https://mgev.188766.xyz/?migutoken=5c43a0d1e43087922db704bcc8b99b3c&id=fhzx&pp=1, From: subscribe, IPv_Type: ipv6, Location: 美国, ISP: CloudFlare Inc., Date: None, Delay: -1 ms, Speed: 0.00 M/s, Resolution: None
Name: 凤凰资讯, URL: https://mgev.188766.xyz/?migutoken=a988a1edd8b3da91941defb02e81e90e&id=hk_fhzx&type=dy, From: subscribe, IPv_Type: ipv6, Location: 美国, ISP: CloudFlare Inc., Date: None, Delay: -1 ms, Speed: 0.00 M/s, Resolution: None
Name: 凤凰资讯, URL: https://mgev.188766.xyz/?migutoken=2d986bfabe76ea1b3d625a46779dc70c&id=fhzx&pp=1, From: subscribe, IPv_Type: ipv6, Location: 美国, ISP: CloudFlare Inc., Date: None, Delay: -1 ms, Speed: 0.00 M/s, Resolution: None
Name: 凤凰资讯, URL: https://mgev.188766.xyz/?migutoken=68cbe7560f0540a40507eeb6ec2a9e5b&id=hk_fhzx&type=dy, From: subscribe, IPv_Type: ipv6, Location: 美国, ISP: CloudFlare Inc., Date: None, Delay: -1 ms, Speed: 0.00 M/s, Resolution: None
Name: 凤凰资讯, URL: https://mgev.188766.xyz/?migutoken=f5b5ed31d89b26e134c375ce9b65a201&id=fhzx&pp=1, From: subscribe, IPv_Type: ipv6, Location: 美国, ISP: CloudFlare Inc., Date: None, Delay: -1 ms, Speed: 0.00 M/s, Resolution: None
Name: 凤凰资讯, URL: https://mgev.188766.xyz/?migutoken=81d08e146e8d9d22a7c2bf93939870a1&id=hk_fhzx&type=dy, From: subscribe, IPv_Type: ipv6, Location: 美国, ISP: CloudFlare Inc., Date: None, Delay: -1 ms, Speed: 0.00 M/s, Resolution: None
Name: 凤凰资讯, URL: https://mgev.188766.xyz/?migutoken=e30cf7d7cb21a721b0996c0bd5403bf6&id=fhzx&pp=1, From: subscribe, IPv_Type: ipv6, Location: 美国, ISP: CloudFlare Inc., Date: None, Delay: -1 ms, Speed: 0.00 M/s, Resolution: None
Name: 凤凰资讯, URL: https://mgev.188766.xyz/?migutoken=87349fa04e27e82b3bd942d5a8006320&id=hk_fhzx&type=dy, From: subscribe, IPv_Type: ipv6, Location: 美国, ISP: CloudFlare Inc., Date: None, Delay: -1 ms, Speed: 0.00 M/s, Resolution: None
Name: 凤凰资讯, URL: https://mgev.188766.xyz/?migutoken=f8eb96b822bb8030db5e8ead4c8b20b3&id=fhzx&pp=1, From: subscribe, IPv_Type: ipv6, Location: 美国, ISP: CloudFlare Inc., Date: None, Delay: -1 ms, Speed: 0.00 M/s, Resolution: None
Name: 凤凰资讯, URL: https://mgev.188766.xyz/?migutoken=45c61a404175501e24aabde7575fca7c&id=hk_fhzx&type=dy, From: subscribe, IPv_Type: ipv6, Location: 美国, ISP: CloudFlare Inc., Date: None, Delay: -1 ms, Speed: 0.00 M/s, Resolution: None
Name: 凤凰资讯, URL: https://t.freetv.fun/live/feng-huang-zi-xun.m3u8, From: subscribe, IPv_Type: ipv6, Location: 美国, ISP: CloudFlare Inc., Date: None, Delay: -1 ms, Speed: 0.00 M/s, Resolution: None
Name: 凤凰资讯, URL: https://mgev.188766.xyz/?migutoken=d448a5fb75816a7e728f64e61d47d929&id=fhzx&pp=1, From: subscribe, IPv_Type: ipv6, Location: 美国, ISP: CloudFlare Inc., Date: None, Delay: -1 ms, Speed: 0.00 M/s, Resolution: None
Name: 凤凰资讯, URL: https://mgev.188766.xyz/?migutoken=dd458c91a8b81b2e395e0e345cd05cfa&id=hk_fhzx&type=dy, From: subscribe, IPv_Type: ipv6, Location: 美国, ISP: CloudFlare Inc., Date: None, Delay: -1 ms, Speed: 0.00 M/s, Resolution: None
Name: 凤凰资讯, URL: https://mgev.188766.xyz/?migutoken=103789c2cadb5f7397a6e7be8ccb761a&id=fhzx&pp=1, From: subscribe, IPv_Type: ipv6, Location: 美国, ISP: CloudFlare Inc., Date: None, Delay: -1 ms, Speed: 0.00 M/s, Resolution: None
Name: 凤凰资讯, URL: https://mgev.188766.xyz/?migutoken=55715157ed351a30fe0b51aa029106de&id=hk_fhzx&type=dy, From: subscribe, IPv_Type: ipv6, Location: 美国, ISP: CloudFlare Inc., Date: None, Delay: -1 ms, Speed: 0.00 M/s, Resolution: None
Name: 凤凰资讯, URL: https://mgev.188766.xyz/?migutoken=d7620c0d64b6c6a4a961e9d00835344d&id=fhzx&pp=1, From: subscribe, IPv_Type: ipv6, Location: 美国, ISP: CloudFlare Inc., Date: None, Delay: -1 ms, Speed: 0.00 M/s, Resolution: None
Name: 凤凰资讯, URL: https://mgev.188766.xyz/?migutoken=53509d1617b170cc7d4ab18bc7aab183&id=hk_fhzx&type=dy, From: subscribe, IPv_Type: ipv6, Location: 美国, ISP: CloudFlare Inc., Date: None, Delay: -1 ms, Speed: 0.00 M/s, Resolution: None
Name: 凤凰资讯, URL: https://live.catvod.com/live.php?id=phoenixinfo_hd, From: subscribe, IPv_Type: ipv6, Location: 美国, ISP: CloudFlare Inc., Date: None, Delay: -1 ms, Speed: 0.00 M/s, Resolution: None
Name: 凤凰资讯, URL: https://t.freetv.fun/live/feng-huang-zi-xun-3.m3u8, From: subscribe, IPv_Type: ipv6, Location: 美国, ISP: CloudFlare Inc., Date: None, Delay: -1 ms, Speed: 0.00 M/s, Resolution: None
Name: 凤凰资讯, URL: https://t.freetv.fun/live/feng-huang-zi-xun-2.php, From: subscribe, IPv_Type: ipv6, Location: 美国, ISP: CloudFlare Inc., Date: None, Delay: -1 ms, Speed: 0.00 M/s, Resolution: None
Name: 凤凰香港, URL: https://epg.pw/stream/8770e89223a086eb1b8a0c931e42296d772a8069ad3eb72540e0c434e7cb3e93.m3u8, From: subscribe, IPv_Type: ipv6, Location: 美国, ISP: CloudFlare Inc., Date: None, Delay: 933 ms, Speed: 0.70 M/s, Resolution: 1920x1080
Name: 凤凰香港, URL: https://epg.pw/stream/5f16dc7fc8aaaed3205516c63e4a8c24bca9dbba1181684244729cf574505b0e.m3u8, From: subscribe, IPv_Type: ipv6, Location: 美国, ISP: CloudFlare Inc., Date: None, Delay: 931 ms, Speed: 0.69 M/s, Resolution: 1920x1080
Name: 凤凰香港, URL: https://cdn6.101.qzz.io/163189/fhhk, From: subscribe, IPv_Type: ipv6, Location: 美国, ISP: CloudFlare Inc., Date: None, Delay: 145 ms, Speed: 31.80 M/s, Resolution: None
Name: 凤凰香港, URL: https://migu.188766.xyz/?migutoken=eb2d375baa73adde3d1a548b3802a925&id=fhhk&pp=1, From: subscribe, IPv_Type: ipv6, Location: 美国, ISP: CloudFlare Inc., Date: None, Delay: -1 ms, Speed: 0.00 M/s, Resolution: None
Name: 凤凰香港, URL: https://migu.188766.xyz/?migutoken=de7766f9c4849cefe12e943accf8b0a7&id=hk_fhhk&type=dy, From: subscribe, IPv_Type: ipv6, Location: 美国, ISP: CloudFlare Inc., Date: None, Delay: -1 ms, Speed: 0.00 M/s, Resolution: None
Name: 凤凰香港, URL: http://cdn6.163189.xyz/163189/fhhk, From: subscribe, IPv_Type: ipv6, Location: 新加坡, ISP: Aceville Pte.Ltd., Date: None, Delay: -1 ms, Speed: 0.00 M/s, Resolution: None
Name: 凤凰香港, URL: https://mgev.188766.xyz/?migutoken=9c3551300a8819cc58b3f90f3b9be30b&id=fhhk&pp=1, From: subscribe, IPv_Type: ipv6, Location: 美国, ISP: CloudFlare Inc., Date: None, Delay: -1 ms, Speed: 0.00 M/s, Resolution: None
Name: 凤凰香港, URL: https://mgev.188766.xyz/?migutoken=b1ca1093ead8d8ae06d668bdf41439f9&id=hk_fhhk&type=dy, From: subscribe, IPv_Type: ipv6, Location: 美国, ISP: CloudFlare Inc., Date: None, Delay: -1 ms, Speed: 0.00 M/s, Resolution: None
Name: 凤凰香港, URL: http://api.kkitv.itv888.vip:8080/streams/mty4v56ud39/index.m3u8, From: subscribe, IPv_Type: ipv6, Location: 美国, ISP: CloudFlare Inc., Date: None, Delay: -1 ms, Speed: 0.00 M/s, Resolution: None
Name: 凤凰香港, URL: https://mgev.188766.xyz/?migutoken=82c5c81ed7e837e64bba2b6cef670f5d&id=fhhk&pp=1, From: subscribe, IPv_Type: ipv6, Location: 美国, ISP: CloudFlare Inc., Date: None, Delay: -1 ms, Speed: 0.00 M/s, Resolution: None
Name: 凤凰香港, URL: https://mgev.188766.xyz/?migutoken=8f53511449b0dd3058772890f4c15b24&id=hk_fhhk&type=dy, From: subscribe, IPv_Type: ipv6, Location: 美国, ISP: CloudFlare Inc., Date: None, Delay: -1 ms, Speed: 0.00 M/s, Resolution: None
Name: 凤凰香港, URL: https://mgev.188766.xyz/?migutoken=43f9b56d04fd3cc5dce2e5bbe24be2ad&id=fhhk&pp=1, From: subscribe, IPv_Type: ipv6, Location: 美国, ISP: CloudFlare Inc., Date: None, Delay: -1 ms, Speed: 0.00 M/s, Resolution: None
Name: 凤凰香港, URL: https://mgev.188766.xyz/?migutoken=c53f47ef86391cfe991905ef262f36ee&id=hk_fhhk&type=dy, From: subscribe, IPv_Type: ipv6, Location: 美国, ISP: CloudFlare Inc., Date: None, Delay: -1 ms, Speed: 0.00 M/s, Resolution: None
Name: 凤凰香港, URL: https://mgev.188766.xyz/?migutoken=d4633a17a8ef8587a9ab769922d2dadc&id=fhhk&pp=1, From: subscribe, IPv_Type: ipv6, Location: 美国, ISP: CloudFlare Inc., Date: None, Delay: -1 ms, Speed: 0.00 M/s, Resolution: None
Name: 凤凰香港, URL: https://mgev.188766.xyz/?migutoken=d1215a06a7dbc137326107d94283843b&id=hk_fhhk&type=dy, From: subscribe, IPv_Type: ipv6, Location: 美国, ISP: CloudFlare Inc., Date: None, Delay: -1 ms, Speed: 0.00 M/s, Resolution: None
Name: 凤凰香港, URL: https://mgev.188766.xyz/?migutoken=a4e0831ab9eeea29491f5c279bbb2114&id=fhhk&pp=1, From: subscribe, IPv_Type: ipv6, Location: 美国, ISP: CloudFlare Inc., Date: None, Delay: -1 ms, Speed: 0.00 M/s, Resolution: None
Name: 凤凰香港, URL: https://mgev.188766.xyz/?migutoken=e9a8cab7e4c0480c35a2d02b09c042ec&id=hk_fhhk&type=dy, From: subscribe, IPv_Type: ipv6, Location: 美国, ISP: CloudFlare Inc., Date: None, Delay: -1 ms, Speed: 0.00 M/s, Resolution: None
Name: 凤凰香港, URL: https://stream1.freetv.fun/feng-huang-xiang-gang-8.ctv, From: subscribe, IPv_Type: ipv6, Location: 美国, ISP: CloudFlare Inc., Date: None, Delay: -1 ms, Speed: 0.00 M/s, Resolution: None
Name: 凤凰香港, URL: https://mgev.188766.xyz/?migutoken=19d6f137b06f15c8a68d579ebd819ac7&id=fhhk&pp=1, From: subscribe, IPv_Type: ipv6, Location: 美国, ISP: CloudFlare Inc., Date: None, Delay: -1 ms, Speed: 0.00 M/s, Resolution: None
Name: 凤凰香港, URL: https://mgev.188766.xyz/?migutoken=bdf208ae57228f6c2006552418c46879&id=hk_fhhk&type=dy, From: subscribe, IPv_Type: ipv6, Location: 美国, ISP: CloudFlare Inc., Date: None, Delay: -1 ms, Speed: 0.00 M/s, Resolution: None
Name: 凤凰香港, URL: https://mgev.188766.xyz/?migutoken=dd787aaff7bffd321634442c314b2109&id=fhhk&pp=1, From: subscribe, IPv_Type: ipv6, Location: 美国, ISP: CloudFlare Inc., Date: None, Delay: -1 ms, Speed: 0.00 M/s, Resolution: None
Name: 凤凰香港, URL: https://mgev.188766.xyz/?migutoken=60201edaec29b4dedf3b8914db9f7f70&id=hk_fhhk&type=dy, From: subscribe, IPv_Type: ipv6, Location: 美国, ISP: CloudFlare Inc., Date: None, Delay: -1 ms, Speed: 0.00 M/s, Resolution: None
Name: 凤凰香港, URL: https://mgev.188766.xyz/?migutoken=49a30deecdf26852477705b558c0bddb&id=fhhk&pp=1, From: subscribe, IPv_Type: ipv6, Location: 美国, ISP: CloudFlare Inc., Date: None, Delay: -1 ms, Speed: 0.00 M/s, Resolution: None
Name: 凤凰香港, URL: https://mgev.188766.xyz/?migutoken=900d2168e80f08f31c2119ee910d81f5&id=hk_fhhk&type=dy, From: subscribe, IPv_Type: ipv6, Location: 美国, ISP: CloudFlare Inc., Date: None, Delay: -1 ms, Speed: 0.00 M/s, Resolution: None
Name: 凤凰香港, URL: https://mgev.188766.xyz/?migutoken=124cc357eca0f5b227d175736ee84250&id=fhhk&pp=1, From: subscribe, IPv_Type: ipv6, Location: 美国, ISP: CloudFlare Inc., Date: None, Delay: -1 ms, Speed: 0.00 M/s, Resolution: None
Name: 凤凰香港, URL: https://mgev.188766.xyz/?migutoken=3159d8f87fe24c736c2597ce158998b5&id=hk_fhhk&type=dy, From: subscribe, IPv_Type: ipv6, Location: 美国, ISP: CloudFlare Inc., Date: None, Delay: -1 ms, Speed: 0.00 M/s, Resolution: None
Name: 凤凰香港, URL: https://mgev.188766.xyz/?migutoken=cb39619883a9d7923dfb042352a59c9f&id=fhhk&pp=1, From: subscribe, IPv_Type: ipv6, Location: 美国, ISP: CloudFlare Inc., Date: None, Delay: -1 ms, Speed: 0.00 M/s, Resolution: None
Name: 凤凰香港, URL: https://mgev.188766.xyz/?migutoken=eed64bed6957ac24ce2e4bb95be202a7&id=hk_fhhk&type=dy, From: subscribe, IPv_Type: ipv6, Location: 美国, ISP: CloudFlare Inc., Date: None, Delay: -1 ms, Speed: 0.00 M/s, Resolution: None
Name: 凤凰香港, URL: https://mgev.188766.xyz/?migutoken=e904c2cef5e20104771d2cff47f026be&id=fhhk&pp=1, From: subscribe, IPv_Type: ipv6, Location: 美国, ISP: CloudFlare Inc., Date: None, Delay: -1 ms, Speed: 0.00 M/s, Resolution: None
Name: 凤凰香港, URL: https://mgev.188766.xyz/?migutoken=0b2ceb8eacd1f9e8212c64e2b1abdec2&id=hk_fhhk&type=dy, From: subscribe, IPv_Type: ipv6, Location: 美国, ISP: CloudFlare Inc., Date: None, Delay: -1 ms, Speed: 0.00 M/s, Resolution: None
Name: 凤凰香港, URL: https://mgev.188766.xyz/?migutoken=9ed27a2752d7cb10b4413d37265fa9bf&id=fhhk&pp=1, From: subscribe, IPv_Type: ipv6, Location: 美国, ISP: CloudFlare Inc., Date: None, Delay: -1 ms, Speed: 0.00 M/s, Resolution: None
Name: 凤凰香港, URL: https://mgev.188766.xyz/?migutoken=230b7c357e590476cbc6a5207988bb1f&id=hk_fhhk&type=dy, From: subscribe, IPv_Type: ipv6, Location: 美国, ISP: CloudFlare Inc., Date: None, Delay: -1 ms, Speed: 0.00 M/s, Resolution: None
Name: 凤凰香港, URL: http://smt.veryfast.filegear-sg.me/smt3.2.1.php?id=hkphoenix_twn, From: subscribe, IPv_Type: ipv6, Location: 新加坡, ISP: Aceville Pte.Ltd., Date: None, Delay: -1 ms, Speed: 0.00 M/s, Resolution: None
Name: 凤凰香港, URL: https://mgev.188766.xyz/?migutoken=28b75bdb146c5e6560a51d7e59a130a9&id=fhhk&pp=1, From: subscribe, IPv_Type: ipv6, Location: 美国, ISP: CloudFlare Inc., Date: None, Delay: -1 ms, Speed: 0.00 M/s, Resolution: None
Name: 凤凰香港, URL: https://mgev.188766.xyz/?migutoken=cd7941657c14f7cc0ab666c54f13ffe1&id=hk_fhhk&type=dy, From: subscribe, IPv_Type: ipv6, Location: 美国, ISP: CloudFlare Inc., Date: None, Delay: -1 ms, Speed: 0.00 M/s, Resolution: None
Name: 凤凰香港, URL: https://mgev.188766.xyz/?migutoken=89bb7a64d82c1c5dea172ab39eaf207d&id=fhhk&pp=1, From: subscribe, IPv_Type: ipv6, Location: 美国, ISP: CloudFlare Inc., Date: None, Delay: -1 ms, Speed: 0.00 M/s, Resolution: None
Name: 凤凰香港, URL: https://mgev.188766.xyz/?migutoken=093a5c14126da1509cc52f9327ed7226&id=hk_fhhk&type=dy, From: subscribe, IPv_Type: ipv6, Location: 美国, ISP: CloudFlare Inc., Date: None, Delay: -1 ms, Speed: 0.00 M/s, Resolution: None
Name: 凤凰香港, URL: https://mgev.188766.xyz/?migutoken=792e22ea1088c6cbd787f7606e7f7f0f&id=fhhk&pp=1, From: subscribe, IPv_Type: ipv6, Location: 美国, ISP: CloudFlare Inc., Date: None, Delay: -1 ms, Speed: 0.00 M/s, Resolution: None
Name: 凤凰香港, URL: https://mgev.188766.xyz/?migutoken=6896ca5fef10e305f6ed6d7ddb8967bd&id=hk_fhhk&type=dy, From: subscribe, IPv_Type: ipv6, Location: 美国, ISP: CloudFlare Inc., Date: None, Delay: -1 ms, Speed: 0.00 M/s, Resolution: None
Name: 凤凰香港, URL: https://mgev.188766.xyz/?migutoken=8035a56329080b77893b7b8938ffe4c7&id=fhhk&pp=1, From: subscribe, IPv_Type: ipv6, Location: 美国, ISP: CloudFlare Inc., Date: None, Delay: -1 ms, Speed: 0.00 M/s, Resolution: None
Name: 凤凰香港, URL: https://mgev.188766.xyz/?migutoken=be19b5e9591172f4661c81e715438c42&id=hk_fhhk&type=dy, From: subscribe, IPv_Type: ipv6, Location: 美国, ISP: CloudFlare Inc., Date: None, Delay: -1 ms, Speed: 0.00 M/s, Resolution: None
Name: 凤凰香港, URL: https://migu.188766.xyz/?migutoken=cbf8f4f16f7ccdc07d7ccd8f9b012692&id=fhhk&pp=1, From: subscribe, IPv_Type: ipv6, Location: 美国, ISP: CloudFlare Inc., Date: None, Delay: -1 ms, Speed: 0.00 M/s, Resolution: None
Name: 凤凰香港, URL: http://k.061899.xyz/k.php?id=fhhk, From: subscribe, IPv_Type: ipv6, Location: 新加坡, ISP: Aceville Pte.Ltd., Date: None, Delay: -1 ms, Speed: 0.00 M/s, Resolution: None
Name: 凤凰香港, URL: https://mgev.188766.xyz/?migutoken=45cc07f63fabff94c7c3343527b1638b&id=fhhk&pp=1, From: subscribe, IPv_Type: ipv6, Location: 美国, ISP: CloudFlare Inc., Date: None, Delay: -1 ms, Speed: 0.00 M/s, Resolution: None
Name: 凤凰香港, URL: https://mgev.188766.xyz/?migutoken=940e91f840e50dfb138e47ac6e65b648&id=hk_fhhk&type=dy, From: subscribe, IPv_Type: ipv6, Location: 美国, ISP: CloudFlare Inc., Date: None, Delay: -1 ms, Speed: 0.00 M/s, Resolution: None
Name: 凤凰香港, URL: https://mgev.188766.xyz/?migutoken=c346e7a2cf120020b90d4f1714d36b18&id=fhhk&pp=1, From: subscribe, IPv_Type: ipv6, Location: 美国, ISP: CloudFlare Inc., Date: None, Delay: -1 ms, Speed: 0.00 M/s, Resolution: None
Name: 凤凰香港, URL: https://mgev.188766.xyz/?migutoken=a78c55ba03149409afb46f2f1b881c0f&id=hk_fhhk&type=dy, From: subscribe, IPv_Type: ipv6, Location: 美国, ISP: CloudFlare Inc., Date: None, Delay: -1 ms, Speed: 0.00 M/s, Resolution: None
Name: 凤凰香港, URL: https://mgev.188766.xyz/?migutoken=57652e836fcb46688c48da3eb0bfe579&id=fhhk&pp=1, From: subscribe, IPv_Type: ipv6, Location: 美国, ISP: CloudFlare Inc., Date: None, Delay: -1 ms, Speed: 0.00 M/s, Resolution: None
Name: 凤凰香港, URL: https://mgev.188766.xyz/?migutoken=6073de5b39d67da721b5f423cbba62d6&id=hk_fhhk&type=dy, From: subscribe, IPv_Type: ipv6, Location: 美国, ISP: CloudFlare Inc., Date: None, Delay: -1 ms, Speed: 0.00 M/s, Resolution: None
Name: 凤凰香港, URL: https://mgev.188766.xyz/?migutoken=fc0d639e3b6a2e99979da1c8698cfb90&id=fhhk&pp=1, From: subscribe, IPv_Type: ipv6, Location: 美国, ISP: CloudFlare Inc., Date: None, Delay: -1 ms, Speed: 0.00 M/s, Resolution: None
Name: 凤凰香港, URL: https://mgev.188766.xyz/?migutoken=b93b8ad2def6de61f60a012b2ef9cf88&id=hk_fhhk&type=dy, From: subscribe, IPv_Type: ipv6, Location: 美国, ISP: CloudFlare Inc., Date: None, Delay: -1 ms, Speed: 0.00 M/s, Resolution: None
Name: 凤凰香港, URL: https://mgev.188766.xyz/?migutoken=67c8ec5a512f7ad57ab6388358c0a371&id=fhhk&pp=1, From: subscribe, IPv_Type: ipv6, Location: 美国, ISP: CloudFlare Inc., Date: None, Delay: -1 ms, Speed: 0.00 M/s, Resolution: None
Name: 凤凰香港, URL: https://mgev.188766.xyz/?migutoken=d4e30a44ae785ea5dbe579bf64234fd0&id=hk_fhhk&type=dy, From: subscribe, IPv_Type: ipv6, Location: 美国, ISP: CloudFlare Inc., Date: None, Delay: -1 ms, Speed: 0.00 M/s, Resolution: None
Name: 凤凰香港, URL: https://mgev.188766.xyz/?migutoken=c2867f3a25dce97e7fc252fe0579111c&id=fhhk&pp=1, From: subscribe, IPv_Type: ipv6, Location: 美国, ISP: CloudFlare Inc., Date: None, Delay: -1 ms, Speed: 0.00 M/s, Resolution: None
Name: 凤凰香港, URL: https://mgev.188766.xyz/?migutoken=f5ab597ba867882faf11c34fc6a975cf&id=hk_fhhk&type=dy, From: subscribe, IPv_Type: ipv6, Location: 美国, ISP: CloudFlare Inc., Date: None, Delay: -1 ms, Speed: 0.00 M/s, Resolution: None
Name: 凤凰香港, URL: https://mgev.188766.xyz/?migutoken=13964c5744326d8664fde2bc880c5ebd&id=fhhk&pp=1, From: subscribe, IPv_Type: ipv6, Location: 美国, ISP: CloudFlare Inc., Date: None, Delay: -1 ms, Speed: 0.00 M/s, Resolution: None
Name: 凤凰香港, URL: https://mgev.188766.xyz/?migutoken=109601d1ff9615591f05cafbd021417e&id=hk_fhhk&type=dy, From: subscribe, IPv_Type: ipv6, Location: 美国, ISP: CloudFlare Inc., Date: None, Delay: -1 ms, Speed: 0.00 M/s, Resolution: None
Name: 凤凰香港, URL: https://mgev.188766.xyz/?migutoken=416bc86d1f5a2b9aba0bdc47be93e1aa&id=fhhk&pp=1, From: subscribe, IPv_Type: ipv6, Location: 美国, ISP: CloudFlare Inc., Date: None, Delay: -1 ms, Speed: 0.00 M/s, Resolution: None
Name: 凤凰香港, URL: https://mgev.188766.xyz/?migutoken=366f77fc90a20663fbabdd9c5f71a774&id=hk_fhhk&type=dy, From: subscribe, IPv_Type: ipv6, Location: 美国, ISP: CloudFlare Inc., Date: None, Delay: -1 ms, Speed: 0.00 M/s, Resolution: None
Name: 凤凰香港, URL: https://mgev.188766.xyz/?migutoken=a3586d91aaff7128d6ea03fcca2cf758&id=fhhk&pp=1, From: subscribe, IPv_Type: ipv6, Location: 美国, ISP: CloudFlare Inc., Date: None, Delay: -1 ms, Speed: 0.00 M/s, Resolution: None
Name: 凤凰香港, URL: https://mgev.188766.xyz/?migutoken=d06159fc36f013352cf1dd18c8b2c88d&id=hk_fhhk&type=dy, From: subscribe, IPv_Type: ipv6, Location: 美国, ISP: CloudFlare Inc., Date: None, Delay: -1 ms, Speed: 0.00 M/s, Resolution: None
Name: 凤凰香港, URL: https://mgev.188766.xyz/?migutoken=dc3712b8c83ab3b248d78270803e8777&id=fhhk&pp=1, From: subscribe, IPv_Type: ipv6, Location: 美国, ISP: CloudFlare Inc., Date: None, Delay: -1 ms, Speed: 0.00 M/s, Resolution: None
Name: 凤凰香港, URL: https://mgev.188766.xyz/?migutoken=06f01e8926059ccf361e21e16c8107c9&id=hk_fhhk&type=dy, From: subscribe, IPv_Type: ipv6, Location: 美国, ISP: CloudFlare Inc., Date: None, Delay: -1 ms, Speed: 0.00 M/s, Resolution: None
Name: 凤凰香港, URL: https://mgev.188766.xyz/?migutoken=ed0087f8565143210cd584b5ac307809&id=fhhk&pp=1, From: subscribe, IPv_Type: ipv6, Location: 美国, ISP: CloudFlare Inc., Date: None, Delay: -1 ms, Speed: 0.00 M/s, Resolution: None
Name: 凤凰香港, URL: https://mgev.188766.xyz/?migutoken=720f5dc70f449f82f97ad3266faba77b&id=hk_fhhk&type=dy, From: subscribe, IPv_Type: ipv6, Location: 美国, ISP: CloudFlare Inc., Date: None, Delay: -1 ms, Speed: 0.00 M/s, Resolution: None
Name: 凤凰香港, URL: https://t.freetv.fun/live/feng-huang-xiang-gang.m3u8, From: subscribe, IPv_Type: ipv6, Location: 美国, ISP: CloudFlare Inc., Date: None, Delay: -1 ms, Speed: 0.00 M/s, Resolution: None
Name: 凤凰香港, URL: https://cdn.iptv8k.top/dl/jrys.php?id=18&time=20240926215313&ip=111.229.253.40, From: subscribe, IPv_Type: ipv4, Location: 美国, ISP: CloudFlare节点, Date: None, Delay: 12 ms, Speed: 25.81 M/s, Resolution: 1920x1080
Name: 凤凰卫视, URL: http://api.kkitv.itv888.vip:8080/streams/vny1wblsnch/index.m3u8, From: subscribe, IPv_Type: ipv6, Location: 美国, ISP: CloudFlare Inc., Date: None, Delay: -1 ms, Speed: 0.00 M/s, Resolution: None
Name: TVBS亚洲, URL: http://d2e1asnsl7br7b.cloudfront.net/7782e205e72f43aeb4a48ec97f66ebbe/index_5.m3u8?zshijd, From: subscribe, IPv_Type: ipv6, Location: 美国, ISP: Amazon, Date: None, Delay: 58 ms, Speed: 43.95 M/s, Resolution: 1920x1080
Name: TVBS亚洲, URL: http://38.64.72.148:80/hls/modn/list/4005/chunklist1.m3u8, From: subscribe, IPv_Type: ipv4, Location: 美国-加利福尼亚州-洛杉矶, ISP: Cogent, Date: None, Delay: 467 ms, Speed: 2.12 M/s, Resolution: 1920x1080
Name: 纬来体育, URL: https://epg.pw/stream/8855a9936e37e608a0ec8a014cce1673dee9c5d68d560da376cc92e5edef2b25.m3u8, From: subscribe, IPv_Type: ipv6, Location: 美国, ISP: CloudFlare Inc., Date: None, Delay: 932 ms, Speed: 0.70 M/s, Resolution: 1920x1080
Name: 纬来体育, URL: https://epg.pw/stream/ab6df63b64d0cc44a1f4f029ed847a26fa54a7aebd455578fb05a63f02c22f4b.m3u8, From: subscribe, IPv_Type: ipv6, Location: 美国, ISP: CloudFlare Inc., Date: None, Delay: 932 ms, Speed: 0.69 M/s, Resolution: 1920x1080
Name: 纬来体育, URL: https://epg.pw/stream/4f18dfe0593db5c686eb64ae8edaf2a9202d4d46bdc9bbde2cee27708e12ea01.m3u8, From: subscribe, IPv_Type: ipv6, Location: 美国, ISP: CloudFlare Inc., Date: None, Delay: 930 ms, Speed: 0.70 M/s, Resolution: 1920x1080
Name: 纬来体育, URL: https://cdn.iptv8k.top/dl/jrys.php?id=292&amp;time=20240926215313&amp;ip=111.229.253.40, From: subscribe, IPv_Type: ipv4, Location: 美国, ISP: CloudFlare节点, Date: None, Delay: 9 ms, Speed: 32.76 M/s, Resolution: 1920x1080
Name: 纬来体育, URL: https://cdn.iptv8k.top/dl/jrys.php?id=292&amp;amp;time=20240926215313&amp;amp;ip=111.229.253.40, From: subscribe, IPv_Type: ipv4, Location: 美国, ISP: CloudFlare节点, Date: None, Delay: 11 ms, Speed: 27.37 M/s, Resolution: 1920x1080
Name: 纬来体育, URL: https://cdn.iptv8k.top/dl/jrys.php?id=292&time=20240926215313&ip=111.229.253.40, From: subscribe, IPv_Type: ipv4, Location: 美国, ISP: CloudFlare节点, Date: None, Delay: 12 ms, Speed: 25.91 M/s, Resolution: 1920x1080
Name: 纬来体育, URL: https://cdn.iptv8k.top/dl/jrys.php?id=291&time=20240926215313&ip=111.229.253.40, From: subscribe, IPv_Type: ipv4, Location: 美国, ISP: CloudFlare节点, Date: None, Delay: 12 ms, Speed: 25.56 M/s, Resolution: 1920x1080
Name: 纬来育乐, URL: https://live.catvod.com/live.php?id=videolandyule&token=4af5f0ce628457d90b8251d87f99dce685172a1b273a7036a40d2e0d2a66ffad%3A1765243433%3AMTcyLjIxNS4yMTAuNTI%3D, From: subscribe, IPv_Type: ipv6, Location: 美国, ISP: CloudFlare Inc., Date: None, Delay: -1 ms, Speed: 0.00 M/s, Resolution: None
Name: 纬来育乐, URL: https://live.catvod.com/live.php?id=videolandyule&token=8592c09ccde98ba3f8eec30cacfe7a72f20757d701e0539a2753a341971f16e1%3A1765416382%3AMTQ1LjEzMi45OS4yMQ%3D%3D, From: subscribe, IPv_Type: ipv6, Location: 美国, ISP: CloudFlare Inc., Date: None, Delay: -1 ms, Speed: 0.00 M/s, Resolution: None
Name: 纬来育乐, URL: https://live.catvod.com/live.php?id=videolandyule&token=ee7f5dca82ae54ebdb0f740b45c70a5a39dbc8d1c6a29b3ee5e59f189b5ea34b%3A1765588729%3ANjQuMjM2LjE0MC4yMTE%3D, From: subscribe, IPv_Type: ipv6, Location: 美国, ISP: CloudFlare Inc., Date: None, Delay: -1 ms, Speed: 0.00 M/s, Resolution: None
Name: 纬来育乐, URL: https://live.catvod.com/live.php?id=videolandyule&token=c24335194440948e3d0d878a793f9ea404da2c1477492da2be27bc088bfb3117%3A1765762038%3ANTIuMTU5LjI0NC44Mg%3D%3D, From: subscribe, IPv_Type: ipv6, Location: 美国, ISP: CloudFlare Inc., Date: None, Delay: -1 ms, Speed: 0.00 M/s, Resolution: None
Name: 纬来育乐, URL: https://live.catvod.com/live.php?id=videolandyule&token=5cb2319bf31f55942b66bea130906625a781466723fa5eac4db3f0ea95fe711e%3A1765934527%3AMTcyLjE4NC4xNzUuMTQ0, From: subscribe, IPv_Type: ipv6, Location: 美国, ISP: CloudFlare Inc., Date: None, Delay: -1 ms, Speed: 0.00 M/s, Resolution: None
Name: 纬来育乐, URL: https://live.catvod.com/live.php?id=videolandyule&token=b8bc16e9703a3642245635315e873209f78fd91f1beed5270d502e23b67f65dc%3A1766107501%3AMTI4LjI0LjE2MS4xNzY%3D, From: subscribe, IPv_Type: ipv6, Location: 美国, ISP: CloudFlare Inc., Date: None, Delay: -1 ms, Speed: 0.00 M/s, Resolution: None
Name: 纬来育乐, URL: https://live.catvod.com/live.php?id=videolandyule&token=903f0a51ee112a931f6d5f6043c381b504a41d1e1a63e7d07ea9fa9a9e314362%3A1766280998%3AMjAuNTEuMjA2Ljgx, From: subscribe, IPv_Type: ipv6, Location: 美国, ISP: CloudFlare Inc., Date: None, Delay: -1 ms, Speed: 0.00 M/s, Resolution: None
Name: 纬来育乐, URL: https://live.catvod.com/live.php?id=videolandyule&token=e15ea0d788c4c047233e0d6d7a58848b30bda904223c7750e5845b3902aa1a6f%3A1766453072%3AMjAuMTYxLjY3LjIxMA%3D%3D, From: subscribe, IPv_Type: ipv6, Location: 美国, ISP: CloudFlare Inc., Date: None, Delay: -1 ms, Speed: 0.00 M/s, Resolution: None
Name: 纬来育乐, URL: https://live.catvod.com/live.php?id=videolandyule&token=93fd820288f2387158fd1b8042a672e3b40010f21deefb7749604c57e3c1b363%3A1766625897%3ANjguMjIwLjYyLjE4MA%3D%3D, From: subscribe, IPv_Type: ipv6, Location: 美国, ISP: CloudFlare Inc., Date: None, Delay: -1 ms, Speed: 0.00 M/s, Resolution: None
Name: 纬来育乐, URL: https://live.catvod.com/live.php?id=videolandyule&token=321d3b447938282ceb0593d501fc893cf26fca75594dde4deff40f68b6460338%3A1766798552%3AMTcyLjIxNC40NC40OQ%3D%3D, From: subscribe, IPv_Type: ipv6, Location: 美国, ISP: CloudFlare Inc., Date: None, Delay: -1 ms, Speed: 0.00 M/s, Resolution: None
Name: 纬来育乐, URL: https://live.catvod.com/live.php?id=videolandyule, From: subscribe, IPv_Type: ipv6, Location: 美国, ISP: CloudFlare Inc., Date: None, Delay: -1 ms, Speed: 0.00 M/s, Resolution: None
Name: 纬来育乐, URL: http://free.cnlive.club/channel/581c988d.m3u8?q=111.170.171.148, From: subscribe, IPv_Type: ipv6, Location: 美国, ISP: CloudFlare Inc., Date: None, Delay: -1 ms, Speed: 0.00 M/s, Resolution: None
Name: 纬来育乐, URL: https://live.catvod.com/live.php?id=videolandmax, From: subscribe, IPv_Type: ipv6, Location: 美国, ISP: CloudFlare Inc., Date: None, Delay: -1 ms, Speed: 0.00 M/s, Resolution: None
Name: 纬来育乐, URL: https://cdn.iptv8k.top/dl/jrys.php?id=289&time=20240926215313&ip=111.229.253.40, From: subscribe, IPv_Type: ipv4, Location: 美国, ISP: CloudFlare节点, Date: None, Delay: 11 ms, Speed: 28.86 M/s, Resolution: 1920x1080
Name: J2, URL: http://php.jdshipin.com:8880/PLTV/iptv.php?id=j2, From: subscribe, IPv_Type: ipv6, Location: 美国, ISP: CloudFlare Inc., Date: None, Delay: 2590 ms, Speed: 2.77 M/s, Resolution: 1920x1080
Name: J2, URL: http://api.kkitv.itv888.vip:8080/streams/48uxa7dlbga/index.m3u8, From: subscribe, IPv_Type: ipv6, Location: 美国, ISP: CloudFlare Inc., Date: None, Delay: -1 ms, Speed: 0.00 M/s, Resolution: None
Name: Viutv, URL: http://php.jdshipin.com:8880/PLTV/iptv.php?id=viutv, From: subscribe, IPv_Type: ipv6, Location: 美国, ISP: CloudFlare Inc., Date: None, Delay: 3519 ms, Speed: 2.46 M/s, Resolution: 1920x1080
Name: Viutv, URL: https://cdn.iptv8k.top/dl/jrys.php?id=78&time=20240926215313&ip=111.229.253.40, From: subscribe, IPv_Type: ipv4, Location: 美国, ISP: CloudFlare节点, Date: None, Delay: 12 ms, Speed: 25.40 M/s, Resolution: 1920x1080
Name: 三立台湾, URL: https://cdn.iptv8k.top/dl/jrys.php?id=269&time=20240926215313&ip=111.229.253.40, From: subscribe, IPv_Type: ipv4, Location: 美国, ISP: CloudFlare节点, Date: None, Delay: 14 ms, Speed: 21.66 M/s, Resolution: 1920x1080
Name: 无线新闻, URL: https://cdn9.163189.xyz/smt3.1.1.php?id=inews_twn, From: subscribe, IPv_Type: ipv6, Location: 美国, ISP: CloudFlare Inc., Date: None, Delay: 780 ms, Speed: 3.25 M/s, Resolution: 1920x1080
Name: 无线新闻, URL: http://cdn9.163189.xyz/smt1.1.php?id=inews_twn, From: subscribe, IPv_Type: ipv6, Location: 美国, ISP: CloudFlare Inc., Date: None, Delay: 787 ms, Speed: 3.82 M/s, Resolution: 1920x1080
Name: 三立新闻, URL: https://raw.githubusercontent.com/ChiSheng9/iptv/master/TV32.m3u8, From: subscribe, IPv_Type: ipv6, Location: 美国, ISP: GitHub+Fastly节点, Date: None, Delay: 563 ms, Speed: 2.06 M/s, Resolution: 1920x1080
Name: 三立新闻, URL: https://epg.pw/stream/6b49e3faa38adda85abab446f032dc1e686baa0760a9cfa66e2df8fd6fe3b445.m3u8, From: subscribe, IPv_Type: ipv6, Location: 美国, ISP: CloudFlare Inc., Date: None, Delay: 932 ms, Speed: 0.69 M/s, Resolution: 1920x1080
Name: 三立新闻, URL: https://cdn.iptv8k.top/dl/jrys.php?id=273&time=20240926215313&ip=111.229.253.40, From: subscribe, IPv_Type: ipv4, Location: 美国, ISP: CloudFlare节点, Date: None, Delay: 11 ms, Speed: 28.85 M/s, Resolution: 1920x1080
Name: 东森综合, URL: https://cdn.iptv8k.top/dl/jrys.php?id=221&time=20240926215313&ip=111.229.253.40, From: subscribe, IPv_Type: ipv4, Location: 美国, ISP: CloudFlare节点, Date: None, Delay: 11 ms, Speed: 28.51 M/s, Resolution: 1920x1080
Name: 东森综合, URL: https://cdn.iptv8k.top/dl/jrys.php?id=221&amp;time=20240926215313&amp;ip=111.229.253.40, From: subscribe, IPv_Type: ipv4, Location: 美国, ISP: CloudFlare节点, Date: None, Delay: 13 ms, Speed: 23.52 M/s, Resolution: 1920x1080
Name: 东森综合, URL: https://cdn.iptv8k.top/dl/jrys.php?id=220&time=20240926215313&ip=111.229.253.40, From: subscribe, IPv_Type: ipv4, Location: 美国, ISP: CloudFlare节点, Date: None, Delay: 13 ms, Speed: 23.46 M/s, Resolution: 1920x1080
Name: 东森超视, URL: https://smart.pendy.dpdns.org/Smart.php?id=ettvsuper, From: subscribe, IPv_Type: ipv6, Location: 美国, ISP: CloudFlare Inc., Date: None, Delay: 8 ms, Speed: 280.84 M/s, Resolution: 1920x1080
Name: 东森超视, URL: https://stream1.freetv.fun/dong-sen-chao-shi-2.m3u8, From: subscribe, IPv_Type: ipv6, Location: 美国, ISP: CloudFlare Inc., Date: None, Delay: -1 ms, Speed: 0.00 M/s, Resolution: None
Name: 东森超视, URL: https://cdn.iptv8k.top/dl/jrys.php?id=216&time=20240926215313&ip=111.229.253.40, From: subscribe, IPv_Type: ipv4, Location: 美国, ISP: CloudFlare节点, Date: None, Delay: 10 ms, Speed: 31.70 M/s, Resolution: 1920x1080
Name: 东森超视, URL: https://cdn.iptv8k.top/dl/jrys.php?id=216&time=20240926215313&ip=111.229.253.40#rtmp://f13h.mine.nu/sat/tv331#rtmp://f13h.mine.nu/sat/tv331, From: subscribe, IPv_Type: ipv4, Location: 美国, ISP: CloudFlare节点, Date: None, Delay: 11 ms, Speed: 27.87 M/s, Resolution: 1920x1080
Name: 东森超视, URL: https://cdn.iptv8k.top/dl/jrys.php?id=217&time=20240926215313&ip=111.229.253.40, From: subscribe, IPv_Type: ipv4, Location: 美国, ISP: CloudFlare节点, Date: None, Delay: 11 ms, Speed: 27.84 M/s, Resolution: 1920x1080
Name: 东森超视, URL: http://38.64.72.148:80/hls/modn/list/2013/chunklist1.m3u8, From: subscribe, IPv_Type: ipv4, Location: 美国-加利福尼亚州-洛杉矶, ISP: Cogent, Date: None, Delay: 965 ms, Speed: 1.27 M/s, Resolution: 1920x1080
Name: 东森电影, URL: https://cdn.iptv8k.top/dl/jrys.php?id=231&time=20240926215313&ip=111.229.253.40, From: subscribe, IPv_Type: ipv4, Location: 美国, ISP: CloudFlare节点, Date: None, Delay: 17 ms, Speed: 18.67 M/s, Resolution: 1920x1080
Name: Now剧集, URL: http://pullpackage.alivecdn.com/live/B9AKX0X3gSWZVv91H6UZDdsYyM8Fie9HvmJFzg3XN8JiR27kog.flv, From: subscribe, IPv_Type: ipv6, Location: 美国-加利福尼亚州-洛杉矶, ISP: Level3, Date: None, Delay: -1 ms, Speed: 0.00 M/s, Resolution: None
Name: Now华剧, URL: http://iptv.4666888.xyz/iptv2A.php?id=84, From: subscribe, IPv_Type: ipv4, Location: 中国-香港, ISP: AS979_Net, Date: None, Delay: 211 ms, Speed: 6.56 M/s, Resolution: 864x720
Name: 靖天资讯, URL: https://stream1.freetv.fun/jing-tian-zi-xun-10.m3u8, From: subscribe, IPv_Type: ipv6, Location: 美国, ISP: CloudFlare Inc., Date: None, Delay: -1 ms, Speed: 0.00 M/s, Resolution: None
Name: 靖天资讯, URL: https://stream1.freetv.fun/jing-tian-zi-xun-13.m3u8, From: subscribe, IPv_Type: ipv6, Location: 美国, ISP: CloudFlare Inc., Date: None, Delay: -1 ms, Speed: 0.00 M/s, Resolution: None
Name: 靖天资讯, URL: https://stream1.freetv.fun/jing-tian-zi-xun-14.m3u8, From: subscribe, IPv_Type: ipv6, Location: 美国, ISP: CloudFlare Inc., Date: None, Delay: -1 ms, Speed: 0.00 M/s, Resolution: None
Name: 靖天资讯, URL: https://stream1.freetv.fun/jing-tian-zi-xun-15.m3u8, From: subscribe, IPv_Type: ipv6, Location: 美国, ISP: CloudFlare Inc., Date: None, Delay: -1 ms, Speed: 0.00 M/s, Resolution: None
Name: 靖天资讯, URL: https://stream1.freetv.fun/jing-tian-zi-xun-16.m3u8, From: subscribe, IPv_Type: ipv6, Location: 美国, ISP: CloudFlare Inc., Date: None, Delay: -1 ms, Speed: 0.00 M/s, Resolution: None
Name: 靖天资讯, URL: https://stream1.freetv.fun/jing-tian-zi-xun-8.m3u8, From: subscribe, IPv_Type: ipv6, Location: 美国, ISP: CloudFlare Inc., Date: None, Delay: -1 ms, Speed: 0.00 M/s, Resolution: None
Name: 靖天资讯, URL: https://stream1.freetv.fun/jing-tian-zi-xun-9.m3u8, From: subscribe, IPv_Type: ipv6, Location: 美国, ISP: CloudFlare Inc., Date: None, Delay: -1 ms, Speed: 0.00 M/s, Resolution: None
Name: 靖天资讯, URL: https://stream1.freetv.fun/jing-tian-zi-xun-12.m3u8, From: subscribe, IPv_Type: ipv6, Location: 美国, ISP: CloudFlare Inc., Date: None, Delay: -1 ms, Speed: 0.00 M/s, Resolution: None
Name: 靖天资讯, URL: https://t.freetv.fun/live/jing-tian-zi-xun-10.m3u8, From: subscribe, IPv_Type: ipv6, Location: 美国, ISP: CloudFlare Inc., Date: None, Delay: -1 ms, Speed: 0.00 M/s, Resolution: None
Name: 靖天资讯, URL: https://t.freetv.fun/live/jing-tian-zi-xun-11.m3u8, From: subscribe, IPv_Type: ipv6, Location: 美国, ISP: CloudFlare Inc., Date: None, Delay: -1 ms, Speed: 0.00 M/s, Resolution: None
Name: 靖天资讯, URL: https://t.freetv.fun/live/jing-tian-zi-xun-8.m3u8, From: subscribe, IPv_Type: ipv6, Location: 美国, ISP: CloudFlare Inc., Date: None, Delay: -1 ms, Speed: 0.00 M/s, Resolution: None
Name: 靖天资讯, URL: https://t.freetv.fun/live/jing-tian-zi-xun-9.m3u8, From: subscribe, IPv_Type: ipv6, Location: 美国, ISP: CloudFlare Inc., Date: None, Delay: -1 ms, Speed: 0.00 M/s, Resolution: None
Name: 靖天资讯, URL: https://cdn.iptv8k.top/dl/jrys.php?id=315&time=20240926215313&ip=111.229.253.40, From: subscribe, IPv_Type: ipv4, Location: 美国, ISP: CloudFlare节点, Date: None, Delay: 13 ms, Speed: 23.02 M/s, Resolution: 1920x1080
Name: CHC家庭影院, URL: http://eastscreen.tv/ooooo.php, From: subscribe, IPv_Type: ipv6, Location: 美国, ISP: CloudFlare Inc., Date: None, Delay: 179 ms, Speed: 1.08 M/s, Resolution: 1920x1080
Name: CHC家庭影院, URL: https://www.freetv.top/migu/644368373.m3u8?migutoken=b9d9d0ba0208e949cf0736455b86290b2d1d2ff4727f523b7117dde6eb883cb4582c5ce1519685e57d54bfb562057c10a00dde58bb674d8600fd2d918b8cb440294e083e7b8f19e0dbcc9250d8, From: subscribe, IPv_Type: ipv6, Location: 美国-加利福尼亚州-圣克拉拉, ISP: DigitalOcean, Date: None, Delay: 59 ms, Speed: 6.98 M/s, Resolution: 1920x1080
Name: CHC家庭影院, URL: https://www.freetv.top/migu/644368373.m3u8?migutoken=893aa32f9d861d92c0661b8125e5b12471106642e4d0f341956e45e2f60dbb2179c3b5b6f05c2e8242e24d254815578255456ce991c2d337b226ce49c025efe16f2d4715157e642b7447f0bf06, From: subscribe, IPv_Type: ipv6, Location: 美国-加利福尼亚州-圣克拉拉, ISP: DigitalOcean, Date: None, Delay: 72 ms, Speed: 6.72 M/s, Resolution: 1920x1080
Name: CHC家庭影院, URL: https://migu.188766.xyz/?migutoken=a93fd1e06c182fdf23f40718a25f5bc6&id=CHC%E5%AE%B6%E5%BA%AD%E5%BD%B1%E9%99%A2&type=yy, From: subscribe, IPv_Type: ipv6, Location: 美国, ISP: CloudFlare Inc., Date: None, Delay: -1 ms, Speed: 0.00 M/s, Resolution: None
Name: CHC家庭影院, URL: https://migu.188766.xyz/?migutoken=dfaa2848f08f82a7b64f7b20abaef306&id=CHC%E5%AE%B6%E5%BA%AD%E5%BD%B1%E9%99%A2&type=yy, From: subscribe, IPv_Type: ipv6, Location: 美国, ISP: CloudFlare Inc., Date: None, Delay: -1 ms, Speed: 0.00 M/s, Resolution: None
Name: CHC家庭影院, URL: https://migu.188766.xyz/?migutoken=12c2931bb02e30c372a071ac3eab68f3&id=CHC%E5%AE%B6%E5%BA%AD%E5%BD%B1%E9%99%A2&type=yy, From: subscribe, IPv_Type: ipv6, Location: 美国, ISP: CloudFlare Inc., Date: None, Delay: -1 ms, Speed: 0.00 M/s, Resolution: None
Name: CHC家庭影院, URL: https://migu.188766.xyz/?migutoken=2a0f5cab9fbc26ead21455336ad37ceb&id=CHC%E5%AE%B6%E5%BA%AD%E5%BD%B1%E9%99%A2&type=yy, From: subscribe, IPv_Type: ipv6, Location: 美国, ISP: CloudFlare Inc., Date: None, Delay: -1 ms, Speed: 0.00 M/s, Resolution: None
Name: CHC家庭影院, URL: https://migu.188766.xyz/?migutoken=780f77d0d7a9e17a0d904a5944f856a4&id=CHC%E5%AE%B6%E5%BA%AD%E5%BD%B1%E9%99%A2&type=yy, From: subscribe, IPv_Type: ipv6, Location: 美国, ISP: CloudFlare Inc., Date: None, Delay: -1 ms, Speed: 0.00 M/s, Resolution: None
Name: CHC家庭影院, URL: https://migu.188766.xyz/?migutoken=c59b6d45599bd0c24f4b0d06185f8889&id=CHC%E5%AE%B6%E5%BA%AD%E5%BD%B1%E9%99%A2&type=yy, From: subscribe, IPv_Type: ipv6, Location: 美国, ISP: CloudFlare Inc., Date: None, Delay: -1 ms, Speed: 0.00 M/s, Resolution: None
Name: CHC家庭影院, URL: https://migu.188766.xyz/?migutoken=68135c4e6d33deab4a0b1825e9c904a8&id=CHC%E5%AE%B6%E5%BA%AD%E5%BD%B1%E9%99%A2&type=yy, From: subscribe, IPv_Type: ipv6, Location: 美国, ISP: CloudFlare Inc., Date: None, Delay: -1 ms, Speed: 0.00 M/s, Resolution: None
Name: CHC家庭影院, URL: https://migu.188766.xyz/?migutoken=96a2940f36df89b5b97a2deee91d66af&id=CHC%E5%AE%B6%E5%BA%AD%E5%BD%B1%E9%99%A2&type=yy, From: subscribe, IPv_Type: ipv6, Location: 美国, ISP: CloudFlare Inc., Date: None, Delay: -1 ms, Speed: 0.00 M/s, Resolution: None
Name: CHC家庭影院, URL: https://migu.188766.xyz/?migutoken=29b551223ea46848eb33d3a0868fd13f&id=CHC%E5%AE%B6%E5%BA%AD%E5%BD%B1%E9%99%A2&type=yy, From: subscribe, IPv_Type: ipv6, Location: 美国, ISP: CloudFlare Inc., Date: None, Delay: -1 ms, Speed: 0.00 M/s, Resolution: None
Name: CHC家庭影院, URL: https://iptv.catvod.com/live.php?id=CHC%E5%AE%B6%E5%BA%AD%E5%BD%B1%E9%99%A2, From: subscribe, IPv_Type: ipv6, Location: 美国, ISP: CloudFlare Inc., Date: None, Delay: -1 ms, Speed: 0.00 M/s, Resolution: None
Name: CHC家庭影院, URL: https://migu.188766.xyz/?migutoken=29b6b34fa30f982c0f1ed43f2bb2c94b&id=CHC%E5%AE%B6%E5%BA%AD%E5%BD%B1%E9%99%A2&type=yy, From: subscribe, IPv_Type: ipv6, Location: 美国, ISP: CloudFlare Inc., Date: None, Delay: -1 ms, Speed: 0.00 M/s, Resolution: None
Name: CHC家庭影院, URL: https://migu.188766.xyz/?migutoken=e9a87c471f2c18483c5f6d2ec2937d09&id=CHC%E5%AE%B6%E5%BA%AD%E5%BD%B1%E9%99%A2&type=yy, From: subscribe, IPv_Type: ipv6, Location: 美国, ISP: CloudFlare Inc., Date: None, Delay: -1 ms, Speed: 0.00 M/s, Resolution: None
Name: CHC家庭影院, URL: https://migu.188766.xyz/?migutoken=9e72081921f9fd36b1db3c2bc7f09856&id=CHC%E5%AE%B6%E5%BA%AD%E5%BD%B1%E9%99%A2&type=yy, From: subscribe, IPv_Type: ipv6, Location: 美国, ISP: CloudFlare Inc., Date: None, Delay: -1 ms, Speed: 0.00 M/s, Resolution: None
Name: CHC家庭影院, URL: https://t.freetv.fun/live/chcjia-ting-ying-yuan.m3u8, From: subscribe, IPv_Type: ipv6, Location: 美国, ISP: CloudFlare Inc., Date: None, Delay: -1 ms, Speed: 0.00 M/s, Resolution: None
Name: CHC家庭影院, URL: https://t.freetv.fun/live/chcjia-ting-ying-yuan-1.m3u8, From: subscribe, IPv_Type: ipv6, Location: 美国, ISP: CloudFlare Inc., Date: None, Delay: -1 ms, Speed: 0.00 M/s, Resolution: None
Name: CHC家庭影院, URL: https://t.freetv.fun/live/chcjia-ting-ying-yuan-12.m3u8, From: subscribe, IPv_Type: ipv6, Location: 美国, ISP: CloudFlare Inc., Date: None, Delay: -1 ms, Speed: 0.00 M/s, Resolution: None
Name: CHC家庭影院, URL: https://t.freetv.fun/live/chcjia-ting-ying-yuan-13.m3u8, From: subscribe, IPv_Type: ipv6, Location: 美国, ISP: CloudFlare Inc., Date: None, Delay: -1 ms, Speed: 0.00 M/s, Resolution: None
Name: CHC家庭影院, URL: https://t.freetv.fun/live/chcjia-ting-ying-yuan-9.m3u8, From: subscribe, IPv_Type: ipv6, Location: 美国, ISP: CloudFlare Inc., Date: None, Delay: -1 ms, Speed: 0.00 M/s, Resolution: None
Name: CHC动作电影, URL: https://www.freetv.top/migu/644368714.m3u8?migutoken=2e48d18419793654f347e8ca29e0028ce9f3eaaa7a108b006304178b8f790f34908f8a09bbb8f4b8b8abcf36e2341f1043dde8719cf4927fcd0dcde4667f8b91e68e820314791d9b70452862c9, From: subscribe, IPv_Type: ipv6, Location: 美国-加利福尼亚州-圣克拉拉, ISP: DigitalOcean, Date: None, Delay: 64 ms, Speed: 6.84 M/s, Resolution: 1920x1080
Name: CHC动作电影, URL: https://www.freetv.top/migu/644368714.m3u8?migutoken=fb9ef80443f06c3612ddd35545ec1054b5bcab3941fc46ecf84808bdd512d7b2cf16d34fdf955bff71bf01f818f6918ba2d7f536dc5451d1519d15cf8a5671bf16ea8a3bbc71db4477476e211d, From: subscribe, IPv_Type: ipv6, Location: 美国-加利福尼亚州-圣克拉拉, ISP: DigitalOcean, Date: None, Delay: 73 ms, Speed: 6.20 M/s, Resolution: 1920x1080
Name: CHC动作电影, URL: http://eastscreen.tv/ooooo.php, From: subscribe, IPv_Type: ipv6, Location: 美国, ISP: CloudFlare Inc., Date: None, Delay: 0.1 ms, Speed: inf M/s, Resolution: 1920x1080
Name: CHC动作电影, URL: https://migu.188766.xyz/?migutoken=1597e6b5127bd0bdc95281586a3d06df&id=CHC%E5%8A%A8%E4%BD%9C%E7%94%B5%E5%BD%B1&type=yy, From: subscribe, IPv_Type: ipv6, Location: 美国, ISP: CloudFlare Inc., Date: None, Delay: -1 ms, Speed: 0.00 M/s, Resolution: None
Name: CHC动作电影, URL: https://migu.188766.xyz/?migutoken=f76f9a4401d1e90574ca8914ed633d14&id=CHC%E5%8A%A8%E4%BD%9C%E7%94%B5%E5%BD%B1&type=yy, From: subscribe, IPv_Type: ipv6, Location: 美国, ISP: CloudFlare Inc., Date: None, Delay: -1 ms, Speed: 0.00 M/s, Resolution: None
Name: CHC动作电影, URL: https://migu.188766.xyz/?migutoken=f3870beb4b7d3503f36cfa7ff92c2480&id=CHC%E5%8A%A8%E4%BD%9C%E7%94%B5%E5%BD%B1&type=yy, From: subscribe, IPv_Type: ipv6, Location: 美国, ISP: CloudFlare Inc., Date: None, Delay: -1 ms, Speed: 0.00 M/s, Resolution: None
Name: CHC动作电影, URL: https://migu.188766.xyz/?migutoken=7670a2dd454db8ad5e74b5ae366b8257&id=CHC%E5%8A%A8%E4%BD%9C%E7%94%B5%E5%BD%B1&type=yy, From: subscribe, IPv_Type: ipv6, Location: 美国, ISP: CloudFlare Inc., Date: None, Delay: -1 ms, Speed: 0.00 M/s, Resolution: None
Name: CHC动作电影, URL: https://migu.188766.xyz/?migutoken=0b0257ef83b183d1c0fd20415007e41e&id=CHC%E5%8A%A8%E4%BD%9C%E7%94%B5%E5%BD%B1&type=yy, From: subscribe, IPv_Type: ipv6, Location: 美国, ISP: CloudFlare Inc., Date: None, Delay: -1 ms, Speed: 0.00 M/s, Resolution: None
Name: CHC动作电影, URL: https://migu.188766.xyz/?migutoken=ee4b0263fa217b298b6b15301f6b36dc&id=CHC%E5%8A%A8%E4%BD%9C%E7%94%B5%E5%BD%B1&type=yy, From: subscribe, IPv_Type: ipv6, Location: 美国, ISP: CloudFlare Inc., Date: None, Delay: -1 ms, Speed: 0.00 M/s, Resolution: None
Name: CHC动作电影, URL: https://migu.188766.xyz/?migutoken=4de1d7a67330a79480ee6f963b12e3ba&id=CHC%E5%8A%A8%E4%BD%9C%E7%94%B5%E5%BD%B1&type=yy, From: subscribe, IPv_Type: ipv6, Location: 美国, ISP: CloudFlare Inc., Date: None, Delay: -1 ms, Speed: 0.00 M/s, Resolution: None
Name: CHC动作电影, URL: https://migu.188766.xyz/?migutoken=dc53afed98f99d57fabc61bcf4bb0003&id=CHC%E5%8A%A8%E4%BD%9C%E7%94%B5%E5%BD%B1&type=yy, From: subscribe, IPv_Type: ipv6, Location: 美国, ISP: CloudFlare Inc., Date: None, Delay: -1 ms, Speed: 0.00 M/s, Resolution: None
Name: CHC动作电影, URL: https://migu.188766.xyz/?migutoken=e6cb4a3a83e5125df3f33e77dfa527a5&id=CHC%E5%8A%A8%E4%BD%9C%E7%94%B5%E5%BD%B1&type=yy, From: subscribe, IPv_Type: ipv6, Location: 美国, ISP: CloudFlare Inc., Date: None, Delay: -1 ms, Speed: 0.00 M/s, Resolution: None
Name: CHC动作电影, URL: https://iptv.catvod.com/live.php?id=CHC%E5%8A%A8%E4%BD%9C%E7%94%B5%E5%BD%B1, From: subscribe, IPv_Type: ipv6, Location: 美国, ISP: CloudFlare Inc., Date: None, Delay: -1 ms, Speed: 0.00 M/s, Resolution: None
Name: CHC动作电影, URL: https://migu.188766.xyz/?migutoken=17a6d331f34ee841ae13aabac613b10e&id=CHC%E5%8A%A8%E4%BD%9C%E7%94%B5%E5%BD%B1&type=yy, From: subscribe, IPv_Type: ipv6, Location: 美国, ISP: CloudFlare Inc., Date: None, Delay: -1 ms, Speed: 0.00 M/s, Resolution: None
Name: CHC动作电影, URL: https://migu.188766.xyz/?migutoken=0f967ea9c08325dc73a43dde829cd3b8&id=CHC%E5%8A%A8%E4%BD%9C%E7%94%B5%E5%BD%B1&type=yy, From: subscribe, IPv_Type: ipv6, Location: 美国, ISP: CloudFlare Inc., Date: None, Delay: -1 ms, Speed: 0.00 M/s, Resolution: None
Name: CHC动作电影, URL: https://migu.188766.xyz/?migutoken=d7c2e0dba1fdb75fb8d428956b980f54&id=CHC%E5%8A%A8%E4%BD%9C%E7%94%B5%E5%BD%B1&type=yy, From: subscribe, IPv_Type: ipv6, Location: 美国, ISP: CloudFlare Inc., Date: None, Delay: -1 ms, Speed: 0.00 M/s, Resolution: None
Name: CHC动作电影, URL: https://t.freetv.fun/live/chcdong-zuo-dian-ying-2.php, From: subscribe, IPv_Type: ipv6, Location: 美国, ISP: CloudFlare Inc., Date: None, Delay: -1 ms, Speed: 0.00 M/s, Resolution: None
Name: CHC动作电影, URL: https://t.freetv.fun/live/chcdong-zuo-dian-ying.m3u8, From: subscribe, IPv_Type: ipv6, Location: 美国, ISP: CloudFlare Inc., Date: None, Delay: -1 ms, Speed: 0.00 M/s, Resolution: None
Name: CHC高清电影, URL: http://183.237.95.108:9901/tsfile/live/1008_1.m3u8?key=txiptv&playlive=0&authid=0, From: subscribe, IPv_Type: ipv4, Location: 中国-广东-梅州, ISP: 移动, Date: None, Delay: 10039 ms, Speed: 0.23 M/s, Resolution: 1920x1080
Name: CHC高清电影, URL: http://218.15.183.23:9901/tsfile/live/23044_1.m3u8, From: subscribe, IPv_Type: ipv4, Location: 中国-广东-梅州, ISP: 电信, Date: None, Delay: 10345 ms, Speed: 0.06 M/s, Resolution: 1920x1080
Name: CHC高清电影, URL: http://dassby.qqff.top:99/live/CHC高清/index.m3u8, From: subscribe, IPv_Type: ipv4, Location: 中国-辽宁-鞍山, ISP: 联通, Date: None, Delay: 10136 ms, Speed: 0.00 M/s, Resolution: None
Name: CHC高清电影, URL: rtsp://115.153.247.80/PLTV/88888888/224/3221226990/86128784.smil, From: subscribe, IPv_Type: ipv4, Location: 中国-江西-宜春, ISP: 电信, Date: None, Delay: 10005 ms, Speed: 0.00 M/s, Resolution: None
Name: CHC高清电影, URL: rtsp://115.153.230.145/PLTV/88888888/224/3221226990/86128784.smil, From: subscribe, IPv_Type: ipv4, Location: 中国-江西-宜春, ISP: 电信, Date: None, Delay: 10006 ms, Speed: 0.00 M/s, Resolution: None
Name: CHC高清电影, URL: rtsp://115.153.222.112:554/PLTV/88888888/224/3221226990/86128784.smil, From: subscribe, IPv_Type: ipv4, Location: 中国-江西-宜春, ISP: 电信, Date: None, Delay: 10006 ms, Speed: 0.00 M/s, Resolution: None
Name: 淘剧场, URL: http://[2409:8087:1:20:20::26]/otttv.bj.chinamobile.com/PLTV/88888888/224/3221226553/1.m3u8?GuardEncType=2&accountinfo=%7E%7EV2.0%7EQaJ92NID2SpQlY6_VJVogg%7E_eNUbgU9sJGUcVVduOMKhafLvQUgE_zlz_7pvDimJNOuQYJeiYEeFWTkFfE86Vq-%2CEND, From: subscribe, IPv_Type: ipv6, Location: 中国, ISP: 中国移动, Date: None, Delay: -1 ms, Speed: 0.00 M/s, Resolution: 1920x1080
Name: 淘剧场, URL: http://dsj.motem.top:8880/bptv/10000100000000050000000003887497.m3u8, From: subscribe, IPv_Type: ipv6, Location: 美国, ISP: CloudFlare Inc., Date: None, Delay: -1 ms, Speed: 0.00 M/s, Resolution: 1920x1080
Name: 淘剧场, URL: http://missyao.com:35455/bptv/10000100000000050000000003887497.m3u8, From: subscribe, IPv_Type: ipv6, Location: 中国-香港, ISP: , Date: None, Delay: -1 ms, Speed: 0.00 M/s, Resolution: None
Name: 淘剧场, URL: http://zjzcf.synology.me:35455/bptv/10000100000000050000000003887497.m3u8, From: subscribe, IPv_Type: ipv6, Location: 中国, ISP: 中国移动, Date: None, Delay: -1 ms, Speed: 0.00 M/s, Resolution: None
Name: 淘剧场, URL: http://iptv.666230.xyz/iptv/bjyd.php/6553, From: subscribe, IPv_Type: ipv6, Location: 美国, ISP: CloudFlare Inc., Date: None, Delay: -1 ms, Speed: 0.00 M/s, Resolution: None
Name: 淘娱乐, URL: http://[2409:8087:1:20:20::2c]/otttv.bj.chinamobile.com/PLTV/88888888/224/3221226551/1.m3u8?GuardEncType=2&accountinfo=%7E%7EV2.0%7Ex0efg9fpenP8E8lWJUb5Lg%7E_eNUbgU9sJGUcVVduOMKhafLvQUgE_zlz_7pvDimJNNg3bzRax0E9tLmO9xgXVx8%2CEND, From: subscribe, IPv_Type: ipv6, Location: 中国, ISP: 中国移动, Date: None, Delay: -1 ms, Speed: 0.00 M/s, Resolution: 1920x1080
Name: 淘娱乐, URL: http://dsj.motem.top:8880/bptv/10000100000000050000000003887499.m3u8, From: subscribe, IPv_Type: ipv6, Location: 美国, ISP: CloudFlare Inc., Date: None, Delay: -1 ms, Speed: 0.00 M/s, Resolution: 1920x1080
Name: 淘娱乐, URL: http://missyao.com:35455/bptv/10000100000000050000000003887499.m3u8, From: subscribe, IPv_Type: ipv6, Location: 中国-香港, ISP: , Date: None, Delay: -1 ms, Speed: 0.00 M/s, Resolution: None
Name: 淘娱乐, URL: http://zjzcf.synology.me:35455/bptv/10000100000000050000000003887499.m3u8, From: subscribe, IPv_Type: ipv6, Location: 中国, ISP: 中国移动, Date: None, Delay: -1 ms, Speed: 0.00 M/s, Resolution: None
Name: 淘娱乐, URL: http://iptv.666230.xyz/iptv/bjyd.php/6551, From: subscribe, IPv_Type: ipv6, Location: 美国, ISP: CloudFlare Inc., Date: None, Delay: -1 ms, Speed: 0.00 M/s, Resolution: None
Name: NewTV惊悚悬疑, URL: http://ott.mobaibox.com/PLTV/3/224/3221227536/index.m3u8, From: subscribe, IPv_Type: ipv6, Location: 中国, ISP: 中国移动, Date: None, Delay: -1 ms, Speed: 0.00 M/s, Resolution: None
Name: NewTV惊悚悬疑, URL: http://hwltc.tv.cdn.zj.chinamobile.com/PLTV/88888888/224/3221236223/index.m3u8, From: subscribe, IPv_Type: ipv6, Location: 中国, ISP: 中国移动, Date: None, Delay: -1 ms, Speed: 0.00 M/s, Resolution: None
Name: NewTV动作电影, URL: http://ott.mobaibox.com/PLTV/3/224/3221227606/index.m3u8, From: subscribe, IPv_Type: ipv6, Location: 中国, ISP: 中国移动, Date: None, Delay: -1 ms, Speed: 0.00 M/s, Resolution: None
Name: 黑莓电影, URL: https://epg.pw/stream/ffcb6572863f0745a7369fbd9d901f1dfd0ab8fab8bad8bebb4e01c90b303c47.m3u8, From: subscribe, IPv_Type: ipv6, Location: 美国, ISP: CloudFlare Inc., Date: None, Delay: 3028 ms, Speed: 1.85 M/s, Resolution: 1920x1080
Name: 纬来电影, URL: https://live.catvod.com/live.php?id=videolandmovie&token=4f0c172df6bd6c54ec90e21a20537fdb3faf32fd205e9d4b458227ce5e24a8df%3A1765243433%3AMTcyLjIxNS4yMTAuNTI%3D, From: subscribe, IPv_Type: ipv6, Location: 美国, ISP: CloudFlare Inc., Date: None, Delay: -1 ms, Speed: 0.00 M/s, Resolution: None
Name: 纬来电影, URL: http://php.666230.xyz/smt.php?id=videolandmovie, From: subscribe, IPv_Type: ipv6, Location: 美国, ISP: CloudFlare Inc., Date: None, Delay: -1 ms, Speed: 0.00 M/s, Resolution: None
Name: 纬来电影, URL: https://live.catvod.com/live.php?id=videolandmovie&token=220e7a2894488a95c656db15eb48cbec908fdd5ea00d6eda2700014991f40c85%3A1765416382%3AMTQ1LjEzMi45OS4yMQ%3D%3D, From: subscribe, IPv_Type: ipv6, Location: 美国, ISP: CloudFlare Inc., Date: None, Delay: -1 ms, Speed: 0.00 M/s, Resolution: None
Name: 纬来电影, URL: https://live.catvod.com/live.php?id=videolandmovie&token=4985d537e17929d652b1a49517388533d481425cae2a337c007798b276b3a86a%3A1765588729%3ANjQuMjM2LjE0MC4yMTE%3D, From: subscribe, IPv_Type: ipv6, Location: 美国, ISP: CloudFlare Inc., Date: None, Delay: -1 ms, Speed: 0.00 M/s, Resolution: None
Name: 纬来电影, URL: https://live.catvod.com/live.php?id=videolandmovie&token=781eca0d3411569a7e4f964200ef1aa1158c84d4baf27d305482c654c8197b7a%3A1765762038%3ANTIuMTU5LjI0NC44Mg%3D%3D, From: subscribe, IPv_Type: ipv6, Location: 美国, ISP: CloudFlare Inc., Date: None, Delay: -1 ms, Speed: 0.00 M/s, Resolution: None
Name: 纬来电影, URL: https://live.catvod.com/live.php?id=videolandmovie&token=a666596ccd57b5ef18353e04413eb28f01c2eed3af303703033b1df9d6358767%3A1765934527%3AMTcyLjE4NC4xNzUuMTQ0, From: subscribe, IPv_Type: ipv6, Location: 美国, ISP: CloudFlare Inc., Date: None, Delay: -1 ms, Speed: 0.00 M/s, Resolution: None
Name: 纬来电影, URL: https://live.catvod.com/live.php?id=videolandmovie&token=e295f84ec2b97e80d9233a0c44f9b12a79f29684823d16aaf787f70458f64719%3A1766107501%3AMTI4LjI0LjE2MS4xNzY%3D, From: subscribe, IPv_Type: ipv6, Location: 美国, ISP: CloudFlare Inc., Date: None, Delay: -1 ms, Speed: 0.00 M/s, Resolution: None
Name: 纬来电影, URL: https://live.catvod.com/live.php?id=videolandmovie&token=1867aa453c7597653c1db37a6101c4c9845f313ef9d31f08eec724c0fd2be104%3A1766280998%3AMjAuNTEuMjA2Ljgx, From: subscribe, IPv_Type: ipv6, Location: 美国, ISP: CloudFlare Inc., Date: None, Delay: -1 ms, Speed: 0.00 M/s, Resolution: None
Name: 纬来电影, URL: https://live.catvod.com/live.php?id=videolandmovie&token=ae73bb0ac6b51222a2cbce9b616f4e165a3f00ffbb5b10c32f48d25106bf4bb8%3A1766453072%3AMjAuMTYxLjY3LjIxMA%3D%3D, From: subscribe, IPv_Type: ipv6, Location: 美国, ISP: CloudFlare Inc., Date: None, Delay: -1 ms, Speed: 0.00 M/s, Resolution: None
Name: 纬来电影, URL: https://live.catvod.com/live.php?id=videolandmovie&token=cabbf31c06f5e8ff4e6801fbbedbfdc16505959f14ecaf7c2cd4e2b3d108555d%3A1766625897%3ANjguMjIwLjYyLjE4MA%3D%3D, From: subscribe, IPv_Type: ipv6, Location: 美国, ISP: CloudFlare Inc., Date: None, Delay: -1 ms, Speed: 0.00 M/s, Resolution: None
Name: 纬来电影, URL: https://live.catvod.com/live.php?id=videolandmovie&token=95d22a3f7de0c16c0c6bac982aaf1ee6233d145b604c6b1e07984dc7aeda5497%3A1766798552%3AMTcyLjIxNC40NC40OQ%3D%3D, From: subscribe, IPv_Type: ipv6, Location: 美国, ISP: CloudFlare Inc., Date: None, Delay: -1 ms, Speed: 0.00 M/s, Resolution: None
Name: 纬来电影, URL: https://live.catvod.com/live.php?id=videolandmovie, From: subscribe, IPv_Type: ipv6, Location: 美国, ISP: CloudFlare Inc., Date: None, Delay: -1 ms, Speed: 0.00 M/s, Resolution: None
Name: 纬来电影, URL: https://live.catvod.com/live.php?id=videolandmovie&token=4ef1b71d966e768b749843d150246e8f77aa83b1d79878100de8f8b3431e0b59%3A1761182302%3ANTIuMjM0LjQzLjE3Nw%3D%3D, From: subscribe, IPv_Type: ipv6, Location: 美国, ISP: CloudFlare Inc., Date: None, Delay: -1 ms, Speed: 0.00 M/s, Resolution: None
Name: 纬来电影, URL: https://smt.858.qzz.io/Smart.php?id=videolandmovie, From: subscribe, IPv_Type: ipv6, Location: 美国, ISP: CloudFlare Inc., Date: None, Delay: -1 ms, Speed: 0.00 M/s, Resolution: None
Name: 纬来电影, URL: https://smt.go-iptv.ggff.net/smart.php?id=videolandmovie&token=Goiptv, From: subscribe, IPv_Type: ipv6, Location: 美国, ISP: CloudFlare Inc., Date: None, Delay: -1 ms, Speed: 0.00 M/s, Resolution: None
Name: 纬来电影, URL: https://tv.iill.top/x/wldy, From: subscribe, IPv_Type: ipv6, Location: 美国, ISP: CloudFlare Inc., Date: None, Delay: -1 ms, Speed: 0.00 M/s, Resolution: None
Name: 纬来电影, URL: https://tv.iill.top/x/wldy&token=886bce813f2cd4e37742d034db073fb39288ecfa7b0e43b20307dd9a2b2d0bdc, From: subscribe, IPv_Type: ipv6, Location: 美国, ISP: CloudFlare Inc., Date: None, Delay: -1 ms, Speed: 0.00 M/s, Resolution: None
Name: 靖天映画, URL: https://cdn.iptv8k.top/dl/jrys.php?id=320&time=20240926215313&ip=111.229.253.40, From: subscribe, IPv_Type: ipv4, Location: 美国, ISP: CloudFlare节点, Date: None, Delay: 12 ms, Speed: 25.35 M/s, Resolution: 1920x1080
Name: 靖天戏剧, URL: https://stream1.freetv.fun/jing-tian-xi-ju-10.m3u8, From: subscribe, IPv_Type: ipv6, Location: 美国, ISP: CloudFlare Inc., Date: None, Delay: -1 ms, Speed: 0.00 M/s, Resolution: None
Name: 靖天戏剧, URL: https://stream1.freetv.fun/jing-tian-xi-ju-11.m3u8, From: subscribe, IPv_Type: ipv6, Location: 美国, ISP: CloudFlare Inc., Date: None, Delay: -1 ms, Speed: 0.00 M/s, Resolution: None
Name: 靖天戏剧, URL: https://stream1.freetv.fun/jing-tian-xi-ju-14.m3u8, From: subscribe, IPv_Type: ipv6, Location: 美国, ISP: CloudFlare Inc., Date: None, Delay: -1 ms, Speed: 0.00 M/s, Resolution: None
Name: 靖天戏剧, URL: https://stream1.freetv.fun/jing-tian-xi-ju-15.m3u8, From: subscribe, IPv_Type: ipv6, Location: 美国, ISP: CloudFlare Inc., Date: None, Delay: -1 ms, Speed: 0.00 M/s, Resolution: None
Name: 靖天戏剧, URL: https://stream1.freetv.fun/jing-tian-xi-ju-8.m3u8, From: subscribe, IPv_Type: ipv6, Location: 美国, ISP: CloudFlare Inc., Date: None, Delay: -1 ms, Speed: 0.00 M/s, Resolution: None
Name: 靖天戏剧, URL: https://stream1.freetv.fun/jing-tian-xi-ju-9.m3u8, From: subscribe, IPv_Type: ipv6, Location: 美国, ISP: CloudFlare Inc., Date: None, Delay: -1 ms, Speed: 0.00 M/s, Resolution: None
Name: 靖天戏剧, URL: https://stream1.freetv.fun/jing-tian-xi-ju-12.m3u8, From: subscribe, IPv_Type: ipv6, Location: 美国, ISP: CloudFlare Inc., Date: None, Delay: -1 ms, Speed: 0.00 M/s, Resolution: None
Name: 靖天戏剧, URL: https://stream1.freetv.fun/jing-tian-xi-ju-13.m3u8, From: subscribe, IPv_Type: ipv6, Location: 美国, ISP: CloudFlare Inc., Date: None, Delay: -1 ms, Speed: 0.00 M/s, Resolution: None
Name: 靖天戏剧, URL: https://t.freetv.fun/live/jing-tian-xi-ju-11.m3u8, From: subscribe, IPv_Type: ipv6, Location: 美国, ISP: CloudFlare Inc., Date: None, Delay: -1 ms, Speed: 0.00 M/s, Resolution: None
Name: 靖天戏剧, URL: https://t.freetv.fun/live/jing-tian-xi-ju-6.m3u8, From: subscribe, IPv_Type: ipv6, Location: 美国, ISP: CloudFlare Inc., Date: None, Delay: -1 ms, Speed: 0.00 M/s, Resolution: None
Name: 靖天戏剧, URL: https://t.freetv.fun/live/jing-tian-xi-ju-8.m3u8, From: subscribe, IPv_Type: ipv6, Location: 美国, ISP: CloudFlare Inc., Date: None, Delay: -1 ms, Speed: 0.00 M/s, Resolution: None
Name: 靖天戏剧, URL: https://t.freetv.fun/live/jing-tian-xi-ju-9.m3u8, From: subscribe, IPv_Type: ipv6, Location: 美国, ISP: CloudFlare Inc., Date: None, Delay: -1 ms, Speed: 0.00 M/s, Resolution: None
Name: 靖天戏剧, URL: https://cdn.iptv8k.top/dl/jrys.php?id=318&time=20240926215313&ip=111.229.253.40, From: subscribe, IPv_Type: ipv4, Location: 美国, ISP: CloudFlare节点, Date: None, Delay: 12 ms, Speed: 26.04 M/s, Resolution: 1920x1080
Name: 经典电影, URL: https://yylunbo.ottiptv.cc/yy/1414812324, From: subscribe, IPv_Type: ipv6, Location: 美国, ISP: CloudFlare Inc., Date: None, Delay: 65 ms, Speed: 6.99 M/s, Resolution: 1600x1320
Name: 经典电影, URL: https://cdn.iptv8k.top/dl/jrys.php?id=396&time=20240926215313&ip=111.229.253.40, From: subscribe, IPv_Type: ipv4, Location: 美国, ISP: CloudFlare节点, Date: None, Delay: 11 ms, Speed: 28.57 M/s, Resolution: 1920x1080
Name: IPTV经典电影, URL: http://43.138.0.72:35455/yy/1382754187, From: subscribe, IPv_Type: ipv4, Location: 中国-北京-北京, ISP: 腾讯云, Date: None, Delay: 26 ms, Speed: 20.46 M/s, Resolution: 1920x1080
Name: 天映经典, URL: https://live.catvod.com/live.php?id=Celestial2&token=b3fddc202765908f8029338e8f72b2f888fb1501890d173553404072e9667ad9%3A1765243433%3AMTcyLjIxNS4yMTAuNTI%3D, From: subscribe, IPv_Type: ipv6, Location: 美国, ISP: CloudFlare Inc., Date: None, Delay: -1 ms, Speed: 0.00 M/s, Resolution: None
Name: 天映经典, URL: https://live.catvod.com/live.php?id=Celestial2&token=420a03dd43a25c37f43c341e6bb055193875c3c094de16761b776be245a9af0c%3A1765416382%3AMTQ1LjEzMi45OS4yMQ%3D%3D, From: subscribe, IPv_Type: ipv6, Location: 美国, ISP: CloudFlare Inc., Date: None, Delay: -1 ms, Speed: 0.00 M/s, Resolution: None
Name: 天映经典, URL: https://live.catvod.com/live.php?id=Celestial2&token=fe49c837f39399a5cc93763ad0450645555f38626eaf579d5687e2526ed82cae%3A1765588729%3ANjQuMjM2LjE0MC4yMTE%3D, From: subscribe, IPv_Type: ipv6, Location: 美国, ISP: CloudFlare Inc., Date: None, Delay: -1 ms, Speed: 0.00 M/s, Resolution: None
Name: 天映经典, URL: https://live.catvod.com/live.php?id=Celestial2&token=c393bda0302a0232c80f49db87da98d8cc4c00bcaa5f9a585e575de9a39ed1a9%3A1765762038%3ANTIuMTU5LjI0NC44Mg%3D%3D, From: subscribe, IPv_Type: ipv6, Location: 美国, ISP: CloudFlare Inc., Date: None, Delay: -1 ms, Speed: 0.00 M/s, Resolution: None
Name: 天映经典, URL: https://live.catvod.com/live.php?id=Celestial2&token=e4c6a35bc9825991959cebd53a23bfff904cc1c76b02fbec33f2d66e933924cc%3A1765934527%3AMTcyLjE4NC4xNzUuMTQ0, From: subscribe, IPv_Type: ipv6, Location: 美国, ISP: CloudFlare Inc., Date: None, Delay: -1 ms, Speed: 0.00 M/s, Resolution: None
Name: 天映经典, URL: https://live.catvod.com/live.php?id=Celestial2&token=643fc81def99d196fb9619295ae2f8ed008fa78c5bb745a248cc70e6cbc9e4a1%3A1766107501%3AMTI4LjI0LjE2MS4xNzY%3D, From: subscribe, IPv_Type: ipv6, Location: 美国, ISP: CloudFlare Inc., Date: None, Delay: -1 ms, Speed: 0.00 M/s, Resolution: None
Name: 天映经典, URL: https://live.catvod.com/live.php?id=Celestial2&token=e6359ec3eb3a59e711559e663cf37296ea3bfaddee43d359e0c92d45b9625599%3A1766280998%3AMjAuNTEuMjA2Ljgx, From: subscribe, IPv_Type: ipv6, Location: 美国, ISP: CloudFlare Inc., Date: None, Delay: -1 ms, Speed: 0.00 M/s, Resolution: None
Name: 天映经典, URL: https://live.catvod.com/live.php?id=Celestial2&token=6805d4a8e684996bbc061e36542de02a05a1e06680df9d4dd161c89915e86719%3A1766453072%3AMjAuMTYxLjY3LjIxMA%3D%3D, From: subscribe, IPv_Type: ipv6, Location: 美国, ISP: CloudFlare Inc., Date: None, Delay: -1 ms, Speed: 0.00 M/s, Resolution: None
Name: 天映经典, URL: https://live.catvod.com/live.php?id=Celestial2&token=5c1f90df97e8f74f1c573774e3cda12e180a6307213e9a98c37c38557fb809b1%3A1766625897%3ANjguMjIwLjYyLjE4MA%3D%3D, From: subscribe, IPv_Type: ipv6, Location: 美国, ISP: CloudFlare Inc., Date: None, Delay: -1 ms, Speed: 0.00 M/s, Resolution: None
Name: 天映经典, URL: https://live.catvod.com/live.php?id=Celestial2&token=f9f52e4ffaae8a67d7a6dd4fa2ad20b3d945b1a40f1d4f3b74836f2e13a70e32%3A1766798552%3AMTcyLjIxNC40NC40OQ%3D%3D, From: subscribe, IPv_Type: ipv6, Location: 美国, ISP: CloudFlare Inc., Date: None, Delay: -1 ms, Speed: 0.00 M/s, Resolution: None
Name: 天映经典, URL: https://live.catvod.com/live.php?id=Celestial2, From: subscribe, IPv_Type: ipv6, Location: 美国, ISP: CloudFlare Inc., Date: None, Delay: -1 ms, Speed: 0.00 M/s, Resolution: None
Name: 天映经典, URL: http://free.cnlive.club/channel/n7e49c99a.m3u8?q=111.170.171.148, From: subscribe, IPv_Type: ipv6, Location: 美国, ISP: CloudFlare Inc., Date: None, Delay: -1 ms, Speed: 0.00 M/s, Resolution: None
Name: 天映经典, URL: https://smt.858.qzz.io/Smart.php?id=Celestial2, From: subscribe, IPv_Type: ipv6, Location: 美国, ISP: CloudFlare Inc., Date: None, Delay: -1 ms, Speed: 0.00 M/s, Resolution: None
Name: 天映经典, URL: https://smt.go-iptv.ggff.net/smart.php?id=Celestial2&token=Goiptv, From: subscribe, IPv_Type: ipv6, Location: 美国, ISP: CloudFlare Inc., Date: None, Delay: -1 ms, Speed: 0.00 M/s, Resolution: None
Name: 天映经典, URL: http://smt.veryfast.filegear-sg.me/smt3.2.1.php?id=Celestial2, From: subscribe, IPv_Type: ipv6, Location: 新加坡, ISP: Aceville Pte.Ltd., Date: None, Delay: -1 ms, Speed: 0.00 M/s, Resolution: None
Name: 天映经典, URL: http://cdn10.163189.xyz/163189/ccm, From: subscribe, IPv_Type: ipv6, Location: 美国, ISP: CloudFlare Inc., Date: None, Delay: -1 ms, Speed: 0.00 M/s, Resolution: None
Name: 天映经典, URL: https://o11.163189.xyz/stream/live/ccm/, From: subscribe, IPv_Type: ipv6, Location: 美国, ISP: CloudFlare Inc., Date: None, Delay: -1 ms, Speed: 0.00 M/s, Resolution: None
Name: 天映经典, URL: https://live.catvod.com/live.php?id=ccm01, From: subscribe, IPv_Type: ipv6, Location: 美国, ISP: CloudFlare Inc., Date: None, Delay: -1 ms, Speed: 0.00 M/s, Resolution: None
Name: 天映经典, URL: https://cdn.iptv8k.top/dl/jrys.php?id=71&time=20240926215313&ip=111.229.253.40, From: subscribe, IPv_Type: ipv4, Location: 美国, ISP: CloudFlare节点, Date: None, Delay: 11 ms, Speed: 27.03 M/s, Resolution: 1920x1080
Name: 无线星河, URL: https://cdn6.101.qzz.io/163189/tvbxh, From: subscribe, IPv_Type: ipv6, Location: 美国, ISP: CloudFlare Inc., Date: None, Delay: 102 ms, Speed: 29.35 M/s, Resolution: None
Name: 星空卫视, URL: https://cdn.iptv8k.top/dl/jrys.php?id=21&time=20240926215313&ip=111.229.253.40, From: subscribe, IPv_Type: ipv4, Location: 美国, ISP: CloudFlare节点, Date: None, Delay: 11 ms, Speed: 27.69 M/s, Resolution: 1920x1080
Name: 龙祥电影, URL: https://smt.858.qzz.io/Smart.php?id=lungxiangtime_twn, From: subscribe, IPv_Type: ipv6, Location: 美国, ISP: CloudFlare Inc., Date: None, Delay: -1 ms, Speed: 0.00 M/s, Resolution: None
Name: 龙祥电影, URL: https://smt.go-iptv.ggff.net/smart.php?id=lungxiangtime_twn&token=Goiptv, From: subscribe, IPv_Type: ipv6, Location: 美国, ISP: CloudFlare Inc., Date: None, Delay: -1 ms, Speed: 0.00 M/s, Resolution: None
Name: 东森洋片, URL: https://live.catvod.com/live.php?id=ettvwestern&token=796ed6dc0911636639d643dda0a106b04895bd1138d469d4c725a33fcadf1a20%3A1765243433%3AMTcyLjIxNS4yMTAuNTI%3D, From: subscribe, IPv_Type: ipv6, Location: 美国, ISP: CloudFlare Inc., Date: None, Delay: -1 ms, Speed: 0.00 M/s, Resolution: None
Name: 东森洋片, URL: http://php.666230.xyz/smt.php?id=ettvwestern, From: subscribe, IPv_Type: ipv6, Location: 美国, ISP: CloudFlare Inc., Date: None, Delay: -1 ms, Speed: 0.00 M/s, Resolution: None
Name: 东森洋片, URL: https://live.catvod.com/live.php?id=ettvwestern&token=539a8f64286376f9d840b57ff3923fb96f4e60e82f88fcf387dec35cf8e3f634%3A1765416382%3AMTQ1LjEzMi45OS4yMQ%3D%3D, From: subscribe, IPv_Type: ipv6, Location: 美国, ISP: CloudFlare Inc., Date: None, Delay: -1 ms, Speed: 0.00 M/s, Resolution: None
Name: 东森洋片, URL: https://live.catvod.com/live.php?id=ettvwestern&token=849c6100fc5d8f972b8d207ca1502926134535e7b1bd9e2b66a8747e81523e21%3A1765588729%3ANjQuMjM2LjE0MC4yMTE%3D, From: subscribe, IPv_Type: ipv6, Location: 美国, ISP: CloudFlare Inc., Date: None, Delay: -1 ms, Speed: 0.00 M/s, Resolution: None
Name: 东森洋片, URL: https://live.catvod.com/live.php?id=ettvwestern&token=faf91bacdf6d72b4257b65558b5c8dba2d8d7528b345a07dd3e266297ce7f4f0%3A1765762038%3ANTIuMTU5LjI0NC44Mg%3D%3D, From: subscribe, IPv_Type: ipv6, Location: 美国, ISP: CloudFlare Inc., Date: None, Delay: -1 ms, Speed: 0.00 M/s, Resolution: None
Name: 东森洋片, URL: https://live.catvod.com/live.php?id=ettvwestern&token=cea7789e3665b991dcd70042803c35c7d75b254b37044c09b9129362677337a0%3A1765934527%3AMTcyLjE4NC4xNzUuMTQ0, From: subscribe, IPv_Type: ipv6, Location: 美国, ISP: CloudFlare Inc., Date: None, Delay: -1 ms, Speed: 0.00 M/s, Resolution: None
Name: 东森洋片, URL: https://live.catvod.com/live.php?id=ettvwestern&token=383cb5ec00dbc39101aac2d43df48d6a05e2fc1b23baf6b9545402e7a8345b37%3A1766107501%3AMTI4LjI0LjE2MS4xNzY%3D, From: subscribe, IPv_Type: ipv6, Location: 美国, ISP: CloudFlare Inc., Date: None, Delay: -1 ms, Speed: 0.00 M/s, Resolution: None
Name: 东森洋片, URL: https://live.catvod.com/live.php?id=ettvwestern&token=ba24584e11213a1fc6e376a945071c630baf811dd10d8d04687f8021ad4cf3af%3A1766280998%3AMjAuNTEuMjA2Ljgx, From: subscribe, IPv_Type: ipv6, Location: 美国, ISP: CloudFlare Inc., Date: None, Delay: -1 ms, Speed: 0.00 M/s, Resolution: None
Name: 东森洋片, URL: https://live.catvod.com/live.php?id=ettvwestern&token=922b18cdc11dc9eb5f6d02e3df2827506fe7264b32a3c067f9b3e55994de4958%3A1766453072%3AMjAuMTYxLjY3LjIxMA%3D%3D, From: subscribe, IPv_Type: ipv6, Location: 美国, ISP: CloudFlare Inc., Date: None, Delay: -1 ms, Speed: 0.00 M/s, Resolution: None
Name: 东森洋片, URL: https://live.catvod.com/live.php?id=ettvwestern&token=ff44ec46c13f8835fc5f1bc1ae2bf096b9410df66a527d7bc1fc34890fa7d798%3A1766625897%3ANjguMjIwLjYyLjE4MA%3D%3D, From: subscribe, IPv_Type: ipv6, Location: 美国, ISP: CloudFlare Inc., Date: None, Delay: -1 ms, Speed: 0.00 M/s, Resolution: None
Name: 东森洋片, URL: https://live.catvod.com/live.php?id=ettvwestern&token=0a68aa1b7cc3495462d58b8f8b06c66f93f3cc5081713f94ad17fe68de1ae152%3A1766798552%3AMTcyLjIxNC40NC40OQ%3D%3D, From: subscribe, IPv_Type: ipv6, Location: 美国, ISP: CloudFlare Inc., Date: None, Delay: -1 ms, Speed: 0.00 M/s, Resolution: None
Name: 东森洋片, URL: https://live.catvod.com/live.php?id=ettvwestern, From: subscribe, IPv_Type: ipv6, Location: 美国, ISP: CloudFlare Inc., Date: None, Delay: -1 ms, Speed: 0.00 M/s, Resolution: None
Name: 东森洋片, URL: https://smt.go-iptv.ggff.net/smart.php?id=ettvwestern&token=Goiptv, From: subscribe, IPv_Type: ipv6, Location: 美国, ISP: CloudFlare Inc., Date: None, Delay: -1 ms, Speed: 0.00 M/s, Resolution: None
Name: 东森洋片, URL: https://smt.858.qzz.io/Smart.php?id=ettvwestern, From: subscribe, IPv_Type: ipv6, Location: 美国, ISP: CloudFlare Inc., Date: None, Delay: -1 ms, Speed: 0.00 M/s, Resolution: None
Name: 东森洋片, URL: https://tv.iill.top/x/dsyp, From: subscribe, IPv_Type: ipv6, Location: 美国, ISP: CloudFlare Inc., Date: None, Delay: -1 ms, Speed: 0.00 M/s, Resolution: None
Name: 东森洋片, URL: https://cdn.iptv8k.top/dl/jrys.php?id=232&time=20240926215313&ip=111.229.253.40, From: subscribe, IPv_Type: ipv4, Location: 美国, ISP: CloudFlare节点, Date: None, Delay: 14 ms, Speed: 22.18 M/s, Resolution: 1920x1080
Name: 东森超视, URL: https://smart.pendy.dpdns.org/Smart.php?id=ettvsuper, From: subscribe, IPv_Type: ipv6, Location: 美国, ISP: CloudFlare Inc., Date: None, Delay: 0.1 ms, Speed: inf M/s, Resolution: 1920x1080
Name: 东森超视, URL: https://stream1.freetv.fun/dong-sen-chao-shi-2.m3u8, From: subscribe, IPv_Type: ipv6, Location: 美国, ISP: CloudFlare Inc., Date: None, Delay: -1 ms, Speed: 0.00 M/s, Resolution: None
Name: 广东体育, URL: https://stream1.freetv.fun/yan-dong-ti-yu-10.ctv, From: subscribe, IPv_Type: ipv6, Location: 美国, ISP: CloudFlare Inc., Date: None, Delay: -1 ms, Speed: 0.00 M/s, Resolution: None
Name: 广东体育, URL: https://stream1.freetv.fun/yan-dong-ti-yu-20.m3u8, From: subscribe, IPv_Type: ipv6, Location: 美国, ISP: CloudFlare Inc., Date: None, Delay: -1 ms, Speed: 0.00 M/s, Resolution: None
Name: 广东体育, URL: https://stream1.freetv.fun/yan-dong-ti-yu-25.ctv, From: subscribe, IPv_Type: ipv6, Location: 美国, ISP: CloudFlare Inc., Date: None, Delay: -1 ms, Speed: 0.00 M/s, Resolution: None
Name: 广东体育, URL: https://stream1.freetv.fun/yan-dong-ti-yu-15.ctv, From: subscribe, IPv_Type: ipv6, Location: 美国, ISP: CloudFlare Inc., Date: None, Delay: -1 ms, Speed: 0.00 M/s, Resolution: None
Name: 广东体育, URL: https://stream1.freetv.fun/yan-dong-ti-yu-4.m3u8, From: subscribe, IPv_Type: ipv6, Location: 美国, ISP: CloudFlare Inc., Date: None, Delay: -1 ms, Speed: 0.00 M/s, Resolution: None
Name: 广东体育, URL: https://stream1.freetv.fun/yan-dong-ti-yu-5.m3u8, From: subscribe, IPv_Type: ipv6, Location: 美国, ISP: CloudFlare Inc., Date: None, Delay: -1 ms, Speed: 0.00 M/s, Resolution: None
Name: 广东体育, URL: https://stream1.freetv.fun/yan-dong-ti-yu-27.m3u8, From: subscribe, IPv_Type: ipv6, Location: 美国, ISP: CloudFlare Inc., Date: None, Delay: -1 ms, Speed: 0.00 M/s, Resolution: None
Name: 广东体育, URL: https://migu.188766.xyz/?migutoken=9b1e4386b559a6da54488eb04758f479&id=hk_gdty&type=dy, From: subscribe, IPv_Type: ipv6, Location: 美国, ISP: CloudFlare Inc., Date: None, Delay: -1 ms, Speed: 0.00 M/s, Resolution: None
Name: 广东体育, URL: https://hk.188766.xyz/?migutoken=c492ab1d228f5264410deaf04080ac5f&id=gd_gdty&type=sz, From: subscribe, IPv_Type: ipv6, Location: 美国, ISP: CloudFlare Inc., Date: None, Delay: -1 ms, Speed: 0.00 M/s, Resolution: None
Name: 广东体育, URL: https://migu.188766.xyz/?migutoken=78bfdfcd39736b1fc120cfc2fd619c71&id=hk_gdty&type=dy, From: subscribe, IPv_Type: ipv6, Location: 美国, ISP: CloudFlare Inc., Date: None, Delay: -1 ms, Speed: 0.00 M/s, Resolution: None
Name: 广东体育, URL: https://hk.188766.xyz/?migutoken=4af7dce03a42211c290431e1478fdfd1&id=gd_gdty&type=sz, From: subscribe, IPv_Type: ipv6, Location: 美国, ISP: CloudFlare Inc., Date: None, Delay: -1 ms, Speed: 0.00 M/s, Resolution: None
Name: 广东体育, URL: https://migu.188766.xyz/?migutoken=b6964e30c035e36178df2fe28f23e4f2&id=hk_gdty&type=dy, From: subscribe, IPv_Type: ipv6, Location: 美国, ISP: CloudFlare Inc., Date: None, Delay: -1 ms, Speed: 0.00 M/s, Resolution: None
Name: 广东体育, URL: https://hk.188766.xyz/?migutoken=2336dbec9c2383aa6d9e769a2997dcb9&id=gd_gdty&type=sz, From: subscribe, IPv_Type: ipv6, Location: 美国, ISP: CloudFlare Inc., Date: None, Delay: -1 ms, Speed: 0.00 M/s, Resolution: None
Name: 广东体育, URL: https://migu.188766.xyz/?migutoken=22af89e60b68d38f93613c0a71cb332b&id=hk_gdty&type=dy, From: subscribe, IPv_Type: ipv6, Location: 美国, ISP: CloudFlare Inc., Date: None, Delay: -1 ms, Speed: 0.00 M/s, Resolution: None
Name: 广东体育, URL: https://hk.188766.xyz/?migutoken=11f73b84e189c656341c5615ac8e5a18&id=gd_gdty&type=sz, From: subscribe, IPv_Type: ipv6, Location: 美国, ISP: CloudFlare Inc., Date: None, Delay: -1 ms, Speed: 0.00 M/s, Resolution: None
Name: 广东体育, URL: https://migu.188766.xyz/?migutoken=5cdb3c01bdecb4637058b2b66813fe3e&id=hk_gdty&type=dy, From: subscribe, IPv_Type: ipv6, Location: 美国, ISP: CloudFlare Inc., Date: None, Delay: -1 ms, Speed: 0.00 M/s, Resolution: None
Name: 广东体育, URL: https://hk.188766.xyz/?migutoken=a36686d2ccddea8dc3b644d77586c706&id=gd_gdty&type=sz, From: subscribe, IPv_Type: ipv6, Location: 美国, ISP: CloudFlare Inc., Date: None, Delay: -1 ms, Speed: 0.00 M/s, Resolution: None
Name: 广东体育, URL: https://migu.188766.xyz/?migutoken=0af3d27a3442b70c9968e27ddb8c7544&id=hk_gdty&type=dy, From: subscribe, IPv_Type: ipv6, Location: 美国, ISP: CloudFlare Inc., Date: None, Delay: -1 ms, Speed: 0.00 M/s, Resolution: None
Name: 广东体育, URL: https://hk.188766.xyz/?migutoken=b57d9d9ce5ac1dcd2f0c52f9271713c6&id=gd_gdty&type=sz, From: subscribe, IPv_Type: ipv6, Location: 美国, ISP: CloudFlare Inc., Date: None, Delay: -1 ms, Speed: 0.00 M/s, Resolution: None
Name: 广东体育, URL: https://migu.188766.xyz/?migutoken=dbac9553f8abae5344ddd6fc1c0fe919&id=hk_gdty&type=dy, From: subscribe, IPv_Type: ipv6, Location: 美国, ISP: CloudFlare Inc., Date: None, Delay: -1 ms, Speed: 0.00 M/s, Resolution: None
Name: 广东体育, URL: https://hk.188766.xyz/?migutoken=ee2b3eee8e9d14b2c31945f9c197eb02&id=gd_gdty&type=sz, From: subscribe, IPv_Type: ipv6, Location: 美国, ISP: CloudFlare Inc., Date: None, Delay: -1 ms, Speed: 0.00 M/s, Resolution: None
Name: 广东体育, URL: https://migu.188766.xyz/?migutoken=0e21a5f3e3ec04c28b827e2e8705a3b1&id=hk_gdty&type=dy, From: subscribe, IPv_Type: ipv6, Location: 美国, ISP: CloudFlare Inc., Date: None, Delay: -1 ms, Speed: 0.00 M/s, Resolution: None
Name: 广东体育, URL: https://hk.188766.xyz/?migutoken=08d282292aec10b8fb4e1a62259e481a&id=gd_gdty&type=sz, From: subscribe, IPv_Type: ipv6, Location: 美国, ISP: CloudFlare Inc., Date: None, Delay: -1 ms, Speed: 0.00 M/s, Resolution: None
Name: 广东体育, URL: https://migu.188766.xyz/?migutoken=61fb0ce2ca764a2ddf92990d1ec50792&id=hk_gdty&type=dy, From: subscribe, IPv_Type: ipv6, Location: 美国, ISP: CloudFlare Inc., Date: None, Delay: -1 ms, Speed: 0.00 M/s, Resolution: None
Name: 广东体育, URL: https://hk.188766.xyz/?migutoken=6fd27d25642be627ff15428eb4d986da&id=gd_gdty&type=sz, From: subscribe, IPv_Type: ipv6, Location: 美国, ISP: CloudFlare Inc., Date: None, Delay: -1 ms, Speed: 0.00 M/s, Resolution: None
Name: 广东体育, URL: https://migu.188766.xyz/?migutoken=d2869ab3bea441a22e3266e60924b28d&id=hk_gdty&type=dy, From: subscribe, IPv_Type: ipv6, Location: 美国, ISP: CloudFlare Inc., Date: None, Delay: -1 ms, Speed: 0.00 M/s, Resolution: None
Name: 广东体育, URL: https://hk.188766.xyz/?migutoken=376b3f4164f37e34550e179f7b1f3ce2&id=gd_gdty&type=sz, From: subscribe, IPv_Type: ipv6, Location: 美国, ISP: CloudFlare Inc., Date: None, Delay: -1 ms, Speed: 0.00 M/s, Resolution: None
Name: 广东体育, URL: https://migu.188766.xyz/?migutoken=477427f3bb563f573316974f1288c6d5&id=hk_gdty&type=dy, From: subscribe, IPv_Type: ipv6, Location: 美国, ISP: CloudFlare Inc., Date: None, Delay: -1 ms, Speed: 0.00 M/s, Resolution: None
Name: 广东体育, URL: https://hk.188766.xyz/?migutoken=ebbaf36b22e6cd77819e837526fdbd23&id=gd_gdty&type=sz, From: subscribe, IPv_Type: ipv6, Location: 美国, ISP: CloudFlare Inc., Date: None, Delay: -1 ms, Speed: 0.00 M/s, Resolution: None
Name: 广东体育, URL: https://migu.188766.xyz/?migutoken=b6a474152fd6ec050343d0c1fec85a04&id=hk_gdty&type=dy, From: subscribe, IPv_Type: ipv6, Location: 美国, ISP: CloudFlare Inc., Date: None, Delay: -1 ms, Speed: 0.00 M/s, Resolution: None
Name: 广东体育, URL: https://hk.188766.xyz/?migutoken=c2fde84470d3a3f03a3b35dc580bc855&id=gd_gdty&type=sz, From: subscribe, IPv_Type: ipv6, Location: 美国, ISP: CloudFlare Inc., Date: None, Delay: -1 ms, Speed: 0.00 M/s, Resolution: None
Name: 广东体育, URL: https://migu.188766.xyz/?migutoken=6ea9495ca5476090696aa79190f62a53&id=hk_gdty&type=dy, From: subscribe, IPv_Type: ipv6, Location: 美国, ISP: CloudFlare Inc., Date: None, Delay: -1 ms, Speed: 0.00 M/s, Resolution: None
Name: 广东体育, URL: https://hk.188766.xyz/?migutoken=dc1e91720698fda122d7e54c373ad3e7&id=gd_gdty&type=sz, From: subscribe, IPv_Type: ipv6, Location: 美国, ISP: CloudFlare Inc., Date: None, Delay: -1 ms, Speed: 0.00 M/s, Resolution: None
Name: 广东体育, URL: https://migu.188766.xyz/?migutoken=58b5b7fead6f56d8a893f5cff10a06c1&id=hk_gdty&type=dy, From: subscribe, IPv_Type: ipv6, Location: 美国, ISP: CloudFlare Inc., Date: None, Delay: -1 ms, Speed: 0.00 M/s, Resolution: None
Name: 广东体育, URL: https://hk.188766.xyz/?migutoken=ee603c3af677ad6df25894d19fbd6d6e&id=gd_gdty&type=sz, From: subscribe, IPv_Type: ipv6, Location: 美国, ISP: CloudFlare Inc., Date: None, Delay: -1 ms, Speed: 0.00 M/s, Resolution: None
Name: 广东体育, URL: https://migu.188766.xyz/?migutoken=150de6451540839a58762ad6f7ea603a&id=hk_gdty&type=dy, From: subscribe, IPv_Type: ipv6, Location: 美国, ISP: CloudFlare Inc., Date: None, Delay: -1 ms, Speed: 0.00 M/s, Resolution: None
Name: 广东体育, URL: https://hk.188766.xyz/?migutoken=2efa30ac9bfa36dc49c2d8d0c6f08d31&id=gd_gdty&type=sz, From: subscribe, IPv_Type: ipv6, Location: 美国, ISP: CloudFlare Inc., Date: None, Delay: -1 ms, Speed: 0.00 M/s, Resolution: None
Name: 广东体育, URL: https://migu.188766.xyz/?migutoken=527a1a7e6a1fee490f3ab2077de46719&id=hk_gdty&type=dy, From: subscribe, IPv_Type: ipv6, Location: 美国, ISP: CloudFlare Inc., Date: None, Delay: -1 ms, Speed: 0.00 M/s, Resolution: None
Name: 广东体育, URL: https://hk.188766.xyz/?migutoken=9133df9f04c5dc8284e3fa04b6f579ac&id=gd_gdty&type=sz, From: subscribe, IPv_Type: ipv6, Location: 美国, ISP: CloudFlare Inc., Date: None, Delay: -1 ms, Speed: 0.00 M/s, Resolution: None
Name: 广东体育, URL: https://migu.188766.xyz/?migutoken=22eecf47e050e11e7deb614f54ff26af&id=hk_gdty&type=dy, From: subscribe, IPv_Type: ipv6, Location: 美国, ISP: CloudFlare Inc., Date: None, Delay: -1 ms, Speed: 0.00 M/s, Resolution: None
Name: 广东体育, URL: https://hk.188766.xyz/?migutoken=844abba3409e08b05f703c9f0a476dcd&id=gd_gdty&type=sz, From: subscribe, IPv_Type: ipv6, Location: 美国, ISP: CloudFlare Inc., Date: None, Delay: -1 ms, Speed: 0.00 M/s, Resolution: None
Name: 广东体育, URL: https://migu.188766.xyz/?migutoken=decff9c836be75e4f242ae97251220a2&id=hk_gdty&type=dy, From: subscribe, IPv_Type: ipv6, Location: 美国, ISP: CloudFlare Inc., Date: None, Delay: -1 ms, Speed: 0.00 M/s, Resolution: None
Name: 广东体育, URL: https://hk.188766.xyz/?migutoken=a26523f638564681aebf403a42281fa1&id=gd_gdty&type=sz, From: subscribe, IPv_Type: ipv6, Location: 美国, ISP: CloudFlare Inc., Date: None, Delay: -1 ms, Speed: 0.00 M/s, Resolution: None
Name: 广东体育, URL: https://migu.188766.xyz/?migutoken=ca4c526ff63f8eca8e8a7a783b125f35&id=hk_gdty&type=dy, From: subscribe, IPv_Type: ipv6, Location: 美国, ISP: CloudFlare Inc., Date: None, Delay: -1 ms, Speed: 0.00 M/s, Resolution: None
Name: 广东体育, URL: https://hk.188766.xyz/?migutoken=6908b3d573298698ee456a1993928d8a&id=gd_gdty&type=sz, From: subscribe, IPv_Type: ipv6, Location: 美国, ISP: CloudFlare Inc., Date: None, Delay: -1 ms, Speed: 0.00 M/s, Resolution: None
Name: 广东体育, URL: https://migu.188766.xyz/?migutoken=6587793cbe3978df2b089351b5fd2005&id=hk_gdty&type=dy, From: subscribe, IPv_Type: ipv6, Location: 美国, ISP: CloudFlare Inc., Date: None, Delay: -1 ms, Speed: 0.00 M/s, Resolution: None
Name: 广东体育, URL: https://hk.188766.xyz/?migutoken=95f4f69ef4c3d8b581660910887979a1&id=gd_gdty&type=sz, From: subscribe, IPv_Type: ipv6, Location: 美国, ISP: CloudFlare Inc., Date: None, Delay: -1 ms, Speed: 0.00 M/s, Resolution: None
Name: 广东体育, URL: https://migu.188766.xyz/?migutoken=cf7ef12d09b5748efc948df3158856bf&id=hk_gdty&type=dy, From: subscribe, IPv_Type: ipv6, Location: 美国, ISP: CloudFlare Inc., Date: None, Delay: -1 ms, Speed: 0.00 M/s, Resolution: None
Name: 广东体育, URL: https://hk.188766.xyz/?migutoken=fad52aace95accd63bca7107633633d0&id=gd_gdty&type=sz, From: subscribe, IPv_Type: ipv6, Location: 美国, ISP: CloudFlare Inc., Date: None, Delay: -1 ms, Speed: 0.00 M/s, Resolution: None
Name: 广东体育, URL: https://migu.188766.xyz/?migutoken=39d2608e69c9ea2ba7458fabfb2cbd92&id=hk_gdty&type=dy, From: subscribe, IPv_Type: ipv6, Location: 美国, ISP: CloudFlare Inc., Date: None, Delay: -1 ms, Speed: 0.00 M/s, Resolution: None
Name: 广东体育, URL: https://hk.188766.xyz/?migutoken=c4134fac5b7c75d42c1ebaca6c154fc9&id=gd_gdty&type=sz, From: subscribe, IPv_Type: ipv6, Location: 美国, ISP: CloudFlare Inc., Date: None, Delay: -1 ms, Speed: 0.00 M/s, Resolution: None
Name: 广东体育, URL: https://migu.188766.xyz/?migutoken=8dd47ce2accaccd66acab75ddcb9f15a&id=hk_gdty&type=dy, From: subscribe, IPv_Type: ipv6, Location: 美国, ISP: CloudFlare Inc., Date: None, Delay: -1 ms, Speed: 0.00 M/s, Resolution: None
Name: 广东体育, URL: https://hk.188766.xyz/?migutoken=9a99bf81bebec4167f2e206c8314224e&id=gd_gdty&type=sz, From: subscribe, IPv_Type: ipv6, Location: 美国, ISP: CloudFlare Inc., Date: None, Delay: -1 ms, Speed: 0.00 M/s, Resolution: None
Name: 广东体育, URL: https://migu.188766.xyz/?migutoken=80f151799a27c3dedab0e3f9cfedd1bb&id=hk_gdty&type=dy, From: subscribe, IPv_Type: ipv6, Location: 美国, ISP: CloudFlare Inc., Date: None, Delay: -1 ms, Speed: 0.00 M/s, Resolution: None
Name: 广东体育, URL: https://hk.188766.xyz/?migutoken=a39805911190c43727068baeee61ccb0&id=gd_gdty&type=sz, From: subscribe, IPv_Type: ipv6, Location: 美国, ISP: CloudFlare Inc., Date: None, Delay: -1 ms, Speed: 0.00 M/s, Resolution: None
Name: 广东体育, URL: https://migu.188766.xyz/?migutoken=b61652d6c505d5a3eaaf3317eee75e34&id=hk_gdty&type=dy, From: subscribe, IPv_Type: ipv6, Location: 美国, ISP: CloudFlare Inc., Date: None, Delay: -1 ms, Speed: 0.00 M/s, Resolution: None
Name: 广东体育, URL: https://hk.188766.xyz/?migutoken=f704e1f1ae57850894abe4edd26e2ce1&id=gd_gdty&type=sz, From: subscribe, IPv_Type: ipv6, Location: 美国, ISP: CloudFlare Inc., Date: None, Delay: -1 ms, Speed: 0.00 M/s, Resolution: None
Name: 广东体育, URL: https://migu.188766.xyz/?migutoken=0b2cd0e1744e6d288e885cbefe896ac7&id=hk_gdty&type=dy, From: subscribe, IPv_Type: ipv6, Location: 美国, ISP: CloudFlare Inc., Date: None, Delay: -1 ms, Speed: 0.00 M/s, Resolution: None
Name: 广东体育, URL: https://hk.188766.xyz/?migutoken=65cc8f753926cdc29d0cc40d8a963f2a&id=gd_gdty&type=sz, From: subscribe, IPv_Type: ipv6, Location: 美国, ISP: CloudFlare Inc., Date: None, Delay: -1 ms, Speed: 0.00 M/s, Resolution: None
Name: 广东体育, URL: https://migu.188766.xyz/?migutoken=01c8f10f4f8eb91634ac29482a781a2d&id=hk_gdty&type=dy, From: subscribe, IPv_Type: ipv6, Location: 美国, ISP: CloudFlare Inc., Date: None, Delay: -1 ms, Speed: 0.00 M/s, Resolution: None
Name: 广东体育, URL: https://hk.188766.xyz/?migutoken=3cee4d79c1453104b21184f3cef91fed&id=gd_gdty&type=sz, From: subscribe, IPv_Type: ipv6, Location: 美国, ISP: CloudFlare Inc., Date: None, Delay: -1 ms, Speed: 0.00 M/s, Resolution: None
Name: 广东体育, URL: https://migu.188766.xyz/?migutoken=45ca26a8a67e5e95b503563f0b3233bb&id=hk_gdty&type=dy, From: subscribe, IPv_Type: ipv6, Location: 美国, ISP: CloudFlare Inc., Date: None, Delay: -1 ms, Speed: 0.00 M/s, Resolution: None
Name: 广东体育, URL: https://hk.188766.xyz/?migutoken=fd5fb294296121be7dea07539256edd7&id=gd_gdty&type=sz, From: subscribe, IPv_Type: ipv6, Location: 美国, ISP: CloudFlare Inc., Date: None, Delay: -1 ms, Speed: 0.00 M/s, Resolution: None
Name: 广东体育, URL: https://t.freetv.fun/live/yan-dong-ti-yu-11.php, From: subscribe, IPv_Type: ipv6, Location: 美国, ISP: CloudFlare Inc., Date: None, Delay: -1 ms, Speed: 0.00 M/s, Resolution: None
Name: 广东体育, URL: https://t.freetv.fun/live/yan-dong-ti-yu-12.m3u8, From: subscribe, IPv_Type: ipv6, Location: 美国, ISP: CloudFlare Inc., Date: None, Delay: -1 ms, Speed: 0.00 M/s, Resolution: None
Name: 广东体育, URL: https://t.freetv.fun/live/yan-dong-ti-yu-19.m3u8, From: subscribe, IPv_Type: ipv6, Location: 美国, ISP: CloudFlare Inc., Date: None, Delay: -1 ms, Speed: 0.00 M/s, Resolution: None
Name: 广东体育, URL: https://t.freetv.fun/live/yan-dong-ti-yu-2.m3u8, From: subscribe, IPv_Type: ipv6, Location: 美国, ISP: CloudFlare Inc., Date: None, Delay: -1 ms, Speed: 0.00 M/s, Resolution: None
Name: 广东体育, URL: https://t.freetv.fun/live/yan-dong-ti-yu-9.m3u8, From: subscribe, IPv_Type: ipv6, Location: 美国, ISP: CloudFlare Inc., Date: None, Delay: -1 ms, Speed: 0.00 M/s, Resolution: None
Name: 广东体育, URL: https://t.freetv.fun/live/yan-dong-ti-yu-gao-qing-1.m3u8, From: subscribe, IPv_Type: ipv6, Location: 美国, ISP: CloudFlare Inc., Date: None, Delay: -1 ms, Speed: 0.00 M/s, Resolution: None
Name: 广东体育, URL: https://t.freetv.fun/live/yan-dong-ti-yu-gao-qing-2.m3u8, From: subscribe, IPv_Type: ipv6, Location: 美国, ISP: CloudFlare Inc., Date: None, Delay: -1 ms, Speed: 0.00 M/s, Resolution: None
Name: 广东体育, URL: https://t.freetv.fun/live/yan-dong-ti-yu-gao-qing-3.m3u8, From: subscribe, IPv_Type: ipv6, Location: 美国, ISP: CloudFlare Inc., Date: None, Delay: -1 ms, Speed: 0.00 M/s, Resolution: None
Name: 广东体育, URL: https://t.freetv.fun/live/yan-dong-ti-yu-gao-qing-5.m3u8, From: subscribe, IPv_Type: ipv6, Location: 美国, ISP: CloudFlare Inc., Date: None, Delay: -1 ms, Speed: 0.00 M/s, Resolution: None
Name: 广东体育, URL: https://t.freetv.fun/live/yan-dong-ti-yu-gao-qing-7.m3u8, From: subscribe, IPv_Type: ipv6, Location: 美国, ISP: CloudFlare Inc., Date: None, Delay: -1 ms, Speed: 0.00 M/s, Resolution: None
Name: 广东体育, URL: https://t.freetv.fun/live/yan-dong-ti-yu-gao-qing-9.m3u8, From: subscribe, IPv_Type: ipv6, Location: 美国, ISP: CloudFlare Inc., Date: None, Delay: -1 ms, Speed: 0.00 M/s, Resolution: None
Name: 广东体育, URL: https://t.freetv.fun/live/yan-dong-ti-yu.m3u8, From: subscribe, IPv_Type: ipv6, Location: 美国, ISP: CloudFlare Inc., Date: None, Delay: -1 ms, Speed: 0.00 M/s, Resolution: None
Name: 纬来体育, URL: https://epg.pw/stream/8855a9936e37e608a0ec8a014cce1673dee9c5d68d560da376cc92e5edef2b25.m3u8, From: subscribe, IPv_Type: ipv6, Location: 美国, ISP: CloudFlare Inc., Date: None, Delay: 0.1 ms, Speed: inf M/s, Resolution: 1920x1080
Name: 纬来体育, URL: https://epg.pw/stream/ab6df63b64d0cc44a1f4f029ed847a26fa54a7aebd455578fb05a63f02c22f4b.m3u8, From: subscribe, IPv_Type: ipv6, Location: 美国, ISP: CloudFlare Inc., Date: None, Delay: 0.1 ms, Speed: inf M/s, Resolution: 1920x1080
Name: 纬来体育, URL: https://epg.pw/stream/4f18dfe0593db5c686eb64ae8edaf2a9202d4d46bdc9bbde2cee27708e12ea01.m3u8, From: subscribe, IPv_Type: ipv6, Location: 美国, ISP: CloudFlare Inc., Date: None, Delay: 0.1 ms, Speed: inf M/s, Resolution: 1920x1080
Name: 五星体育, URL: http://bp-livetytv.bestv.cn/ch/bestvwxty.m3u8, From: subscribe, IPv_Type: ipv6, Location: 中国, ISP: 中国电信, Date: None, Delay: -1 ms, Speed: 0.00 M/s, Resolution: None
Name: 五星体育, URL: https://migu.188766.xyz/?migutoken=9a1379c5b584ec8cb86b2d5319bb723a&id=%E4%BA%94%E6%98%9F%E4%BD%93%E8%82%B2&pp=1, From: subscribe, IPv_Type: ipv6, Location: 美国, ISP: CloudFlare Inc., Date: None, Delay: -1 ms, Speed: 0.00 M/s, Resolution: None
Name: 五星体育, URL: https://migu.188766.xyz/?migutoken=34dca69ea9ab5cc38d92a60526282e8c&id=%E4%BA%94%E6%98%9F%E4%BD%93%E8%82%B2&pp=1, From: subscribe, IPv_Type: ipv6, Location: 美国, ISP: CloudFlare Inc., Date: None, Delay: -1 ms, Speed: 0.00 M/s, Resolution: None
Name: 五星体育, URL: https://migu.188766.xyz/?migutoken=50b5e4c7f435741e3b5e90d627abf223&id=%E4%BA%94%E6%98%9F%E4%BD%93%E8%82%B2&pp=1, From: subscribe, IPv_Type: ipv6, Location: 美国, ISP: CloudFlare Inc., Date: None, Delay: -1 ms, Speed: 0.00 M/s, Resolution: None
Name: 五星体育, URL: https://migu.188766.xyz/?migutoken=545b1b7e42a76a12dbe750e527600005&id=%E4%BA%94%E6%98%9F%E4%BD%93%E8%82%B2&pp=1, From: subscribe, IPv_Type: ipv6, Location: 美国, ISP: CloudFlare Inc., Date: None, Delay: -1 ms, Speed: 0.00 M/s, Resolution: None
Name: 五星体育, URL: https://migu.188766.xyz/?migutoken=ba6df48e43a12c6ba692760dd242d950&id=%E4%BA%94%E6%98%9F%E4%BD%93%E8%82%B2&pp=1, From: subscribe, IPv_Type: ipv6, Location: 美国, ISP: CloudFlare Inc., Date: None, Delay: -1 ms, Speed: 0.00 M/s, Resolution: None
Name: 五星体育, URL: https://migu.188766.xyz/?migutoken=f0278a300b3a48949b0a1f5c29102a94&id=%E4%BA%94%E6%98%9F%E4%BD%93%E8%82%B2&pp=1, From: subscribe, IPv_Type: ipv6, Location: 美国, ISP: CloudFlare Inc., Date: None, Delay: -1 ms, Speed: 0.00 M/s, Resolution: None
Name: 五星体育, URL: https://migu.188766.xyz/?migutoken=aaece957abdbaedb5a5485ba6a8436ab&id=%E4%BA%94%E6%98%9F%E4%BD%93%E8%82%B2&pp=1, From: subscribe, IPv_Type: ipv6, Location: 美国, ISP: CloudFlare Inc., Date: None, Delay: -1 ms, Speed: 0.00 M/s, Resolution: None
Name: 五星体育, URL: https://migu.188766.xyz/?migutoken=708395b91b22bfb95139b293fb77027b&id=%E4%BA%94%E6%98%9F%E4%BD%93%E8%82%B2&pp=1, From: subscribe, IPv_Type: ipv6, Location: 美国, ISP: CloudFlare Inc., Date: None, Delay: -1 ms, Speed: 0.00 M/s, Resolution: None
Name: 五星体育, URL: https://migu.188766.xyz/?migutoken=04c166df0c11b6712baee9e42c0b6a67&id=%E4%BA%94%E6%98%9F%E4%BD%93%E8%82%B2&pp=1, From: subscribe, IPv_Type: ipv6, Location: 美国, ISP: CloudFlare Inc., Date: None, Delay: -1 ms, Speed: 0.00 M/s, Resolution: None
Name: 五星体育, URL: https://migu.188766.xyz/?migutoken=3ffd4ccdc33fd92c4754ea97b9e8717d&id=%E4%BA%94%E6%98%9F%E4%BD%93%E8%82%B2&pp=1, From: subscribe, IPv_Type: ipv6, Location: 美国, ISP: CloudFlare Inc., Date: None, Delay: -1 ms, Speed: 0.00 M/s, Resolution: None
Name: 五星体育, URL: http://cdn3.163189.xyz/163189/wxty, From: subscribe, IPv_Type: ipv6, Location: 美国, ISP: CloudFlare Inc., Date: None, Delay: -1 ms, Speed: 0.00 M/s, Resolution: None
Name: 五星体育, URL: https://migu.188766.xyz/?migutoken=b7c5882412b707005631cd7609d93bff&id=%E4%BA%94%E6%98%9F%E4%BD%93%E8%82%B2&pp=1, From: subscribe, IPv_Type: ipv6, Location: 美国, ISP: CloudFlare Inc., Date: None, Delay: -1 ms, Speed: 0.00 M/s, Resolution: None
Name: 五星体育, URL: https://migu.188766.xyz/?migutoken=6a8e690d5fa0878627bb249812210921&id=%E4%BA%94%E6%98%9F%E4%BD%93%E8%82%B2&pp=1, From: subscribe, IPv_Type: ipv6, Location: 美国, ISP: CloudFlare Inc., Date: None, Delay: -1 ms, Speed: 0.00 M/s, Resolution: None
Name: 五星体育, URL: https://migu.188766.xyz/?migutoken=fe41cf003253c3106b5be9bf4723995b&id=%E4%BA%94%E6%98%9F%E4%BD%93%E8%82%B2&pp=1, From: subscribe, IPv_Type: ipv6, Location: 美国, ISP: CloudFlare Inc., Date: None, Delay: -1 ms, Speed: 0.00 M/s, Resolution: None
Name: 五星体育, URL: https://migu.188766.xyz/?migutoken=92755215423abf5fd7a1f08566b08465&id=%E4%BA%94%E6%98%9F%E4%BD%93%E8%82%B2&pp=1, From: subscribe, IPv_Type: ipv6, Location: 美国, ISP: CloudFlare Inc., Date: None, Delay: -1 ms, Speed: 0.00 M/s, Resolution: None
Name: 五星体育, URL: https://migu.188766.xyz/?migutoken=19a1821fdf9bcb79687c7a79d16c2ca6&id=%E4%BA%94%E6%98%9F%E4%BD%93%E8%82%B2&pp=1, From: subscribe, IPv_Type: ipv6, Location: 美国, ISP: CloudFlare Inc., Date: None, Delay: -1 ms, Speed: 0.00 M/s, Resolution: None
Name: 五星体育, URL: https://migu.188766.xyz/?migutoken=ec8777015727b317995238d95a10862b&id=%E4%BA%94%E6%98%9F%E4%BD%93%E8%82%B2&pp=1, From: subscribe, IPv_Type: ipv6, Location: 美国, ISP: CloudFlare Inc., Date: None, Delay: -1 ms, Speed: 0.00 M/s, Resolution: None
Name: 五星体育, URL: https://migu.188766.xyz/?migutoken=1134bdda6b6c176d9419aae65c230cba&id=%E4%BA%94%E6%98%9F%E4%BD%93%E8%82%B2&pp=1, From: subscribe, IPv_Type: ipv6, Location: 美国, ISP: CloudFlare Inc., Date: None, Delay: -1 ms, Speed: 0.00 M/s, Resolution: None
Name: 五星体育, URL: http://iptvrr.sh.chinamobile.com:6060/cms001/ch00000090990000001018/index.m3u8, From: subscribe, IPv_Type: ipv6, Location: 中国, ISP: 中国移动, Date: None, Delay: -1 ms, Speed: 0.00 M/s, Resolution: None
Name: 五星体育, URL: https://migu.188766.xyz/?migutoken=94193368b75605bf4a1a233a209fdad1&id=%E4%BA%94%E6%98%9F%E4%BD%93%E8%82%B2&pp=1, From: subscribe, IPv_Type: ipv6, Location: 美国, ISP: CloudFlare Inc., Date: None, Delay: -1 ms, Speed: 0.00 M/s, Resolution: None
Name: 五星体育, URL: https://migu.188766.xyz/?migutoken=7ddfbd740cae767c11ace11a3c025229&id=%E4%BA%94%E6%98%9F%E4%BD%93%E8%82%B2&pp=1, From: subscribe, IPv_Type: ipv6, Location: 美国, ISP: CloudFlare Inc., Date: None, Delay: -1 ms, Speed: 0.00 M/s, Resolution: None
Name: 五星体育, URL: https://migu.188766.xyz/?migutoken=683175c409cb012fd17ec2c961b5d122&id=%E4%BA%94%E6%98%9F%E4%BD%93%E8%82%B2&pp=1, From: subscribe, IPv_Type: ipv6, Location: 美国, ISP: CloudFlare Inc., Date: None, Delay: -1 ms, Speed: 0.00 M/s, Resolution: None
Name: 五星体育, URL: https://migu.188766.xyz/?migutoken=ddb5ca46799302ece6ce509660fe04ec&id=%E4%BA%94%E6%98%9F%E4%BD%93%E8%82%B2&pp=1, From: subscribe, IPv_Type: ipv6, Location: 美国, ISP: CloudFlare Inc., Date: None, Delay: -1 ms, Speed: 0.00 M/s, Resolution: None
Name: 五星体育, URL: https://migu.188766.xyz/?migutoken=735802833f9204a102a0aeba7f79b33c&id=%E4%BA%94%E6%98%9F%E4%BD%93%E8%82%B2&pp=1, From: subscribe, IPv_Type: ipv6, Location: 美国, ISP: CloudFlare Inc., Date: None, Delay: -1 ms, Speed: 0.00 M/s, Resolution: None
Name: 五星体育, URL: https://migu.188766.xyz/?migutoken=2003dc8c7cd8034ad644caf8997fb4b2&id=%E4%BA%94%E6%98%9F%E4%BD%93%E8%82%B2&pp=1, From: subscribe, IPv_Type: ipv6, Location: 美国, ISP: CloudFlare Inc., Date: None, Delay: -1 ms, Speed: 0.00 M/s, Resolution: None
Name: 五星体育, URL: https://migu.188766.xyz/?migutoken=13abc304df3c16cb0ef6621f2e215880&id=%E4%BA%94%E6%98%9F%E4%BD%93%E8%82%B2&pp=1, From: subscribe, IPv_Type: ipv6, Location: 美国, ISP: CloudFlare Inc., Date: None, Delay: -1 ms, Speed: 0.00 M/s, Resolution: None
Name: 五星体育, URL: https://migu.188766.xyz/?migutoken=a8e5a19f9921717d6d58f669cf323826&id=%E4%BA%94%E6%98%9F%E4%BD%93%E8%82%B2&pp=1, From: subscribe, IPv_Type: ipv6, Location: 美国, ISP: CloudFlare Inc., Date: None, Delay: -1 ms, Speed: 0.00 M/s, Resolution: None
Name: 五星体育, URL: https://migu.188766.xyz/?migutoken=3ab1fcefb9de22de2539168ad3bb3a11&id=%E4%BA%94%E6%98%9F%E4%BD%93%E8%82%B2&pp=1, From: subscribe, IPv_Type: ipv6, Location: 美国, ISP: CloudFlare Inc., Date: None, Delay: -1 ms, Speed: 0.00 M/s, Resolution: None
Name: 五星体育, URL: https://migu.188766.xyz/?migutoken=107f8ad4760980da3012d08721e4a1ab&id=%E4%BA%94%E6%98%9F%E4%BD%93%E8%82%B2&pp=1, From: subscribe, IPv_Type: ipv6, Location: 美国, ISP: CloudFlare Inc., Date: None, Delay: -1 ms, Speed: 0.00 M/s, Resolution: None
Name: 五星体育, URL: https://migu.188766.xyz/?migutoken=4eeb42d8850938e2936f629da7ad9726&id=%E4%BA%94%E6%98%9F%E4%BD%93%E8%82%B2&pp=1, From: subscribe, IPv_Type: ipv6, Location: 美国, ISP: CloudFlare Inc., Date: None, Delay: -1 ms, Speed: 0.00 M/s, Resolution: None
Name: 五星体育, URL: https://t.freetv.fun/live/wu-xing-ti-yu-3.m3u8, From: subscribe, IPv_Type: ipv6, Location: 美国, ISP: CloudFlare Inc., Date: None, Delay: -1 ms, Speed: 0.00 M/s, Resolution: None
Name: 风云足球, URL: https://live.goodiptv.club/api/yqgd.php?id=fyzq, From: subscribe, IPv_Type: ipv6, Location: 美国, ISP: CloudFlare Inc., Date: None, Delay: 0.1 ms, Speed: inf M/s, Resolution: 1920x1080
Name: 少儿动画, URL: http://124.116.183.146:9901/tsfile/live/0137_1.m3u8, From: subscribe, IPv_Type: ipv4, Location: 中国-陕西-咸阳, ISP: 电信, Date: None, Delay: 10079 ms, Speed: 0.11 M/s, Resolution: 720x576
Name: 少儿动画, URL: http://218.15.183.23:9901/tsfile/live/23045_1.m3u8, From: subscribe, IPv_Type: ipv4, Location: 中国-广东-梅州, ISP: 电信, Date: None, Delay: 10046 ms, Speed: 0.07 M/s, Resolution: 1920x1080
Name: 少儿动画, URL: rtsp://118.212.169.207:554/PLTV/88888888/224/3221227318/10000100000000060000000001945936_0.smil, From: subscribe, IPv_Type: ipv4, Location: 中国-江西, ISP: 联通, Date: None, Delay: 10007 ms, Speed: 0.00 M/s, Resolution: None
Name: 少儿动画, URL: rtsp://115.153.245.70/PLTV/88888888/224/3221227006/86440922.smil, From: subscribe, IPv_Type: ipv4, Location: 中国-江西-宜春, ISP: 电信, Date: None, Delay: 10004 ms, Speed: 0.00 M/s, Resolution: None
Name: 少儿动画, URL: rtsp://115.153.254.81/PLTV/88888888/224/3221227006/86440922.smil, From: subscribe, IPv_Type: ipv4, Location: 中国-江西-宜春, ISP: 电信, Date: None, Delay: 10007 ms, Speed: 0.00 M/s, Resolution: None
Name: 少儿动画, URL: rtsp://115.153.240.228:554/PLTV/88888888/224/3221227006/86440922.smil, From: subscribe, IPv_Type: ipv4, Location: 中国-江西-宜春, ISP: 电信, Date: None, Delay: 10005 ms, Speed: 0.00 M/s, Resolution: None
Name: 少儿动画, URL: rtsp://115.153.212.72/PLTV/88888888/224/3221227006/86440922.smil, From: subscribe, IPv_Type: ipv4, Location: 中国-江西-宜春, ISP: 电信, Date: None, Delay: 10006 ms, Speed: 0.00 M/s, Resolution: None
Name: 少儿动画, URL: rtsp://115.153.247.80/PLTV/88888888/224/3221227006/86440922.smil, From: subscribe, IPv_Type: ipv4, Location: 中国-江西-宜春, ISP: 电信, Date: None, Delay: 10006 ms, Speed: 0.00 M/s, Resolution: None
Name: 少儿动画, URL: rtsp://115.153.230.145/PLTV/88888888/224/3221227006/86440922.smil, From: subscribe, IPv_Type: ipv4, Location: 中国-江西-宜春, ISP: 电信, Date: None, Delay: 10005 ms, Speed: 0.00 M/s, Resolution: None
Name: 少儿动画, URL: rtsp://115.153.222.112:554/PLTV/88888888/224/3221227006/86440922.smil, From: subscribe, IPv_Type: ipv4, Location: 中国-江西-宜春, ISP: 电信, Date: None, Delay: 10006 ms, Speed: 0.00 M/s, Resolution: None
Name: 少儿动画, URL: rtsp://115.153.233.154/PLTV/88888888/224/3221227006/86440922.smil, From: subscribe, IPv_Type: ipv4, Location: 中国-江西-宜春, ISP: 电信, Date: None, Delay: 10006 ms, Speed: 0.00 M/s, Resolution: None
Name: 卡酷动画, URL: http://[2409:8087:1a15:10d1::33]/ottrrs.hl.chinamobile.com/PLTV/88888888/224/3221225654/index.m3u8, From: subscribe, IPv_Type: ipv6, Location: 中国, ISP: 中国移动, Date: None, Delay: -1 ms, Speed: 0.00 M/s, Resolution: None
Name: 卡酷动画, URL: http://[2409:8087:5e08:25::16]:6610/200000001898/460000089800010081/1.m3u8, From: subscribe, IPv_Type: ipv6, Location: 中国, ISP: 中国移动, Date: None, Delay: -1 ms, Speed: 0.00 M/s, Resolution: None
Name: 卡酷动画, URL: https://migu.188766.xyz/?migutoken=1023983db6b5249e61d4950c1654cd84&id=%E5%8C%97%E4%BA%AC%E5%8D%A1%E9%85%B7%E5%B0%91%E5%84%BF&type=yy, From: subscribe, IPv_Type: ipv6, Location: 美国, ISP: CloudFlare Inc., Date: None, Delay: -1 ms, Speed: 0.00 M/s, Resolution: None
Name: 卡酷动画, URL: https://cc06.tv12.xyz/29.m3u8, From: subscribe, IPv_Type: ipv6, Location: 美国, ISP: CloudFlare Inc., Date: None, Delay: -1 ms, Speed: 0.00 M/s, Resolution: None
Name: 卡酷动画, URL: http://218.13.170.98:9901/tsfile/live/1021_1.m3u8, From: subscribe, IPv_Type: ipv4, Location: 中国-广东-佛山, ISP: 电信, Date: None, Delay: 10880 ms, Speed: 0.05 M/s, Resolution: 720x576
Name: 卡酷动画, URL: http://58.57.40.22:9901/tsfile/live/1060_1.m3u8, From: subscribe, IPv_Type: ipv4, Location: 中国-山东-临沂, ISP: 电信, Date: None, Delay: 10387 ms, Speed: 0.00 M/s, Resolution: None
Name: 动漫秀场, URL: https://zby.130519.xyz/PLTV/11/224/3221226138/index.m3u8, From: subscribe, IPv_Type: ipv6, Location: 美国, ISP: CloudFlare Inc., Date: None, Delay: -1 ms, Speed: 0.00 M/s, Resolution: None
Name: 动漫秀场, URL: http://[2409:8087:1e01:23::10]:8112/000000001000/5000000002000023636/1.m3u8?channel-id=bestzb&Contentid=5000000002000023636&livemode=1&stbId=m, From: subscribe, IPv_Type: ipv6, Location: 中国, ISP: 中国移动, Date: None, Delay: -1 ms, Speed: 0.00 M/s, Resolution: None
Name: 动漫秀场, URL: http://[2409:8087:1e01:23::10]:8112/000000001000/5000000011000031113/1.m3u8?channel-id=bestzb&Contentid=5000000011000031113&livemode=1&stbId=m, From: subscribe, IPv_Type: ipv6, Location: 中国, ISP: 中国移动, Date: None, Delay: -1 ms, Speed: 0.00 M/s, Resolution: None
Name: 新动漫, URL: https://tv.iill.top/migu/xdm&token=cc939526aed05a9c3f42c88c61fb8cb76c2acee2ebd65691e243451029eb7b84, From: subscribe, IPv_Type: ipv6, Location: 美国, ISP: CloudFlare Inc., Date: None, Delay: -1 ms, Speed: 0.00 M/s, Resolution: None
Name: 新动漫, URL: https://tv.iill.top/migu/xdm&token=7ce15d51da8e60be86cc1bde4d856274b2bd781528e9f64ff1d7d9370b9d7268, From: subscribe, IPv_Type: ipv6, Location: 美国, ISP: CloudFlare Inc., Date: None, Delay: -1 ms, Speed: 0.00 M/s, Resolution: None
Name: 新动漫, URL: https://migu.188766.xyz/?migutoken=e30673f8e72e759480f22426e2b8a6ec&id=%E6%96%B0%E5%8A%A8%E6%BC%AB&type=yy, From: subscribe, IPv_Type: ipv6, Location: 美国, ISP: CloudFlare Inc., Date: None, Delay: -1 ms, Speed: 0.00 M/s, Resolution: None
Name: 新动漫, URL: https://tv.iill.top/migu/xdm&token=ea4803836ab3759697c651bbaf9b16d10a6339fab2e1a980e276b15296478409, From: subscribe, IPv_Type: ipv6, Location: 美国, ISP: CloudFlare Inc., Date: None, Delay: -1 ms, Speed: 0.00 M/s, Resolution: None
Name: 新动漫, URL: https://migu.188766.xyz/?migutoken=3db521b2c36802f5fded85bb3978c835&id=%E6%96%B0%E5%8A%A8%E6%BC%AB&type=yy, From: subscribe, IPv_Type: ipv6, Location: 美国, ISP: CloudFlare Inc., Date: None, Delay: -1 ms, Speed: 0.00 M/s, Resolution: None
Name: 新动漫, URL: https://tv.iill.top/migu/xdm&token=3715e56a43ff137fc781c87e8f3354f0b0b81779b6440c51e75f763fd7e1c640, From: subscribe, IPv_Type: ipv6, Location: 美国, ISP: CloudFlare Inc., Date: None, Delay: -1 ms, Speed: 0.00 M/s, Resolution: None
Name: 新动漫, URL: https://migu.188766.xyz/?migutoken=fa7fab5af3b2b0fca5c12c94accfd524&id=%E6%96%B0%E5%8A%A8%E6%BC%AB&type=yy, From: subscribe, IPv_Type: ipv6, Location: 美国, ISP: CloudFlare Inc., Date: None, Delay: -1 ms, Speed: 0.00 M/s, Resolution: None
Name: 新动漫, URL: https://migu.188766.xyz/?migutoken=5d47d298ec22868c0bb5adddcbe33f20&id=%E6%96%B0%E5%8A%A8%E6%BC%AB&type=yy, From: subscribe, IPv_Type: ipv6, Location: 美国, ISP: CloudFlare Inc., Date: None, Delay: -1 ms, Speed: 0.00 M/s, Resolution: None
Name: 新动漫, URL: https://tv.iill.top/migu/xdm&token=7d321042b2f5789d57294578c80935696c5c1326ca57bc4bb58174e879b25dd6, From: subscribe, IPv_Type: ipv6, Location: 美国, ISP: CloudFlare Inc., Date: None, Delay: -1 ms, Speed: 0.00 M/s, Resolution: None
Name: 新动漫, URL: https://migu.188766.xyz/?migutoken=abd1a1662fd490eaf341cf605e2737d7&id=%E6%96%B0%E5%8A%A8%E6%BC%AB&type=yy, From: subscribe, IPv_Type: ipv6, Location: 美国, ISP: CloudFlare Inc., Date: None, Delay: -1 ms, Speed: 0.00 M/s, Resolution: None
Name: 新动漫, URL: https://tv.iill.top/migu/xdm&token=d25986dec232345e7d991eb80f90d884b6037b42c12c8b793d52ff710cbe29b7, From: subscribe, IPv_Type: ipv6, Location: 美国, ISP: CloudFlare Inc., Date: None, Delay: -1 ms, Speed: 0.00 M/s, Resolution: None
Name: 新动漫, URL: https://migu.188766.xyz/?migutoken=34fb20f1f773d04931fe481f123355c8&id=%E6%96%B0%E5%8A%A8%E6%BC%AB&type=yy, From: subscribe, IPv_Type: ipv6, Location: 美国, ISP: CloudFlare Inc., Date: None, Delay: -1 ms, Speed: 0.00 M/s, Resolution: None
Name: 新动漫, URL: https://migu.188766.xyz/?migutoken=7fdd4d1404076dfd405a913bb2714246&id=%E6%96%B0%E5%8A%A8%E6%BC%AB&type=yy, From: subscribe, IPv_Type: ipv6, Location: 美国, ISP: CloudFlare Inc., Date: None, Delay: -1 ms, Speed: 0.00 M/s, Resolution: None
Name: 新动漫, URL: https://migu.188766.xyz/?migutoken=6885c858e489efddd2cdb4e1e1894117&id=%E6%96%B0%E5%8A%A8%E6%BC%AB&type=yy, From: subscribe, IPv_Type: ipv6, Location: 美国, ISP: CloudFlare Inc., Date: None, Delay: -1 ms, Speed: 0.00 M/s, Resolution: None
Name: 新动漫, URL: https://migu.188766.xyz/?migutoken=cce2dc15f6e15e3e41ee1e4e2699c3f8&id=%E6%96%B0%E5%8A%A8%E6%BC%AB&type=yy, From: subscribe, IPv_Type: ipv6, Location: 美国, ISP: CloudFlare Inc., Date: None, Delay: -1 ms, Speed: 0.00 M/s, Resolution: None
Name: 新动漫, URL: https://migu.188766.xyz/?migutoken=0fcd096ad9a8cfa8c6b2b8d2ea06cbbb&id=%E6%96%B0%E5%8A%A8%E6%BC%AB&type=yy, From: subscribe, IPv_Type: ipv6, Location: 美国, ISP: CloudFlare Inc., Date: None, Delay: -1 ms, Speed: 0.00 M/s, Resolution: None
Name: 新动漫, URL: https://migu.188766.xyz/?migutoken=0e568dbf7d9f23719631234b30e4be53&id=%E6%96%B0%E5%8A%A8%E6%BC%AB&type=yy, From: subscribe, IPv_Type: ipv6, Location: 美国, ISP: CloudFlare Inc., Date: None, Delay: -1 ms, Speed: 0.00 M/s, Resolution: None
Name: 青春动漫, URL: http://[2409:8087:5e00:24::2d]:6610/000000001000/1/5000000011000288008/index.m3u8?channel-id=bestzb&Contentid=5000000011000288008&livemode=1&stbId=YanG-1989, From: subscribe, IPv_Type: ipv6, Location: 中国, ISP: 中国移动, Date: None, Delay: -1 ms, Speed: 0.00 M/s, Resolution: 1920x1080
Name: 青春动漫, URL: https://live.v1.mk/api/bestv.php?id=qcdm8m/8000000, From: subscribe, IPv_Type: ipv6, Location: 美国, ISP: CloudFlare Inc., Date: None, Delay: -1 ms, Speed: 0.00 M/s, Resolution: 1920x1080
Name: 爱动漫, URL: http://hwltc.tv.cdn.zj.chinamobile.com/PLTV/88888888/224/3221235628/1/index.m3u8?fmt=ts2hls, From: subscribe, IPv_Type: ipv6, Location: 中国, ISP: 中国移动, Date: None, Delay: -1 ms, Speed: 0.00 M/s, Resolution: None
Name: CN卡通, URL: https://cdn.iptv8k.top/dl/jrys.php?id=364&time=20240926215313&ip=111.229.253.40, From: subscribe, IPv_Type: ipv4, Location: 美国, ISP: CloudFlare节点, Date: None, Delay: 14 ms, Speed: 22.14 M/s, Resolution: 1920x1080
Name: 金鹰卡通, URL: https://stream1.freetv.fun/jin-ying-qia-tong-32.ctv, From: subscribe, IPv_Type: ipv6, Location: 美国, ISP: CloudFlare Inc., Date: None, Delay: -1 ms, Speed: 0.00 M/s, Resolution: None
Name: 金鹰卡通, URL: https://stream1.freetv.fun/jin-ying-qia-tong-19.m3u8, From: subscribe, IPv_Type: ipv6, Location: 美国, ISP: CloudFlare Inc., Date: None, Delay: -1 ms, Speed: 0.00 M/s, Resolution: None
Name: 黑莓动画, URL: http://php.jdshipin.com/TVOD/hnyd.php?id=200000001898/460000089800010002, From: subscribe, IPv_Type: ipv6, Location: 美国, ISP: CloudFlare Inc., Date: None, Delay: -1 ms, Speed: 0.00 M/s, Resolution: 1920x1080
Name: 黑莓动画, URL: http://otttv.bj.chinamobile.com/PLTV/88888888/224/3221226935/1.m3u8?GuardEncType=2&accountinfo=%7E%7EV2.0%7EUc618y1E09GbQwwuOzEKaQ%7EtP4-l0lmSfjwLWEfK_el1vH_mv-s1zo4AQJwdedaVwG9xkuFTDg8J26cwOrNJzn20BErrHdLhuZ9EzLUCD3PMW-OMx4MGteHV2vLeW6BqoY%2CEND, From: subscribe, IPv_Type: ipv6, Location: 中国, ISP: 中国移动, Date: None, Delay: -1 ms, Speed: 0.00 M/s, Resolution: 1920x1080
Name: 黑莓动画, URL: http://[2409:8087:8:21::18]:6610/otttv.bj.chinamobile.com/PLTV/88888888/224/3221226935/1.m3u8, From: subscribe, IPv_Type: ipv6, Location: 中国, ISP: 中国移动, Date: None, Delay: -1 ms, Speed: 0.00 M/s, Resolution: 1920x1080
Name: 黑莓动画, URL: http://[2409:8087:1a01:df::4007]:80/TVOD/88888888/224/3221225529/main.m3u8, From: subscribe, IPv_Type: ipv6, Location: 中国, ISP: 中国移动, Date: None, Delay: -1 ms, Speed: 0.00 M/s, Resolution: 1920x1080
Name: 黑莓动画, URL: http://ottrrs.hl.chinamobile.com/TVOD/88888888/224/3221225662/index.m3u8, From: subscribe, IPv_Type: ipv6, Location: 中国, ISP: 中国移动, Date: None, Delay: -1 ms, Speed: 0.00 M/s, Resolution: 1920x1080
Name: 黑莓动画, URL: http://[2409:8087:1a0b:df::4006]:80/ottrrs.hl.chinamobile.com/PLTV/88888888/224/3221225662/index.m3u8, From: subscribe, IPv_Type: ipv6, Location: 中国, ISP: 中国移动, Date: None, Delay: -1 ms, Speed: 0.00 M/s, Resolution: 1920x1080
Name: 黑莓动画, URL: http://[2409:8087:5e00:24::1e]:6060/200000001898/460000089800010002/1.m3u8, From: subscribe, IPv_Type: ipv6, Location: 中国, ISP: 中国移动, Date: None, Delay: -1 ms, Speed: 0.00 M/s, Resolution: None
Name: 黑莓动画, URL: http://[2409:8087:5e08:25::16]:6610/200000001898/460000089800010002/1.m3u8, From: subscribe, IPv_Type: ipv6, Location: 中国, ISP: 中国移动, Date: None, Delay: -1 ms, Speed: 0.00 M/s, Resolution: None
Name: 黑莓动画, URL: http://111.43.126.240:9003/hls/100/index.m3u8, From: subscribe, IPv_Type: ipv4, Location: 中国-黑龙江, ISP: 移动, Date: None, Delay: 190 ms, Speed: 0.00 M/s, Resolution: 1920x1080
Name: 炫动卡通, URL: http://php.jdshipin.com/TVOD/hnyd.php?id=200000001898/460000089800010117, From: subscribe, IPv_Type: ipv6, Location: 美国, ISP: CloudFlare Inc., Date: None, Delay: -1 ms, Speed: 0.00 M/s, Resolution: None
Name: 炫动卡通, URL: http://[2409:8087:8:21::18]:6610/otttv.bj.chinamobile.com/PLTV/88888888/224/3221226931/1.m3u8, From: subscribe, IPv_Type: ipv6, Location: 中国, ISP: 中国移动, Date: None, Delay: -1 ms, Speed: 0.00 M/s, Resolution: None
Name: 炫动卡通, URL: https://stream1.freetv.fun/ipv6-ha-ha-xuan-dong-10.m3u8, From: subscribe, IPv_Type: ipv6, Location: 美国, ISP: CloudFlare Inc., Date: None, Delay: -1 ms, Speed: 0.00 M/s, Resolution: None
Name: 炫动卡通, URL: http://[2409:8087:1a15:10d1::39]/ottrrs.hl.chinamobile.com/PLTV/88888888/224/3221225657/index.m3u8, From: subscribe, IPv_Type: ipv6, Location: 中国, ISP: 中国移动, Date: None, Delay: -1 ms, Speed: 0.00 M/s, Resolution: None
Name: 炫动卡通, URL: http://[2409:8087:5e08:25::16]:6610/200000001898/460000089800010117/1.m3u8, From: subscribe, IPv_Type: ipv6, Location: 中国, ISP: 中国移动, Date: None, Delay: -1 ms, Speed: 0.00 M/s, Resolution: None
Name: 炫动卡通, URL: http://183.237.95.108:9901/tsfile/live/1100_1.m3u8?key=txiptv&playlive=0&authid=0, From: subscribe, IPv_Type: ipv4, Location: 中国-广东-梅州, ISP: 移动, Date: None, Delay: 9217 ms, Speed: 0.25 M/s, Resolution: 720x576
Name: 炫动卡通, URL: http://218.15.183.23:9901/tsfile/live/23042_1.m3u8, From: subscribe, IPv_Type: ipv4, Location: 中国-广东-梅州, ISP: 电信, Date: None, Delay: 10752 ms, Speed: 0.06 M/s, Resolution: 720x576
Name: 炫动卡通, URL: rtsp://118.212.169.207:554/PLTV/88888888/224/3221226968/10000100000000060000000000568712_0.smil, From: subscribe, IPv_Type: ipv4, Location: 中国-江西, ISP: 联通, Date: None, Delay: 10006 ms, Speed: 0.00 M/s, Resolution: None
Name: 炫动卡通, URL: rtsp://115.153.245.70/PLTV/88888888/224/3221225583/iptv7982.smil, From: subscribe, IPv_Type: ipv4, Location: 中国-江西-宜春, ISP: 电信, Date: None, Delay: 10006 ms, Speed: 0.00 M/s, Resolution: None
Name: 炫动卡通, URL: rtsp://115.153.254.81/PLTV/88888888/224/3221225583/iptv7982.smil, From: subscribe, IPv_Type: ipv4, Location: 中国-江西-宜春, ISP: 电信, Date: None, Delay: 10005 ms, Speed: 0.00 M/s, Resolution: None
Name: 炫动卡通, URL: rtsp://115.153.240.228:554/PLTV/88888888/224/3221225583/iptv7982.smil, From: subscribe, IPv_Type: ipv4, Location: 中国-江西-宜春, ISP: 电信, Date: None, Delay: 10007 ms, Speed: 0.00 M/s, Resolution: None
Name: 炫动卡通, URL: rtsp://115.153.212.72/PLTV/88888888/224/3221225583/iptv7982.smil, From: subscribe, IPv_Type: ipv4, Location: 中国-江西-宜春, ISP: 电信, Date: None, Delay: 10007 ms, Speed: 0.00 M/s, Resolution: None
Name: 炫动卡通, URL: rtsp://115.153.247.80/PLTV/88888888/224/3221225583/iptv7982.smil, From: subscribe, IPv_Type: ipv4, Location: 中国-江西-宜春, ISP: 电信, Date: None, Delay: 10005 ms, Speed: 0.00 M/s, Resolution: None
Name: 炫动卡通, URL: rtsp://115.153.230.145/PLTV/88888888/224/3221225583/iptv7982.smil, From: subscribe, IPv_Type: ipv4, Location: 中国-江西-宜春, ISP: 电信, Date: None, Delay: 10005 ms, Speed: 0.00 M/s, Resolution: None
Name: 炫动卡通, URL: rtsp://115.153.222.112:554/PLTV/88888888/224/3221225583/iptv7982.smil, From: subscribe, IPv_Type: ipv4, Location: 中国-江西-宜春, ISP: 电信, Date: None, Delay: 10006 ms, Speed: 0.00 M/s, Resolution: None
Name: 炫动卡通, URL: rtsp://115.153.233.154/PLTV/88888888/224/3221225583/iptv7982.smil, From: subscribe, IPv_Type: ipv4, Location: 中国-江西-宜春, ISP: 电信, Date: None, Delay: 10005 ms, Speed: 0.00 M/s, Resolution: None
Name: 炫动卡通, URL: http://111.43.126.240:9003/hls/72/index.m3u8, From: subscribe, IPv_Type: ipv4, Location: 中国-黑龙江, ISP: 移动, Date: None, Delay: 184 ms, Speed: 0.00 M/s, Resolution: 720x576
Name: 七龙珠, URL: https://live.ottiptv.cc/huya/11601966, From: subscribe, IPv_Type: ipv6, Location: 美国-加利福尼亚州-圣克拉拉, ISP: DigitalOcean, Date: None, Delay: -1 ms, Speed: 0.00 M/s, Resolution: None
Name: 火影忍者, URL: http://cdn.jdshipin.com:8880/huya.php?id=29465866, From: subscribe, IPv_Type: ipv6, Location: 美国, ISP: CloudFlare Inc., Date: None, Delay: 2682 ms, Speed: 0.23 M/s, Resolution: 1920x1080
Name: 海绵宝宝, URL: https://live.metshop.top/douyu/3949681, From: subscribe, IPv_Type: ipv6, Location: 美国, ISP: CloudFlare Inc., Date: None, Delay: 506 ms, Speed: 0.38 M/s, Resolution: 1920x1080
Name: 中华小当家, URL: https://live.metshop.top/huya/11342413, From: subscribe, IPv_Type: ipv6, Location: 美国, ISP: CloudFlare Inc., Date: None, Delay: -1 ms, Speed: 0.00 M/s, Resolution: 1920x1080
Name: 中华小当家, URL: https://live.iill.top/huya/11342413, From: subscribe, IPv_Type: ipv6, Location: 美国, ISP: CloudFlare Inc., Date: None, Delay: -1 ms, Speed: 0.00 M/s, Resolution: 1920x1080
Name: 中华小当家, URL: http://www.douzhicloud.site:35455/huya/11342413, From: subscribe, IPv_Type: ipv4, Location: 中国-北京-北京, ISP: 联通, Date: None, Delay: 610 ms, Speed: 0.20 M/s, Resolution: 640x432
Name: 中华小当家, URL: http://61.221.215.25:8800/hls/40/index.m3u8, From: subscribe, IPv_Type: ipv4, Location: 中国-台湾, ISP: 中华电信, Date: None, Delay: 283 ms, Speed: 0.00 M/s, Resolution: None
Name: 猫和老鼠, URL: https://live.iill.top/huya/11352879, From: subscribe, IPv_Type: ipv6, Location: 美国, ISP: CloudFlare Inc., Date: None, Delay: -1 ms, Speed: 0.00 M/s, Resolution: 1920x1080
Name: 猫和老鼠, URL: http://live.iill.top/huya.php?id=11352879, From: subscribe, IPv_Type: ipv6, Location: 美国, ISP: CloudFlare Inc., Date: None, Delay: -1 ms, Speed: 0.00 M/s, Resolution: 1920x1080
Name: 猫和老鼠, URL: http://www.douzhicloud.site:35455/huya/11352879, From: subscribe, IPv_Type: ipv4, Location: 中国-北京-北京, ISP: 联通, Date: None, Delay: 446 ms, Speed: 0.21 M/s, Resolution: 720x576
Name: 经典动漫, URL: https://www.goodiptv.club/yy/22777075, From: subscribe, IPv_Type: ipv6, Location: 美国, ISP: CloudFlare Inc., Date: None, Delay: 62 ms, Speed: 6.73 M/s, Resolution: 1920x1080
Name: 蜡笔小新, URL: http://www.douzhicloud.site:35455/bilibili/30837590, From: subscribe, IPv_Type: ipv4, Location: 中国-北京-北京, ISP: 联通, Date: None, Delay: 36 ms, Speed: 12.15 M/s, Resolution: 1920x1080
Name: 漫画解说, URL: https://www.goodiptv.club/douyu/5907076, From: subscribe, IPv_Type: ipv6, Location: 美国, ISP: CloudFlare Inc., Date: None, Delay: 395 ms, Speed: 0.11 M/s, Resolution: 1920x1080
Name: 游戏风云, URL: http://[2409:8087:1e01:23::10]:8112/000000001000/5000000002000027005/1.m3u8?channel-id=bestzb&Contentid=5000000002000027005&livemode=1&stbId=m, From: subscribe, IPv_Type: ipv6, Location: 中国, ISP: 中国移动, Date: None, Delay: -1 ms, Speed: 0.00 M/s, Resolution: None
Name: 游戏风云, URL: http://[2409:8087:1e01:23::10]:8112/000000001000/5000000011000031114/1.m3u8?channel-id=bestzb&Contentid=5000000011000031114&livemode=1&stbId=m, From: subscribe, IPv_Type: ipv6, Location: 中国, ISP: 中国移动, Date: None, Delay: -1 ms, Speed: 0.00 M/s, Resolution: None
Name: 电竞天堂, URL: http://[2409:8087:5e00:24::2d]:6610/000000001000/1/5000000011000288003/index.m3u8?channel-id=bestzb&Contentid=5000000011000288003&livemode=1&stbId=YanG-1989, From: subscribe, IPv_Type: ipv6, Location: 中国, ISP: 中国移动, Date: None, Delay: -1 ms, Speed: 0.00 M/s, Resolution: 1920x1080
Name: 爱电竞, URL: http://php.jdshipin.com:8880/itv6s.php?cid=wasusyt&id=6000000006000230630, From: subscribe, IPv_Type: ipv6, Location: 美国, ISP: CloudFlare Inc., Date: None, Delay: -1 ms, Speed: 0.00 M/s, Resolution: 1920x1080
Name: CCTV-15, URL: https://migu.188766.xyz/?migutoken=0b0ddd1ec271ea8399273668a4e404ab&id=CCTV15&type=yy, From: subscribe, IPv_Type: ipv6, Location: 美国, ISP: CloudFlare Inc., Date: None, Delay: -1 ms, Speed: 0.00 M/s, Resolution: None
Name: CCTV-15, URL: https://iptv.catvod.com/live.php?id=CCTV-15, From: subscribe, IPv_Type: ipv6, Location: 美国, ISP: CloudFlare Inc., Date: None, Delay: -1 ms, Speed: 0.00 M/s, Resolution: None
Name: CCTV-15, URL: https://migu.188766.xyz/?migutoken=fa2ba6b05a9b9248d2835a2bd9a53518&id=CCTV15&type=yy, From: subscribe, IPv_Type: ipv6, Location: 美国, ISP: CloudFlare Inc., Date: None, Delay: -1 ms, Speed: 0.00 M/s, Resolution: None
Name: CCTV-15, URL: https://migu.188766.xyz/?migutoken=02abf76c572637b3004c6952453fdc6b&id=CCTV15&type=yy, From: subscribe, IPv_Type: ipv6, Location: 美国, ISP: CloudFlare Inc., Date: None, Delay: -1 ms, Speed: 0.00 M/s, Resolution: None
Name: CCTV-15, URL: https://migu.188766.xyz/?migutoken=a209f0cad9c5df58a359353e1664812a&id=CCTV15&type=yy, From: subscribe, IPv_Type: ipv6, Location: 美国, ISP: CloudFlare Inc., Date: None, Delay: -1 ms, Speed: 0.00 M/s, Resolution: None
Name: CCTV-15, URL: https://migu.188766.xyz/?migutoken=c2779cbd94a5d3f8850bfe0326f92a51&id=CCTV15&type=yy, From: subscribe, IPv_Type: ipv6, Location: 美国, ISP: CloudFlare Inc., Date: None, Delay: -1 ms, Speed: 0.00 M/s, Resolution: None
Name: CCTV-15, URL: https://migu.188766.xyz/?migutoken=b2e16dbe7821149cf960e4d50670aa59&id=CCTV15&type=yy, From: subscribe, IPv_Type: ipv6, Location: 美国, ISP: CloudFlare Inc., Date: None, Delay: -1 ms, Speed: 0.00 M/s, Resolution: None
Name: CCTV-15, URL: https://migu.188766.xyz/?migutoken=83f754ce7042282a8dc4ec08db5b22d2&id=CCTV15&type=yy, From: subscribe, IPv_Type: ipv6, Location: 美国, ISP: CloudFlare Inc., Date: None, Delay: -1 ms, Speed: 0.00 M/s, Resolution: None
Name: CCTV-15, URL: https://migu.188766.xyz/?migutoken=98807be25689606546f979620bdfd0a4&id=CCTV15&type=yy, From: subscribe, IPv_Type: ipv6, Location: 美国, ISP: CloudFlare Inc., Date: None, Delay: -1 ms, Speed: 0.00 M/s, Resolution: None
Name: CCTV-15, URL: https://migu.188766.xyz/?migutoken=93c37a7aee624c212c361d4f444622ff&id=CCTV15&type=yy, From: subscribe, IPv_Type: ipv6, Location: 美国, ISP: CloudFlare Inc., Date: None, Delay: -1 ms, Speed: 0.00 M/s, Resolution: None
Name: CCTV-15, URL: https://migu.188766.xyz/?migutoken=b866c9332134700c1c55178e2eac5c2b&id=CCTV15&type=yy, From: subscribe, IPv_Type: ipv6, Location: 美国, ISP: CloudFlare Inc., Date: None, Delay: -1 ms, Speed: 0.00 M/s, Resolution: None
Name: CCTV-15, URL: https://migu.188766.xyz/?migutoken=d0981e46641135a473f39c5a9d5ca509&id=CCTV15&type=yy, From: subscribe, IPv_Type: ipv6, Location: 美国, ISP: CloudFlare Inc., Date: None, Delay: -1 ms, Speed: 0.00 M/s, Resolution: None
Name: CCTV-15, URL: https://migu.188766.xyz/?migutoken=da35d716cb7adff2add966561e4b8b2b&id=CCTV15&type=yy, From: subscribe, IPv_Type: ipv6, Location: 美国, ISP: CloudFlare Inc., Date: None, Delay: -1 ms, Speed: 0.00 M/s, Resolution: None
Name: CCTV-15, URL: https://migu.188766.xyz/?migutoken=62c128cdce35040c75e0812aaaec710a&id=CCTV15&type=yy, From: subscribe, IPv_Type: ipv6, Location: 美国, ISP: CloudFlare Inc., Date: None, Delay: -1 ms, Speed: 0.00 M/s, Resolution: None
Name: CCTV-15, URL: https://migu.188766.xyz/?migutoken=3e466ce9b1a16926d961955cdcbbcc88&id=CCTV15&type=yy, From: subscribe, IPv_Type: ipv6, Location: 美国, ISP: CloudFlare Inc., Date: None, Delay: -1 ms, Speed: 0.00 M/s, Resolution: None
Name: CCTV-15, URL: https://migu.188766.xyz/?migutoken=df989cceb3c168618bb43fed0c9d89c0&id=CCTV15&type=yy, From: subscribe, IPv_Type: ipv6, Location: 美国, ISP: CloudFlare Inc., Date: None, Delay: -1 ms, Speed: 0.00 M/s, Resolution: None
Name: CCTV-15, URL: https://migu.188766.xyz/?migutoken=00817a7808836cc790dbdc17b18439a7&id=CCTV15&type=yy, From: subscribe, IPv_Type: ipv6, Location: 美国, ISP: CloudFlare Inc., Date: None, Delay: -1 ms, Speed: 0.00 M/s, Resolution: None
Name: CCTV-15, URL: https://migu.188766.xyz/?migutoken=3cda291c19cf0476f0c795c96614d132&id=CCTV15&type=yy, From: subscribe, IPv_Type: ipv6, Location: 美国, ISP: CloudFlare Inc., Date: None, Delay: -1 ms, Speed: 0.00 M/s, Resolution: None
Name: CCTV-15, URL: https://migu.188766.xyz/?migutoken=8f526cd18d34ddd149ec92a22156dcab&id=CCTV15&type=yy, From: subscribe, IPv_Type: ipv6, Location: 美国, ISP: CloudFlare Inc., Date: None, Delay: -1 ms, Speed: 0.00 M/s, Resolution: None
Name: CCTV-15, URL: https://migu.188766.xyz/?migutoken=795215860bcb0ae09d2275fda68e3645&id=CCTV15&type=yy, From: subscribe, IPv_Type: ipv6, Location: 美国, ISP: CloudFlare Inc., Date: None, Delay: -1 ms, Speed: 0.00 M/s, Resolution: None
Name: CCTV-15, URL: https://migu.188766.xyz/?migutoken=d1a9744420dca8df3afe27a88a8c33f6&id=CCTV15&type=yy, From: subscribe, IPv_Type: ipv6, Location: 美国, ISP: CloudFlare Inc., Date: None, Delay: -1 ms, Speed: 0.00 M/s, Resolution: None
Name: CCTV-15, URL: https://migu.188766.xyz/?migutoken=9f1b09530df3f1a8ebb95d0030d3eb2d&id=CCTV15&type=yy, From: subscribe, IPv_Type: ipv6, Location: 美国, ISP: CloudFlare Inc., Date: None, Delay: -1 ms, Speed: 0.00 M/s, Resolution: None
Name: CCTV-15, URL: https://migu.188766.xyz/?migutoken=6f069f1b2a496b18e24786f975c7f104&id=CCTV15&type=yy, From: subscribe, IPv_Type: ipv6, Location: 美国, ISP: CloudFlare Inc., Date: None, Delay: -1 ms, Speed: 0.00 M/s, Resolution: None
Name: CCTV-15, URL: https://migu.188766.xyz/?migutoken=e0df917e7fea07ed1063d37c56ac6695&id=CCTV15&type=yy, From: subscribe, IPv_Type: ipv6, Location: 美国, ISP: CloudFlare Inc., Date: None, Delay: -1 ms, Speed: 0.00 M/s, Resolution: None
Name: CCTV-15, URL: https://migu.188766.xyz/?migutoken=c5dd95ca79ae41cd914dc2d900f02e86&id=CCTV15&type=yy, From: subscribe, IPv_Type: ipv6, Location: 美国, ISP: CloudFlare Inc., Date: None, Delay: -1 ms, Speed: 0.00 M/s, Resolution: None
Name: CCTV-15, URL: https://migu.188766.xyz/?migutoken=e668d9533bc5513b9f8c413c30bd8532&id=CCTV15&type=yy, From: subscribe, IPv_Type: ipv6, Location: 美国, ISP: CloudFlare Inc., Date: None, Delay: -1 ms, Speed: 0.00 M/s, Resolution: None
Name: CCTV-15, URL: https://migu.188766.xyz/?migutoken=a87eddb243eabcf5edb6e65606259acf&id=CCTV15&type=yy, From: subscribe, IPv_Type: ipv6, Location: 美国, ISP: CloudFlare Inc., Date: None, Delay: -1 ms, Speed: 0.00 M/s, Resolution: None
Name: CCTV-15, URL: https://migu.188766.xyz/?migutoken=33dfe874e447134479feedae66fb0932&id=CCTV15&type=yy, From: subscribe, IPv_Type: ipv6, Location: 美国, ISP: CloudFlare Inc., Date: None, Delay: -1 ms, Speed: 0.00 M/s, Resolution: None
Name: CCTV-15, URL: https://migu.188766.xyz/?migutoken=6f5da026a3ff3cb1430cc75bae02a49f&id=CCTV15&type=yy, From: subscribe, IPv_Type: ipv6, Location: 美国, ISP: CloudFlare Inc., Date: None, Delay: -1 ms, Speed: 0.00 M/s, Resolution: None
Name: 音乐现场, URL: http://satellitepull.cnr.cn/live/wx32nmgyygb/playlist.m3u8, From: subscribe, IPv_Type: ipv4, Location: 美国-加利福尼亚州-洛杉矶, ISP: 网宿科技CDN节点, Date: None, Delay: 34 ms, Speed: 3.09 M/s, Resolution: None
Name: 音乐现场, URL: https://satellitepull.cnr.cn/live/wx32nmgyygb/playlist.m3u8, From: subscribe, IPv_Type: ipv4, Location: 美国-加利福尼亚州-洛杉矶, ISP: 网宿科技CDN节点, Date: None, Delay: 37 ms, Speed: 2.69 M/s, Resolution: None
Name: 音乐之声, URL: http://a.live.hnradio.com/yypd/radio120k_yypd.m3u8?auth_key=1588751172-0-0-d97b858279c1c86650172b9913ea4af2, From: subscribe, IPv_Type: ipv4, Location: 中国-上海-上海, ISP: 电信, Date: None, Delay: 1555 ms, Speed: 0.14 M/s, Resolution: None
Name: 潮流音乐, URL: http://play-radio-stream3.hndt.com/now/Or5au0KN/playlist.m3u8, From: subscribe, IPv_Type: ipv4, Location: 美国-伊利诺伊州-库克, ISP: 网宿CDN节点, Date: None, Delay: 6542 ms, Speed: 0.01 M/s, Resolution: None
Name: 音乐广播, URL: https://tv.iill.top/fm/552&token=7c908a370d95d78e90a9d2ba4007e5185038b0ceac7435ba90e72c77cc035ff6, From: subscribe, IPv_Type: ipv6, Location: 美国, ISP: CloudFlare Inc., Date: None, Delay: -1 ms, Speed: 0.00 M/s, Resolution: None
Name: 音乐广播, URL: https://tv.iill.top/fm/552&token=074c3dfc2f95090e006ab15f0d86b1aaef70b389a934b096ad5e6674b5724d0d, From: subscribe, IPv_Type: ipv6, Location: 美国, ISP: CloudFlare Inc., Date: None, Delay: -1 ms, Speed: 0.00 M/s, Resolution: None
Name: 音乐广播, URL: https://tv.iill.top/fm/552&token=9214268143febfaf9cbc3e9b7f092a03c3274273c99133a780217564b2ab7896, From: subscribe, IPv_Type: ipv6, Location: 美国, ISP: CloudFlare Inc., Date: None, Delay: -1 ms, Speed: 0.00 M/s, Resolution: None
Name: 音乐广播, URL: https://tv.iill.top/fm/552&token=0ba82b0a75c65ff5f1a8198b9de48d0532f0cf804be54dac2eacd7d0dbd56b0a, From: subscribe, IPv_Type: ipv6, Location: 美国, ISP: CloudFlare Inc., Date: None, Delay: -1 ms, Speed: 0.00 M/s, Resolution: None
Name: 音乐广播, URL: https://tv.iill.top/fm/552&token=bde1753ec6759720c20ecedff6ec428eed4e2dd71d1433181fa7f50b8724a5bf, From: subscribe, IPv_Type: ipv6, Location: 美国, ISP: CloudFlare Inc., Date: None, Delay: -1 ms, Speed: 0.00 M/s, Resolution: None
Name: 音乐广播, URL: https://tv.iill.top/fm/552&token=bc76ab7564df296b4275f3dc9e3cead14dfa08c65b4ac7cd82092d502cef3a24, From: subscribe, IPv_Type: ipv6, Location: 美国, ISP: CloudFlare Inc., Date: None, Delay: -1 ms, Speed: 0.00 M/s, Resolution: None
Name: 音乐广播, URL: https://tv.iill.top/fm/552&token=d01b299b3b7eff22e7b7962a052f17f146b2e5e7c020e54920b6b236fd31d6b1, From: subscribe, IPv_Type: ipv6, Location: 美国, ISP: CloudFlare Inc., Date: None, Delay: -1 ms, Speed: 0.00 M/s, Resolution: None
Name: 音乐广播, URL: https://tv.iill.top/fm/552&token=18d1c387d427be148b32f27842c48c0a118c85e789664b986bfa64b09da442be, From: subscribe, IPv_Type: ipv6, Location: 美国, ISP: CloudFlare Inc., Date: None, Delay: -1 ms, Speed: 0.00 M/s, Resolution: None
Name: 音乐广播, URL: https://tv.iill.top/fm/552&token=8eb49dbdca153f1b269c3d18030c7d754f1ea8306af7b6503a4d10a766eeb388, From: subscribe, IPv_Type: ipv6, Location: 美国, ISP: CloudFlare Inc., Date: None, Delay: -1 ms, Speed: 0.00 M/s, Resolution: None
Name: 音乐广播, URL: https://tv.iill.top/fm/552&token=cc873b50be6a990b17d9c88af404d74c691731b4e235b182fc911be142ca9d18, From: subscribe, IPv_Type: ipv6, Location: 美国, ISP: CloudFlare Inc., Date: None, Delay: -1 ms, Speed: 0.00 M/s, Resolution: None
Name: 音乐广播, URL: https://tv.iill.top/fm/552&token=17110f5021c8b8f1eeb80f79d9674d8d114f5fe770c01fb0f286b0363cd51fa9, From: subscribe, IPv_Type: ipv6, Location: 美国, ISP: CloudFlare Inc., Date: None, Delay: -1 ms, Speed: 0.00 M/s, Resolution: None
Name: 音乐广播, URL: https://tv.iill.top/fm/552&token=a1543aac9a440a1cbb3bf7933bd74c328f8b926ddd95a295b6bab0b329f1033d, From: subscribe, IPv_Type: ipv6, Location: 美国, ISP: CloudFlare Inc., Date: None, Delay: -1 ms, Speed: 0.00 M/s, Resolution: None
Name: 音乐广播, URL: https://tv.iill.top/fm/552&token=793e513846294e1a2b3e7fd78bfa0ce25e8ba37d19cb6313cd73da84af8c9508, From: subscribe, IPv_Type: ipv6, Location: 美国, ISP: CloudFlare Inc., Date: None, Delay: -1 ms, Speed: 0.00 M/s, Resolution: None
Name: 音乐广播, URL: https://tv.iill.top/fm/552&token=1fd675130e1a8d8ba12ab82e8a09c970f464712ee03e6b29f8eb3ffa4939025c, From: subscribe, IPv_Type: ipv6, Location: 美国, ISP: CloudFlare Inc., Date: None, Delay: -1 ms, Speed: 0.00 M/s, Resolution: None
Name: 音乐广播, URL: https://tv.iill.top/fm/552&token=117d5d39c573884501771422bdd22fca3be491d1a3f84d456507da001c9fbddf, From: subscribe, IPv_Type: ipv6, Location: 美国, ISP: CloudFlare Inc., Date: None, Delay: -1 ms, Speed: 0.00 M/s, Resolution: None
Name: 音乐广播, URL: https://tv.iill.top/fm/552&token=cf6471a7244b49bcc1d0e4f35e3d7d098444e38ff5914a2eb43a842a1aa7b7fd, From: subscribe, IPv_Type: ipv6, Location: 美国, ISP: CloudFlare Inc., Date: None, Delay: -1 ms, Speed: 0.00 M/s, Resolution: None
Name: 音乐广播, URL: https://tv.iill.top/fm/552&token=18effd598548ca73f836b67070db369edceeeb3bcfe196094f1f627323630175, From: subscribe, IPv_Type: ipv6, Location: 美国, ISP: CloudFlare Inc., Date: None, Delay: -1 ms, Speed: 0.00 M/s, Resolution: None
Name: 音乐广播, URL: https://tv.iill.top/fm/552&token=e4169bc5f76c64f8db7df7e474f0e7eace135527b07e0ae7004c6257edcfa66f, From: subscribe, IPv_Type: ipv6, Location: 美国, ISP: CloudFlare Inc., Date: None, Delay: -1 ms, Speed: 0.00 M/s, Resolution: None
Name: 音乐广播, URL: https://tv.iill.top/fm/552&token=cc939526aed05a9c3f42c88c61fb8cb76c2acee2ebd65691e243451029eb7b84, From: subscribe, IPv_Type: ipv6, Location: 美国, ISP: CloudFlare Inc., Date: None, Delay: -1 ms, Speed: 0.00 M/s, Resolution: None
Name: 音乐广播, URL: https://tv.iill.top/fm/552&token=7ce15d51da8e60be86cc1bde4d856274b2bd781528e9f64ff1d7d9370b9d7268, From: subscribe, IPv_Type: ipv6, Location: 美国, ISP: CloudFlare Inc., Date: None, Delay: -1 ms, Speed: 0.00 M/s, Resolution: None
Name: 音乐广播, URL: https://tv.iill.top/fm/552&token=ea4803836ab3759697c651bbaf9b16d10a6339fab2e1a980e276b15296478409, From: subscribe, IPv_Type: ipv6, Location: 美国, ISP: CloudFlare Inc., Date: None, Delay: -1 ms, Speed: 0.00 M/s, Resolution: None
Name: 音乐广播, URL: https://tv.iill.top/fm/552&token=3715e56a43ff137fc781c87e8f3354f0b0b81779b6440c51e75f763fd7e1c640, From: subscribe, IPv_Type: ipv6, Location: 美国, ISP: CloudFlare Inc., Date: None, Delay: -1 ms, Speed: 0.00 M/s, Resolution: None
Name: 音乐广播, URL: https://tv.iill.top/fm/552&token=7d321042b2f5789d57294578c80935696c5c1326ca57bc4bb58174e879b25dd6, From: subscribe, IPv_Type: ipv6, Location: 美国, ISP: CloudFlare Inc., Date: None, Delay: -1 ms, Speed: 0.00 M/s, Resolution: None
Name: 音乐广播, URL: https://tv.iill.top/fm/552&token=d25986dec232345e7d991eb80f90d884b6037b42c12c8b793d52ff710cbe29b7, From: subscribe, IPv_Type: ipv6, Location: 美国, ISP: CloudFlare Inc., Date: None, Delay: -1 ms, Speed: 0.00 M/s, Resolution: None
Name: 音乐广播, URL: https://tv.iill.top/fm/552&token=60907fd1e888dae85477cf34cc7d4797c8b8cae12fed0ec777a7dc5c3031d1cd, From: subscribe, IPv_Type: ipv6, Location: 美国, ISP: CloudFlare Inc., Date: None, Delay: -1 ms, Speed: 0.00 M/s, Resolution: None
Name: 音乐广播, URL: https://tv.iill.top/fm/552&token=48647e68dff68838be9995450d03bed19da39b180b8d1b08a21fbc77deed3dde, From: subscribe, IPv_Type: ipv6, Location: 美国, ISP: CloudFlare Inc., Date: None, Delay: -1 ms, Speed: 0.00 M/s, Resolution: None
Name: 音乐广播, URL: https://tv.iill.top/fm/552&token=c64ff03f373cb016eeebc1c3564c14243b887a6398f1467d878b2ff084b447ca, From: subscribe, IPv_Type: ipv6, Location: 美国, ISP: CloudFlare Inc., Date: None, Delay: -1 ms, Speed: 0.00 M/s, Resolution: None
Name: 音乐广播, URL: https://tv.iill.top/fm/552&token=af7ca077c09f0b979717ebc1ef4db10a6cf044f0119c2e0dfde0283fab5f2894, From: subscribe, IPv_Type: ipv6, Location: 美国, ISP: CloudFlare Inc., Date: None, Delay: -1 ms, Speed: 0.00 M/s, Resolution: None
Name: 音乐广播, URL: https://tv.iill.top/fm/552&token=2276b9830bd9e6d7f4858f72fe6095ad7d4eeb9d25164399bb076f31d3ce364b, From: subscribe, IPv_Type: ipv6, Location: 美国, ISP: CloudFlare Inc., Date: None, Delay: -1 ms, Speed: 0.00 M/s, Resolution: None
Name: 音乐广播, URL: https://tv.iill.top/fm/552&token=7dc56b7836ba34da0801979f53829b41b766cbd8791cafa0fb887c09c5dd03f0, From: subscribe, IPv_Type: ipv6, Location: 美国, ISP: CloudFlare Inc., Date: None, Delay: -1 ms, Speed: 0.00 M/s, Resolution: None
Name: 音乐广播, URL: https://tv.iill.top/fm/552&token=99ff1e919ef4ab3f77723d10b2da449d2c1e657ea243ac8b7e0e73677f9dbe83, From: subscribe, IPv_Type: ipv6, Location: 美国, ISP: CloudFlare Inc., Date: None, Delay: -1 ms, Speed: 0.00 M/s, Resolution: None
